date,Actual_BaseRate,Actual_PureExpenditure,Applied_Expenditure,Applied_AverageIncomeTaxRate,Applied_BaseRate,Applied_Policy_Source,GovView_Expenditure,GovView_AverageIncomeTaxRate,CBView_BaseRate,Statecraft_Regime,Statecraft_StressScore,Statecraft_FiscalMultiplier,Statecraft_TBillSplitMin,Statecraft_TBillSplitMax,Statecraft_DurationOverride,Statecraft_CBStressOverrideActive,Statecraft_TBillAddonValue,TBillRate,GovPreAuctionFiscalPressure_ThisStep,GovPrimaryFiscalPressure_ThisStep,GovDebtServicePressure_ThisStep,GovCompositeFiscalPressure_ThisStep,GovTargetLiquidityAbsorption_ThisStep,FiscalLiquidityAbsorptionTarget,DebtServiceLiquidityAbsorptionShare,RealSector_NetWorth_Total,GovDebt_HeldBy_FundManager,GovDebt_HeldBy_CentralBank,FM_Bonds_Face_Total,FM_TBills_Face_Total,FM_Cash_EquityFund,FM_Cash_BondFund,FM_Cash_MMF,FM_EquityFund_StockValue,FM_EquityFund_TotalAssets,FM_EquityFund_InflowsCash_ThisStep,FM_EquityFund_OutflowsCash_ThisStep,FM_EquityFund_EquityPurchasesValue_ThisStep,FM_MMF_InflowsCash_ThisStep,FM_MMF_TBillPurchasesFace_ThisStep,FM_MMF_TBillPurchasesValue_ThisStep,FM_MMF_MaturitiesCashIn_ThisStep,FM_MMF_ReinvestedCash_ThisStep,FM_MMF_TBillsForSale_Count_ThisStep,FM_MMF_TBillSaleFailed_Count_ThisStep,FM_SubscriptionFailed_Count_ThisStep,FM_SubscriptionFailed_Amount_ThisStep,GovDebt_HeldBy_RealSector_Face,GovDebt_Face_DistributionSum,PB_Reserves,PB_Equity,PB_Deposits_Total,PB_Deposits_Current_Total,PB_Deposits_Time_Total,CB_Equity,CBInitialEquityEndowment,CBTreasuryIndemnityClaim,CBTreasuryIndemnityDrawThisStep,CB_HighPoweredMoney,CB_GovDeposits,CBGovCFAutofunding_ThisStep,CBGovCFAutofunding_Total,CBGovSpendingSettlement_ThisStep,CBGovPaymentToBankSettlement_ThisStep,CBTaxSettlement_ThisStep,CBPrimaryAuctionSettlement_ThisStep,CBNetReserveInjection_PreAuction_ThisStep,CBNetReserveInjectionFromFiscal_ThisStep,CBGovCFBalance,CB_BankReserves_PrivateBank,CB_Bonds_Face_Total,CB_TBills_Face_Total,CB_LoansToPrivateBank,CB_Settle_GovSpending_Amount_ThisStep,CB_Settle_Tax_Amount_ThisStep,CB_Settle_PrimaryAuction_Amount_ThisStep,CB_Settle_GovToBank_Amount_ThisStep,CB_Settle_StrictFailures_ThisStep,CB_ReserveCreditsByMemo_TotalAmount_ThisStep,CB_ReserveCreditsByMemo_TotalCount_ThisStep,ZR_TBill_Conversion_Activated,ZR_TBill_Conversion_Amount,ZR_TBill_Conversion_ReserveShortfall_Pre,ZR_TBill_Conversion_ReserveShortfall_Post,ZR_TBill_Conversion_PB_TBills_Pre,ZR_TBill_Conversion_PB_TBills_Post,GOV_ConsolidatedFundBalance,GOV_Debt_Total,HH_Deposits_Total,HH_CashBills_Total,Identity_PrivateSectorNetWorth_Total,Identity_GovDebt_Equals_PrivateSectorNetWorth_Delta,CB_Clearing_BondsCount_ThisStep,CB_Clearing_TBillsCount_ThisStep,CB_Clearing_BondsPurchaseTotal_ThisStep,CB_Clearing_TBillsPurchaseTotal_ThisStep,CB_Clearing_CashCreatedTotal_ThisStep,GovDebt_HeldBy_Bank_EndOfStep,Bank_DebtPurchaseVolume_ThisStep,issuance_requested_total,issuance_filled_total,issuance_unfilled_total,reserve_constraint_binding,PB_AttemptedPurchaseValue_ThisStep,PB_ExecutedPurchaseValue_ThisStep,PB_BlockedByReserveConstraint,PB_RESERVE_DRAIN_PER_STEP,PB_ReserveSoftFloor_Diagnostic,FiscalBalance,DebtService_PrivateSector,DebtService_InternalPublicSector,GDP,TotalConsumption,Consumption_StateRunEnterprises,Consumption_PrivateEnterprises,Consumption_NaturalMonopolies,Consumption_CompetitiveFirms,DisposableIncome,DisposableIncome_Precarious,DisposableIncome_Accumulator,DisposableIncome_Established,DisposableIncome_HighNetWorth,CPI,InflationRate,GiniIndex,FinAssetShare_Precarious,FinAssetShare_Accumulator,FinAssetShare_Established,FinAssetShare_HighNetWorth,FinAssetPerHH_Precarious,FinAssetPerHH_Accumulator,FinAssetPerHH_Established,FinAssetPerHH_HighNetWorth,CountHH_Precarious,CountHH_Accumulator,CountHH_Established,CountHH_HighNetWorth,LiquidityPerHH_Precarious,LiquidityPerHH_Accumulator,LiquidityPerHH_Established,LiquidityPerHH_HighNetWorth,Unemployment_Rate_Overall,Unemployment_Rate_Precarious,Unemployment_Rate_Accumulator,Unemployment_Rate_Established,Unemployment_Rate_HighNetWorth,BankDebtToCB,FundManagerProfit,BankEquity,FundManagerEquity,FM_FeeIncome,FM_FeeIncome_MonthlyFixed,FM_FeeIncome_AnnualAUM,FM_FeeIncome_Total,FMInvestingHouseholdsCountCurrent,FMInvestingHouseholdsCountLagged,FMMonthlyFixedFeePerHousehold,FMMonthlyFixedFeeDue,FMMonthlyFixedFeeCollected,FMMonthlyFixedFeeWaived,FMMonthlyFixedFeeAllocatedEquity,FMMonthlyFixedFeeAllocatedBond,FMMonthlyFixedFeeAllocatedMMF,FM_FeeWaivedHouseholds_Count,FM_FeePartialCollections_Count,FM_IsAnnualFeeStep,TotalAUM,BankProfit,BankLoanAppsReceived,BankLoanAppsApproved,BankLoanAppsRejected,BankLoanAppsPendingEndOfStep,BankLoanAppsRejectedProbation,BankLoanAppsRejectedLeverage,BankLoanAppsRejectedAffordability,BankAvgServiceabilityAnchor,BankLoanAppsRejectedMissingReport,BankLoanAppsRejectedZeroAmount,BankLoanAppsRejectedBankInsolvent,BankLoanAppsRejectedStaleBorrower,BankLoanAppRejectReasonShareProbation,BankLoanAppRejectReasonShareLeverage,BankLoanAppRejectReasonShareAffordability,BankLoanAppRejectReasonShareMissingReport,BankLoanAppRejectReasonShareZeroAmount,BankLoanAppRejectReasonShareBankInsolvent,BankLoanAppRejectReasonShareStaleBorrower,BankActivePrivateLoansBalance,BankNPLBalance,BankStressedDividendLoanBalance,BankSecondaryInventoryBlocked,BankSecondaryInventoryBlockedCount,CBAuctionLiquiditySupportCount,CBAuctionLiquiditySupportAmount,CBAuctionCollateralisationBondAmount_ThisStep,CBAuctionCollateralisationTBillAmount_ThisStep,CBAuctionCollateralisationEventsCount_ThisStep,CBPhase1RepoClaimOutstanding,CBPhase1RepoDrawThisStep,CBPhase1RepoRepaymentThisStep,CBPhase1RepoInterestIncomeThisStep,PBPhase1RepoBorrowingOutstanding,PBPhase1RepoDrawThisStep,PBPhase1RepoRepaymentThisStep,PBPhase1RepoInterestExpenseThisStep,PBPhase1EncumberedBondsCount,PBPhase1EncumberedTbillsCount,PBPhase1PledgedCollateralValueBond,PBPhase1PledgedCollateralValueTbill,PBPreferredReserveFloor,PBReserveExcessAboveFloor,CBPhase1RepoSubstitutionAttemptCount,CBPhase1RepoSubstitutionSuccessCount,CBPhase1RepoSubstitutionReleasedCount,CBPhase1RepoSubstitutionAddedCount,CBPhase1RepoSubstitutionReleasedLendableValue,CBPhase1RepoSubstitutionAddedLendableValue,BankRecapitalisationTriggered,BankRecapitalisationAmount,BankLoanAppRejectionRate,BankLoanApplicationApprovalRate,BankLoanApplicationRejectionRate,BankLoanApplicationPendingRate,BankNPLRatio,BankStressedDividendLoanRatio,TotalNPLs,TotalConsumerLoans,TotalConsumerLoans_Subsistence,TotalConsumerLoans_Discretionary,HHDiscretionaryCreditRawDemand_ThisStep,HHDiscretionarySmoothedEquity_Avg_ThisStep,HHDiscretionaryConcaveWealthTerm_Avg_ThisStep,HHDiscretionaryDesiredConsumptionForCredit_Avg_ThisStep,HHDiscretionaryCreditCapBinding_Count_ThisStep,HHDiscretionaryCreditCapClipAmount_ThisStep,HHDiscretionaryRequests_Established_Count_ThisStep,HHDiscretionaryRequests_HighNetWorth_Count_ThisStep,HHDiscretionaryTrendGatePass_Established_Count_ThisStep,HHDiscretionaryTrendGatePass_HighNetWorth_Count_ThisStep,HHDiscretionaryApprovedAmount_ThisStep,HHDiscretionaryApprovedCount_ThisStep,HHDiscretionaryRequesterAvgEquityAtStart_ThisStep,HHDiscretionaryRequesterAvgDesiredExtra_ThisStep,TotalWorkingCapitalLoans,TotalDividendLoans,Dividend_Regular_Target_ThisStep,Dividend_Special_Target_ThisStep,Dividend_Regular_Paid_ThisStep,Dividend_Special_Paid_ThisStep,DividendLoan_Attempts_ThisStep,DividendLoan_Denied_ThisStep,DividendLoan_Denied_DSCR_ThisStep,Dividend_Special_Blocked_ByLoan_ThisStep,SpecialDividendRecap_Attempts_ThisStep,SpecialDividendRecap_Borrowed_ThisStep,SpecialDividendRecap_Denied_ThisStep,SpecialDividendRecap_Denied_DSCR_ThisStep,SpecialDividendRecap_Events_Count_Cum,Dividend_Regime_None_ThisStep,Dividend_Regime_RegularOnly_ThisStep,Dividend_Regime_RegularPlusSpecial_ThisStep,TotalEquity_Overall,TotalEquity_Precarious,TotalEquity_Accumulator,TotalEquity_Established,TotalEquity_HighNetWorth,EquityPerHH_Precarious,EquityPerHH_Accumulator,EquityPerHH_Established,EquityPerHH_HighNetWorth,HH_InvestTarget_Total_ThisStep,HH_Invest_Equity_ThisStep,HH_Invest_Bonds_ThisStep,HH_Invest_TBills_ThisStep,HH_Surplus_Current_Total_ThisStep,HH_InvestTarget_Desired_Total_ThisStep,HH_InvestTarget_SmoothedPreClamp_Total_ThisStep,HH_InvestTarget_AfterROC_Total_ThisStep,HH_Stage3_Clamp_ROC_Up_Count,HH_Stage3_Clamp_ROC_Down_Count,HH_Stage3_Clamp_Surplus_Count,HH_Stage3_Clamp_MaxFrac_Count,HH_Portfolio_LiquidTotal_Avg_ThisStep,HH_Portfolio_ReserveTotalTarget_Avg_ThisStep,HH_Portfolio_ReserveCurrentTarget_Avg_ThisStep,HH_Portfolio_SurplusCurrent_Avg_ThisStep,HH_Portfolio_TargetInvestment_Avg_ThisStep,HH_Portfolio_EmergencyMode_Count_ThisStep,HH_Portfolio_RedemptionRequested_Total_ThisStep,HH_Portfolio_InvestOrders_Total_ThisStep,HH_Portfolio_SurplusCurrentEMA_Avg_ThisStep,HH_Portfolio_TargetInvestmentDesired_Avg_ThisStep,HH_Portfolio_TargetInvestmentLambda_Avg_ThisStep,HH_Portfolio_TargetInvestmentSmoothedPreClamp_Avg_ThisStep,HH_Portfolio_TargetInvestmentAlpha_Avg_ThisStep,HH_Portfolio_TargetDriverSurplusRaw_Avg_ThisStep,HH_Portfolio_TargetDriverSurplusUsed_Avg_ThisStep,HH_Portfolio_Stage3_ClampHitSurplus_Count_ThisStep,HH_Portfolio_Stage3_ClampHitMaxFraction_Count_ThisStep,HH_Stage2_RiskSaleBudget_Avg_ThisStep,HH_Stage2_RiskSalesRequested_Total_ThisStep,HH_Stage2_Mode_Derisk_Count_ThisStep,HH_Stage2_Mode_Rebalance_Count_ThisStep,CumulativeTheoreticalTaxRevenue,CumulativeActualTaxRevenue,ActualTaxRevenueThisStep,TotalEquityFundValue,TotalBondFundValue,TotalMMFValue,FundManagerBondStrategy,FundManagerStrategyScoreRaw_ThisStep,FundManagerStrategyScoreSmoothed_ThisStep,FundManagerDurationPressureSignal_ThisStep,BondMarket_BaseRateInput_ThisStep,BondMarket_FMDurationPressureInput_ThisStep,BondMarket_ClearingRateShort_ThisStep,BondMarket_ClearingRateMedium_ThisStep,BondMarket_ClearingRateLong_ThisStep,AvgBondPrice,BondOutstanding_Count_0_2,BondOutstanding_FaceValue_0_2,BondOutstanding_MarketValue_0_2,BondOutstanding_AvgPrice_0_2,BondOutstanding_Count_2_7,BondOutstanding_FaceValue_2_7,BondOutstanding_MarketValue_2_7,BondOutstanding_AvgPrice_2_7,BondOutstanding_Count_7_15,BondOutstanding_FaceValue_7_15,BondOutstanding_MarketValue_7_15,BondOutstanding_AvgPrice_7_15,BondOutstanding_Count_15_plus,BondOutstanding_FaceValue_15_plus,BondOutstanding_MarketValue_15_plus,BondOutstanding_AvgPrice_15_plus,BondOutstanding_ImpliedYTM_0_2,BondOutstanding_ImpliedYTM_2_7,BondOutstanding_ImpliedYTM_7_15,BondOutstanding_ImpliedYTM_15_plus,BondYTM_ShortBucket,BondYTM_MediumBucket,BondYTM_LongBucket,BondYTM_Short_CentralBank,BondYTM_Short_PrivateBank,BondYTM_Short_FundManager,BondYTM_Medium_CentralBank,BondYTM_Medium_PrivateBank,BondYTM_Medium_FundManager,BondYTM_Long_CentralBank,BondYTM_Long_PrivateBank,BondYTM_Long_FundManager,BondSpreadVsBase_Short,BondSpreadVsBase_Medium,BondSpreadVsBase_Long,BondSpreadVsBase_Short_CentralBank,BondSpreadVsBase_Short_PrivateBank,BondSpreadVsBase_Short_FundManager,BondSpreadVsBase_Medium_CentralBank,BondSpreadVsBase_Medium_PrivateBank,BondSpreadVsBase_Medium_FundManager,BondSpreadVsBase_Long_CentralBank,BondSpreadVsBase_Long_PrivateBank,BondSpreadVsBase_Long_FundManager,BondIssuance_Count_0_2,BondIssuance_FaceValue_0_2,BondIssuance_MarketValue_0_2,BondIssuance_AvgPrice_0_2,BondIssuance_Count_2_7,BondIssuance_FaceValue_2_7,BondIssuance_MarketValue_2_7,BondIssuance_AvgPrice_2_7,BondIssuance_Count_7_15,BondIssuance_FaceValue_7_15,BondIssuance_MarketValue_7_15,BondIssuance_AvgPrice_7_15,BondIssuance_Count_15_plus,BondIssuance_FaceValue_15_plus,BondIssuance_MarketValue_15_plus,BondIssuance_AvgPrice_15_plus,BondRepacked_Count_0_2,BondRepacked_FaceValue_0_2,BondRepacked_MarketValue_0_2,BondRepacked_AvgPrice_0_2,BondRepacked_Count_2_7,BondRepacked_FaceValue_2_7,BondRepacked_MarketValue_2_7,BondRepacked_AvgPrice_2_7,BondRepacked_Count_7_15,BondRepacked_FaceValue_7_15,BondRepacked_MarketValue_7_15,BondRepacked_AvgPrice_7_15,BondRepacked_Count_15_plus,BondRepacked_FaceValue_15_plus,BondRepacked_MarketValue_15_plus,BondRepacked_AvgPrice_15_plus,BondOutstanding_TotalFaceValue,BondOutstanding_TotalMarketValue,AvgLongTermBondYield,TotalFirmOperatingProfit,TotalFirmNetProfit,Num_Firms_Total,Num_Firms_Not_Public,Num_Firms_Public,TotalMarketCap_BookValue,TotalSharesOutstanding,TotalMarketCap_MarketValue,Num_StateRunEnterprises,Num_PrivateEnterprises,NetProfit_SRE,NetProfit_PE,GovRevenue_SRE_Remittance,GovRevenue_Privatisation,Num_NaturalMonopolies,Num_CompetitiveFirms,NetProfit_Monopolies,NetProfit_Competitive,NumDefaults,FirmBankruptcies_Count_ThisStep,FirmBankruptcies_Count_Cum,FirmBankruptcies_BankLoanDefaultThreshold_ThisStep,FirmWorkouts_Count_ThisStep,FirmWorkouts_Count_Cum,FirmWorkouts_Deferments_ThisStep,FirmWorkouts_Restructures_ThisStep,DivLoan_Count_Performing,DivLoan_Count_Watchlist,DivLoan_Count_Deferred,DivLoan_Count_Restructured,DivLoan_Count_NonPerforming,DivLoan_TotalBalance_NonPerforming,DivLoan_WorkoutInterventions,DivLoan_DefermentStepsConsumed,IPOFeeIncome,IPOUnderwritingFeeCharged,IPO_RequestedValue_ThisStep,IPO_EffectiveValue_ThisStep,IPO_ListedInventoryValue_ThisStep,IPO_RequestsSubmitted_ThisStep,IPO_Attempts_ThisStep,IPO_Blocked_Total_ThisStep,IPO_PassedAllGates_ThisStep,IPO_Blocked_AlreadyPublic_ThisStep,IPO_Blocked_NoRetainedEarnings_ThisStep,IPO_Blocked_SREFloor_ThisStep,IPO_Blocked_InsufficientProfitHistory_ThisStep,IPO_Blocked_NotConsistentlyProfitable_ThisStep,IPO_Blocked_ScaleTooSmall_ThisStep,IPO_Blocked_InsufficientMarketData_ThisStep,IPO_Blocked_MarketSentimentCold_ThisStep,IPO_SentimentOverride_Count_ThisStep,PB_IPO_RequestsQueue_EndOfStep,PB_IPO_SharesForSale_Count,Bank_IPOsApproved_ThisStep,TotalApproval,TotalDisapproval,TotalDontKnow,HighNetWorthApproval,HighNetWorthDisapproval,HighNetWorthDontKnow,EstablishedApproval,EstablishedDisapproval,EstablishedDontKnow,AccumulatorApproval,AccumulatorDisapproval,AccumulatorDontKnow,PrecariousApproval,PrecariousDisapproval,PrecariousDontKnow
0,0.0,20,20,0.20,0.0,historical,0.00,0.00,0.0,recession_support,0,1.02,0,0,neutral,False,0,0.00,16.000,16.000,0,20,20.0,1.0,1,6.400000,0,20.00000000000000000000000000,0,0,0,0,0,0,0,0,0,0,0,0,0,0,0,0,0,0,0,0,20.00000000000000000000000000,6.400000,0.000000,6.400000,6.400000,0,0,0.0,20.00,20.00,6.400000,24.00000000000000000000000000,20,20,20,0,4.000,0,16.000,16.000,24.00000000000000000000000000,6.400000,0,20.00000000000000000000000000,0,20,4.000,0,0,0,30.400000,6,False,0,0,0,0,0,24.00000000000000000000000000,6.400000,6.400000,0.000000,6.400000,0.000000,0,2,0,20.00000000000000000000000000,20.00000000000000000000000000,0,0,0,0,0,False,0,0,False,0,0.0,16.000,0,0,29.60000,9.60000,5.76000,3.84000,5.76000,3.84000,16.000,16.000,0,0,0,1.0,0.0,0.00,0.0,0.0,0.0,0.0,0.0,0.0,0.0,0.0,2,0,0,0,3.200000,0.0,0.0,0.0,0.0,0.0,0.0,0.0,0.0,0,0,0.000000,0,0,0,0,0,0,0,0.0,0.0,0,0,0,0,0,0,0,0,0.0,0,0,0,0,0,0,0,0,0,0,0,0,0,0,0,0,0,0,0,0,0,0,0,False,0,0,0,0,0,0,0,0,0,0,0,0,0,0,0,0,0,0,0E-7,6.4000000,0,0,0,0,0,0,False,0,0,0,0,0,0,0,0,0,0,0,0,0,0,0,0,0,0,0,0,0,0,0,0,0,0,0,0,0,0,0,0,0,0,0,0,0,0,0,0,2,0,0,6.400000,6.400000,0,0,0,3.200000,0.0,0.0,0.0,0,0,0,0,0,0,0,0,0,0,0,0,10.0,0.00,0.00,0,0,0,0,0,0,0,0.25,0,0,0,0,0,0,0,0,0,0,4.000,4.000,4.000,0.0,0.0,0.0,short_duration,0,0.0,0.0000,0,0,0,0,0,0,0,0,0,0,0,0,0,0,0,0,0,0,0,0,0,0,0,0,0,0,0,0,0,0,0,0,0,0,0,0,0,0,0.0,0.0,0.0,0.0,0.0,0.0,0.0,0.0,0.0,0.0,0.0,0.0,0,0,0,0,0,0,0,0,0,0,0,0,0,0,0,0,0,0,0,0,0,0,0,0,0,0,0,0,0,0,0,0,0,0,0,0.0,0.0,2,2,0,0,0,0,1,1,0.0,0.0,0,0,1,1,0.0,0.0,0,0,0,0,0,0,0,0,0,0,0,0,0,0,0,0,0,0,0,0,0,0,2,2,0,0,2,0,0,0,0,0,0,0,0,0,0,0.0,100.0,0.0,0.0,0.0,0.0,0,0,0,0,0,0,0.0,100.0,0.0
1,0.0,20,20,0.20,0.0,historical,20.40,0.1960,0.0025,normal,1,1,0,0,,False,0,0.00,14.08000000,14.08000000,0,20,20.0,1.0,1,13.31200000000,0,20.00000000000000000000000000,0,0,0,0,0,0,0,0,0,0,0,0,0,0,0,0,0,0,0,0,20.00000000000000000000000000,19.71200000000,0E-11,19.71200000000,19.71200000000,0.000000,0E-26,0.0,20.00,0,19.71200000000,29.92000000000000000000000000,0,20,20,0,5.92000000,0,14.08000000,14.08000000,29.92000000000000000000000000,19.71200000000,0,20.00000000000000000000000000,0,20,5.92000000,0,0,0,48.83200000000,8,False,0,0,0,0,0,29.92000000000000000000000000,13.31200000000000000000000000,13.31200000000,0E-11,13.31200000000000000000000000,0E-26,0,2,0,20.00000000000000000000000000,20.00000000000000000000000000,0,0,0,0,0,False,0,0,False,0,0.0,14.08000000,0,0,36.7680000000,16.7680000000,10.0608000000,6.7072000000,10.0608000000,6.7072000000,23.68000000,23.68000000,0,0,0,1.0000000,0.000000,0.023076923076923076923076923,0.0,0.0,0.0,0.0,0.0,0.0,0.0,0.0,2,0,0,0,6.65600000000,0.0,0.0,0.0,0.0,0.0,0.0,0.0,0.0,0,0,0E-11,0,0,0,0,0,0,0,0.0,0.0,0,0,0,0,0,0,0,0,0.0,0,0,0,0,0,0,0,0,0,0,0,0,0,0,0,0,0,0,0,0,0,0,0,False,0,0,0,0,0,0,0,0,0,0,0,0,0,0,0,0,0,0,0E-12,19.712000000000,0,0,0,0,0,0,False,0,0,0,0,0,0,0,0,0,0,0,0,0,0,0,0,0,0,0,0,0,0,0,0,0,0,0,0,0,0,0,0,0,0,0,0,0,0,0,0,2,0,0,13.31200000000,13.31200000000,0,0,0,6.65600000000,0.0,0.0,0.0,0,0,0,0,0,0,0,0,0,0,0,0,18.000000,0E-7,0E-7,3.2000000,0,0,0,0,0,0,0.25,0,0,0,0,0,0,0,0,0,0,9.92000000,9.92000000,5.92000000,0.0,0.0,0.0,short_duration,0,0.00,0.00000,0,0,0,0,0,0,0,0,0,0,0,0,0,0,0,0,0,0,0,0,0,0,0,0,0,0,0,0,0,0,0,0,0,0,0,0,0,0,0.0,0.0,0.0,0.0,0.0,0.0,0.0,0.0,0.0,0.0,0.0,0.0,0,0,0,0,0,0,0,0,0,0,0,0,0,0,0,0,0,0,0,0,0,0,0,0,0,0,0,0,0,0,0,0,0,0,0,0.000000,0.000000,2,2,0,0,0,0,1,1,0.000000,0.000000,0,0,1,1,0.000000,0.000000,0,0,0,0,0,0,0,0,0,0,0,0,0,0,0,0,0,0,0,0,0,0,2,2,0,0,2,0,0,0,0,0,0,0,0,0,0,0.0,50.0,50.0,0.0,0.0,0.0,0,0,0,0,0,0,0.0,50.0,50.0
2,0.0,20,20,0.20,0.0,historical,20.40,0.1960,0.0050,normal,1,1,0,0,,False,0,0.00,12.6464000000000,12.6464000000000,0,20,20.0,1.0,1,19.7529600000000000,0,20.00000000000000000000000000,0,0,0,0,0,0,0,0,0,0,0,0,0,0,0,0,0,0,0,0,20.00000000000000000000000000,33.0649600000000000,0E-16,33.0649600000000000,33.0649600000000000,0E-11,0E-26,0.0,20.00,0,33.0649600000000000,37.27360000000000000000000000,0,20,20,0,7.3536000000000,0,12.6464000000000,12.6464000000000,37.27360000000000000000000000,33.0649600000000000,0,20.00000000000000000000000000,0,20,7.3536000000000,0,0,0,57.4745600000000000,8,False,0,0,0,0,0,37.27360000000000000000000000,19.75296000000000000000000000,19.7529600000000000,0E-16,19.75296000000000000000000000,0E-26,0,2,0,20.00000000000000000000000000,20.00000000000000000000000000,0,0,0,0,0,False,0,0,False,0,0.0,12.64640000000000000000000000,0,0,42.973440000000000,22.973440000000000,13.784064000000000,9.189376000000000,13.784064000000000,9.189376000000000,29.4144000000000,0,0,0,29.4144000000000,1.000000000000000000000000000,0E-29,0.036495593571798859512700881,0.0,0.0,0.0,0.0,0.0,0.0,0.0,0.0,0,0,0,2,6.65600000000,0.0,0.0,9.8764800000000000,0.0,0.0,0.0,0.0,0.0,0,0,0E-16,0,0,0,0,0,0,0,0.0,0.0,0,0,0,0,0,0,0,0,0.0,0,0,0,0,0,0,0,0,0,0,0,0,0,0,0,0,0,0,0,0,0,0,0,False,0,0,0,0,0,0,0,0,0,0,0,0,0,0,0,0,0,0,0E-17,33.06496000000000000,0,0,0,0,0,0,False,0,0,0,0,0,0,0,0,0,0,0,0,0,0,0,0,0,0,0,0,0,0,0,0,0,0,0,0,0,0,0,0,0,0,0,0,0,0,0,0,2,0,0,19.7529600000000000,0,0,0,19.7529600000000000,6.65600000000,0.0,0.0,9.8764800000000000,0,0,0,0,0,0,0,0,0,0,0,0,25.04000000000,0E-12,0E-12,6.656000000000,0,0,0,0,0,0,0.45,0,0,0,0,0,0,0,0,0,0,17.2736000000000,17.2736000000000,7.3536000000000,0.0,0.0,0.0,yield_seeking,0,0.000,0.000000,0,0,0,0,0,0,0,0,0,0,0,0,0,0,0,0,0,0,0,0,0,0,0,0,0,0,0,0,0,0,0,0,0,0,0,0,0,0,0.0,0.0,0.0,0.0,0.0,0.0,0.0,0.0,0.0,0.0,0.0,0.0,0,0,0,0,0,0,0,0,0,0,0,0,0,0,0,0,0,0,0,0,0,0,0,0,0,0,0,0,0,0,0,0,0,0,0,0E-11,0E-11,2,2,0,0,0,0,1,1,0E-11,0E-11,0,0,1,1,0E-11,0E-11,0,0,0,0,0,0,0,0,0,0,0,0,0,0,0,0,0,0,0,0,0,0,2,2,0,0,2,0,0,0,0,0,0,0,0,0,0,50.0,0.0,50.0,50.0,0.0,50.0,0,0,0,0,0,0,0.0,0.0,0.0
3,0.0,20,20,0.20,0.0,historical,8.5946880000000000,0.20,0.0075,normal,0,1,0,0,,False,0,0.00,11.405312000000000000,11.405312000000000000,0,20,20.0,1.0,1,25.60327680000000000000,0,20.00000000000000000000000000,0,0,0,0,0,0,0,0,0,0,0,0,0,0,0,0,0,0,0,0,20.00000000000000000000000000,54.131712000000000000,0E-26,54.13171200000000000000000000,54.13171200000000000000000000,0E-26,0E-26,0.0,20.00,0,54.131712000000000000,45.86828800000000000000000000,0,20,20,0,8.594688000000000000,0,11.405312000000000000,11.405312000000000000,45.86828800000000000000000000,54.131712000000000000,0,20.00000000000000000000000000,0,20,8.594688000000000000,0,0,0,29.661440000000000,4,False,0,0,0,0,0,45.86828800000000000000000000,25.60327680000000000000000000,25.60327680000000000000,0E-16,25.60327680000000000000000000,0E-26,0,2,0,20.00000000000000000000000000,20.00000000000000000000000000,0,0,0,0,0,False,0,0,False,0,0.0,11.40531200000000000000000000,0,0,48.52843520000000000000,28.52843520000000000000,17.11706112000000000000,11.41137408000000000000,17.11706112000000000000,11.41137408000000000000,34.378752000000000000,0,0,0,34.378752000000000000,1.000000000000000000000000000,0E-29,0.045606962308824470467780124,0.0,0.0,0.0,0.0,0.0,0.0,0.0,0.0,0,0,0,2,6.65600000000,0.0,0.0,12.80163840000000000000,0.0,0.0,0.0,0.0,0.0,0,0,0E-26,0,0,0,0,0,0,0,0.0,0.0,0,0,0,0,0,0,0,0,0.0,0,0,0,0,0,0,0,0,0,0,0,0,0,0,0,0,0,0,0,0,0,0,0,False,0,0,0,0,0,0,0,0,0,0,0,0,0,0,0,0,0,0,0E-27,54.13171200000000000000000000,0,0,0,0,0,0,False,0,0,0,0,0,0,0,0,0,0,0,0,0,0,0,0,0,0,0,0,0,0,0,0,0,0,0,0,0,0,0,0,0,0,0,0,0,0,0,0,2,0,0,25.60327680000000000000,0,0,0,25.60327680000000000000,6.65600000000,0.0,0.0,12.80163840000000000000,0,0,0,0,0,0,0,0,0,0,0,0,31.3632000000000000,0E-17,0E-17,31.36320000000000000,0,0,0,0,0,0,0.45,0,0,0,0,0,0,0,0,0,0,25.868288000000000000,25.868288000000000000,8.594688000000000000,0.0,0.0,0.0,yield_seeking,0,0.0000,0E-7,0,0,0,0,0,0,0,0,0,0,0,0,0,0,0,0,0,0,0,0,0,0,0,0,0,0,0,0,0,0,0,0,0,0,0,0,0,0,0.0,0.0,0.0,0.0,0.0,0.0,0.0,0.0,0.0,0.0,0.0,0.0,0,0,0,0,0,0,0,0,0,0,0,0,0,0,0,0,0,0,0,0,0,0,0,0,0,0,0,0,0,0,0,0,0,0,0,0E-16,0E-16,2,2,0,0,0,0,1,1,0E-16,0E-16,0,0,1,1,0E-16,0E-16,0,0,0,0,0,0,0,0,0,0,0,0,0,0,0,0,0,0,0,0,0,0,2,2,0,0,2,0,0,0,0,0,0,0,0,0,0,50.0,0.0,50.0,50.0,0.0,50.0,0,0,0,0,0,0,0.0,0.0,0.0
4,0.0,20,20,0.20,0.0,historical,9.705687040000000000000,0.20,0.0100,normal,0,1,0,0,,False,0,0.00,10.29431296000000000000000,10.29431296000000000000000,0,20,20.0,1.0,1,30.8910653440000000000000000,0,20.00000000000000000000000000,0,0,0,0,0,0,0,0,0,0,0,0,0,0,0,0,0,0,0,0,20.00000000000000000000000000,64.42602496000000000000000,0E-26,64.42602496000000000000000000,64.42602496000000000000000000,0E-26,0E-26,0.0,20.00,0,64.42602496000000000000000,55.57397504000000000000000000,0,20,20,0,9.70568704000000000000000,0,10.29431296000000000000000,10.29431296000000000000000,55.57397504000000000000000000,64.42602496000000000000000,0,20.00000000000000000000000000,0,20,9.70568704000000000000000,0,0,0,20,2,False,0,0,0,0,0,55.57397504000000000000000000,30.89106534400000000000000000,30.8910653440000000000000000,0E-16,30.89106534400000000000000000,0E-26,0,2,0,20.00000000000000000000000000,20.00000000000000000000000000,0,0,0,0,0,False,0,0,False,0,0.0,10.29431296000000000000000000,0,0,53.5349596160000000000000000,33.5349596160000000000000000,20.1209757696000000000000000,13.4139838464000000000000000,20.1209757696000000000000000,13.4139838464000000000000000,38.82274816000000000000000,0,0,0,38.82274816000000000000000,1.000000000000000000000000000,0E-29,0.052232660687870901290467323,0.0,0.0,0.0,0.0,0.0,0.0,0.0,0.0,0,0,0,2,6.65600000000,0.0,0.0,15.4455326720000000000000000,0.0,0.0,0.0,0.0,0.0,0,0,0E-26,0,0,0,0,0,0,0,0.0,0.0,0,0,0,0,0,0,0,0,0.0,0,0,0,0,0,0,0,0,0,0,0,0,0,0,0,0,0,0,0,0,0,0,0,False,0,0,0,0,0,0,0,0,0,0,0,0,0,0,0,0,0,0,0E-27,64.42602496000000000000000000,0,0,0,0,0,0,False,0,0,0,0,0,0,0,0,0,0,0,0,0,0,0,0,0,0,0,0,0,0,0,0,0,0,0,0,0,0,0,0,0,0,0,0,0,0,0,0,2,0,0,30.8910653440000000000000000,0,0,0,30.8910653440000000000000000,6.65600000000,0.0,0.0,15.4455326720000000000000000,0,0,0,0,0,0,0,0,0,0,0,0,37.065856000000000000000,0E-22,0E-22,37.0658560000000000000000,0,0,0,0,0,0,0.45,0,0,0,0,0,0,0,0,0,0,35.57397504000000000000000,35.57397504000000000000000,9.70568704000000000000000,0.0,0.0,0.0,short_duration,0,0.00000,0E-8,0,0,0,0,0,0,0,0,0,0,0,0,0,0,0,0,0,0,0,0,0,0,0,0,0,0,0,0,0,0,0,0,0,0,0,0,0,0,0.0,0.0,0.0,0.0,0.0,0.0,0.0,0.0,0.0,0.0,0.0,0.0,0,0,0,0,0,0,0,0,0,0,0,0,0,0,0,0,0,0,0,0,0,0,0,0,0,0,0,0,0,0,0,0,0,0,0,0E-21,0E-21,2,2,0,0,0,0,1,1,0E-21,0E-21,0,0,1,1,0E-21,0E-21,0,0,0,0,0,0,0,0,0,0,0,0,0,0,0,0,0,0,0,0,0,0,2,2,0,0,2,0,0,0,0,0,0,0,0,0,0,50.0,0.0,50.0,50.0,0.0,50.0,0,0,0,0,0,0,0.0,0.0,0.0
5,0.0,20,20,0.20,0.0,historical,10.70699192320000000000000000,0.20,0.0125,normal,0,1,0,0,,False,0,0.00,9.29300807680000000000000000,9.29300807680000000000000000,0,20,20.0,1.0,1,35.66582628352000000000000000,0,20.00000000000000000000000000,0,0,0,0,0,0,0,0,0,0,0,0,0,0,0,0,0,0,0,0,20.00000000000000000000000000,73.71903303680000000000000000,0E-26,73.71903303680000000000000000,73.71903303680000000000000000,0E-26,0E-27,0.0,20.00,0,73.71903303680000000000000000,66.28096696320000000000000000,0,20,20,0,10.70699192320000000000000000,0,9.29300807680000000000000000,9.29300807680000000000000000,66.28096696320000000000000000,73.71903303680000000000000000,0,20.00000000000000000000000000,0,20,10.70699192320000000000000000,0,0,0,20,2,False,0,0,0,0,0,66.28096696320000000000000000,35.66582628352000000000000000,35.66582628352000000000000000,0E-16,35.66582628352000000000000000,0E-26,0,2,0,20.00000000000000000000000000,20.00000000000000000000000000,0,0,0,0,0,False,0,0,False,0,0.0,9.29300807680000000000000000,0,0,58.05320675328000000000000000,38.05320675328000000000000000,22.83192405196800000000000000,15.22128270131200000000000000,22.83192405196800000000000000,15.22128270131200000000000000,42.82796769280000000000000000,0,0,0,42.82796769280000000000000000,1.000000000000000000000000000,0E-29,0.057232158653091011509887263,0.0,0.0,0.0,0.0,0.0,0.0,0.0,0.0,0,0,0,2,6.65600000000,0.0,0.0,17.83291314176000000000000000,0.0,0.0,0.0,0.0,0.0,0,0,0E-26,0,0,0,0,0,0,0,0.0,0.0,0,0,0,0,0,0,0,0,0.0,0,0,0,0,0,0,0,0,0,0,0,0,0,0,0,0,0,0,0,0,0,0,0,False,0,0,0,0,0,0,0,0,0,0,0,0,0,0,0,0,0,0,0E-27,73.71903303680000000000000000,0,0,0,0,0,0,False,0,0,0,0,0,0,0,0,0,0,0,0,0,0,0,0,0,0,0,0,0,0,0,0,0,0,0,0,0,0,0,0,0,0,0,0,0,0,0,0,2,0,0,35.66582628352000000000000000,0,0,0,35.66582628352000000000000000,6.65600000000,0.0,0.0,17.83291314176000000000000000,0,0,0,0,0,0,0,0,0,0,0,0,42.21301248000000000000000000,0E-26,0E-26,42.21301248000000000000000000,0,0,0,0,0,0,0.45,0,0,0,0,0,0,0,0,0,0,46.28096696320000000000000000,46.28096696320000000000000000,10.70699192320000000000000000,0.0,0.0,0.0,short_duration,0,0.000000,0E-9,0,0,0,0,0,0,0,0,0,0,0,0,0,0,0,0,0,0,0,0,0,0,0,0,0,0,0,0,0,0,0,0,0,0,0,0,0,0,0.0,0.0,0.0,0.0,0.0,0.0,0.0,0.0,0.0,0.0,0.0,0.0,0,0,0,0,0,0,0,0,0,0,0,0,0,0,0,0,0,0,0,0,0,0,0,0,0,0,0,0,0,0,0,0,0,0,0,0E-26,0E-26,2,2,0,0,0,0,1,1,0E-26,0E-26,0,0,1,1,0E-26,0E-26,0,0,0,0,0,0,0,0,0,0,0,0,0,0,0,0,0,0,0,0,0,0,2,2,0,0,2,0,0,0,0,0,0,0,0,0,0,50.0,0.0,50.0,50.0,0.0,50.0,0,0,0,0,0,0,0.0,0.0,0.0
6,0.0,20,20,0.20,0.0,historical,11.61064135065600000000000000,0.20,0.0150,normal,0,1,0,0,,False,0,0.00,8.38935864934400000000000000,8.38935864934400000000000000,0,20,20.0,1.0,1,39.97652193116160000000000000,0,20.00000000000000000000000000,0,0,0,0,0,0,0,0,0,0,0,0,0,0,0,0,0,0,0,0,20.00000000000000000000000000,82.10839168614400000000000000,0E-26,82.10839168614400000000000000,82.10839168614400000000000000,0E-26,0E-27,0.0,20.00,0,82.10839168614400000000000000,77.89160831385600000000000000,0,20,20,0,11.61064135065600000000000000,0,8.38935864934400000000000000,8.38935864934400000000000000,77.89160831385600000000000000,82.10839168614400000000000000,0,20.00000000000000000000000000,0,20,11.61064135065600000000000000,0,0,0,20,2,False,0,0,0,0,0,77.89160831385600000000000000,39.97652193116160000000000000,39.97652193116160000000000000,0E-16,39.97652193116160000000000000,0E-26,0,2,0,20.00000000000000000000000000,20.00000000000000000000000000,0,0,0,0,0,False,0,0,False,0,0.0,8.38935864934400000000000000,0,0,62.13186975498240000000000000,42.13186975498240000000000000,25.27912185298944000000000000,16.85274790199296000000000000,25.27912185298944000000000000,16.85274790199296000000000000,46.44256540262400000000000000,0,0,0,46.44256540262400000000000000,1.000000000000000000000000000,0E-30,0.061096909764235455828657280,0.0,0.0,0.0,0.0,0.0,0.0,0.0,0.0,0,0,0,2,6.65600000000,0.0,0.0,19.98826096558080000000000000,0.0,0.0,0.0,0.0,0.0,0,0,0E-26,0,0,0,0,0,0,0,0.0,0.0,0,0,0,0,0,0,0,0,0.0,0,0,0,0,0,0,0,0,0,0,0,0,0,0,0,0,0,0,0,0,0,0,0,False,0,0,0,0,0,0,0,0,0,0,0,0,0,0,0,0,0,0,0E-27,82.10839168614400000000000000,0,0,0,0,0,0,False,0,0,0,0,0,0,0,0,0,0,0,0,0,0,0,0,0,0,0,0,0,0,0,0,0,0,0,0,0,0,0,0,0,0,0,0,0,0,0,0,2,0,0,39.97652193116160000000000000,0,0,0,39.97652193116160000000000000,6.65600000000,0.0,0.0,19.98826096558080000000000000,0,0,0,0,0,0,0,0,0,0,0,0,46.85951651840000000000000000,0E-26,0E-26,46.85951651840000000000000000,0,0,0,0,0,0,0.45,0,0,0,0,0,0,0,0,0,0,57.89160831385600000000000000,57.89160831385600000000000000,11.61064135065600000000000000,0.0,0.0,0.0,yield_seeking,0.1578947368421052631578947368,0.03157894736842105263157894736,-0.00009473684210526315789473684208,0,0,0,0,0,0,0,0,0,0,0,0,0,0,0,0,0,0,0,0,0,0,0,0,0,0,0,0,0,0,0,0,0,0,0,0,0,0,0.0,0.0,0.0,0.0,0.0,0.0,0.0,0.0,0.0,0.0,0.0,0.0,0,0,0,0,0,0,0,0,0,0,0,0,0,0,0,0,0,0,0,0,0,0,0,0,0,0,0,0,0,0,0,0,0,0,0,0E-26,0E-26,2,2,0,0,0,0,1,1,0E-26,0E-26,0,0,1,1,0E-26,0E-26,0,0,0,0,0,0,0,0,0,0,0,0,0,0,0,0,0,0,0,0,0,0,2,2,0,0,2,0,0,0,0,0,0,0,0,0,0,50.0,0.0,50.0,50.0,0.0,50.0,0,0,0,0,0,0,0.0,0.0,0.0
7,0.0,20,20,0.20,0.0,historical,12.42637395099648000000000000,0.20,0.0175,normal,0,1,0,0,,False,0,0.00,7.57362604900352000000000000,7.57362604900352000000000000,0,20,20.0,1.0,1,43.86811148029132800000000000,0,20.00000000000000000000000000,0,0,0,0,0,0,0,0,0,0,0,0,0,0,0,0,0,0,0,0,20.00000000000000000000000000,89.68201773514752000000000000,0E-26,89.68201773514752000000000000,89.68201773514752000000000000,0E-26,0E-27,0.0,20.00,0,89.68201773514752000000000000,90.31798226485248000000000000,0,20,20,0,12.42637395099648000000000000,0,7.57362604900352000000000000,7.57362604900352000000000000,90.31798226485248000000000000,89.68201773514752000000000000,0,20.00000000000000000000000000,0,20,12.42637395099648000000000000,0,0,0,20,2,False,0,0,0,0,0,90.31798226485248000000000000,43.86811148029132800000000000,43.86811148029132800000000000,0E-16,43.86811148029132800000000000,0E-26,0,2,0,20.00000000000000000000000000,20.00000000000000000000000000,0,0,0,0,0,False,0,0,False,0,0.0,7.57362604900352000000000000,0,0,65.81390625485619200000000000,45.81390625485619200000000000,27.48834375291371520000000000,18.32556250194247680000000000,27.48834375291371520000000000,18.32556250194247680000000000,49.70549580398592000000000000,0,0,0,49.70549580398592000000000000,1.000000000000000000000000000,0E-30,0.064139642876881991686776933,0.0,0.0,0.0,0.0,0.0,0.0,0.0,0.0,0,0,0,2,6.65600000000,0.0,0.0,21.93405574014566400000000000,0.0,0.0,0.0,0.0,0.0,0,0,0E-26,0,0,0,0,0,0,0,0.0,0.0,0,0,0,0,0,0,0,0,0.0,0,0,0,0,0,0,0,0,0,0,0,0,0,0,0,0,0,0,0,0,0,0,0,False,0,0,0,0,0,0,0,0,0,0,0,0,0,0,0,0,0,0,0E-27,89.68201773514752000000000000,0,0,0,0,0,0,False,0,0,0,0,0,0,0,0,0,0,0,0,0,0,0,0,0,0,0,0,0,0,0,0,0,0,0,0,0,0,0,0,0,0,0,0,0,0,0,0,2,0,0,43.86811148029132800000000000,0,0,0,43.86811148029132800000000000,6.65600000000,0.0,0.0,21.93405574014566400000000000,0,0,0,0,0,0,0,0,0,0,0,0,51.0541958430720000000000000,0E-26,0E-26,51.0541958430720000000000000,0,0,0,0,0,0,0.45,0,0,0,0,0,0,0,0,0,0,70.31798226485248000000000000,70.31798226485248000000000000,12.42637395099648000000000000,0.0,0.0,0.0,yield_seeking,0.1578947368421052631578947368,0.05684210526315789473684210524,-0.0001705263157894736842105263157,0,0,0,0,0,0,0,0,0,0,0,0,0,0,0,0,0,0,0,0,0,0,0,0,0,0,0,0,0,0,0,0,0,0,0,0,0,0,0.0,0.0,0.0,0.0,0.0,0.0,0.0,0.0,0.0,0.0,0.0,0.0,0,0,0,0,0,0,0,0,0,0,0,0,0,0,0,0,0,0,0,0,0,0,0,0,0,0,0,0,0,0,0,0,0,0,0,0E-26,0E-26,2,2,0,0,0,0,1,1,0E-26,0E-26,0,0,1,1,0E-26,0E-26,0,0,0,0,0,0,0,0,0,0,0,0,0,0,0,0,0,0,0,0,0,0,2,2,0,0,2,0,0,0,0,0,0,0,0,0,0,50.0,0.0,50.0,50.0,0.0,50.0,0,0,0,0,0,0,0.0,0.0,0.0
8,0.0,20,20,0.20,0.0,historical,13.16278125097123840000000000,0.20,0.0200,normal,0,1,0,0,,False,0,0.00,6.83721874902876160000000000,6.83721874902876160000000000,0,20,20.0,1.0,1,47.38131688972877824000000000,0,20.00000000000000000000000000,0,0,0,0,0,0,0,0,0,0,0,0,0,0,0,0,0,0,0,0,20.00000000000000000000000000,96.51923648417628160000000000,0E-26,96.51923648417628160000000000,96.51923648417628160000000000,0E-26,0E-27,0.0,20.00,0,96.51923648417628160000000000,103.4807635158237184000000000,0,20,20,0,13.16278125097123840000000000,0,6.83721874902876160000000000,6.83721874902876160000000000,103.4807635158237184000000000,96.51923648417628160000000000,0,20.00000000000000000000000000,0,20,13.16278125097123840000000000,0,0,0,20,2,False,0,0,0,0,0,103.4807635158237184000000000,47.38131688972877824000000000,47.38131688972877824000000000,0E-16,47.38131688972877824000000000,0E-26,0,2,0,20.00000000000000000000000000,20.00000000000000000000000000,0,0,0,0,0,False,0,0,False,0,0.0,6.83721874902876160000000000,0,0,69.13791959444750336000000000,49.13791959444750336000000000,29.48275175666850201600000000,19.65516783777900134400000000,29.48275175666850201600000000,19.65516783777900134400000000,52.65112500388495360000000000,0,0,0,52.65112500388495360000000000,1.000000000000000000000000000,0E-30,0.066571725093961049769510116,0.0,0.0,0.0,0.0,0.0,0.0,0.0,0.0,0,0,0,2,6.65600000000,0.0,0.0,23.69065844486438912000000000,0.0,0.0,0.0,0.0,0.0,0,0,0E-26,0,0,0,0,0,0,0,0.0,0.0,0,0,0,0,0,0,0,0,0.0,0,0,0,0,0,0,0,0,0,0,0,0,0,0,0,0,0,0,0,0,0,0,0,False,0,0,0,0,0,0,0,0,0,0,0,0,0,0,0,0,0,0,0E-27,96.51923648417628160000000000,0,0,0,0,0,0,False,0,0,0,0,0,0,0,0,0,0,0,0,0,0,0,0,0,0,0,0,0,0,0,0,0,0,0,0,0,0,0,0,0,0,0,0,0,0,0,0,2,0,0,47.38131688972877824000000000,0,0,0,47.38131688972877824000000000,6.65600000000,0.0,0.0,23.69065844486438912000000000,0,0,0,0,0,0,0,0,0,0,0,0,54.8410088675737600000000000,0E-26,0E-26,54.8410088675737600000000000,0,0,0,0,0,0,0.45,0,0,0,0,0,0,0,0,0,0,83.48076351582371840000000000,83.48076351582371840000000000,13.16278125097123840000000000,0.0,0.0,0.0,yield_seeking,0.1578947368421052631578947368,0.07705263157894736842105263156,-0.0002311578947368421052631578947,0,0,0,0,0,0,0,0,0,0,0,0,0,0,0,0,0,0,0,0,0,0,0,0,0,0,0,0,0,0,0,0,0,0,0,0,0,0,0.0,0.0,0.0,0.0,0.0,0.0,0.0,0.0,0.0,0.0,0.0,0.0,0,0,0,0,0,0,0,0,0,0,0,0,0,0,0,0,0,0,0,0,0,0,0,0,0,0,0,0,0,0,0,0,0,0,0,0E-26,0E-26,2,2,0,0,0,0,1,1,0E-26,0E-26,0,0,1,1,0E-26,0E-26,0,0,0,0,0,0,0,0,0,0,0,0,0,0,0,0,0,0,0,0,0,0,2,2,0,0,2,0,0,0,0,0,0,0,0,0,0,50.0,0.0,50.0,50.0,0.0,50.0,0,0,0,0,0,0,0.0,0.0,0.0
9,0.0,20,20,0.20,0.0,historical,13.82758391888950067200000000,0.20,0.0225,normal,0,1,0,0,,False,0,0.00,6.17241608111049932800000000,6.17241608111049932800000000,0,20,20.0,1.0,1,50.55292440406046801920000000,0,20.00000000000000000000000000,0,0,0,0,0,0,0,0,0,0,0,0,0,0,0,0,0,0,0,0,20.00000000000000000000000000,102.6916525652867809280000000,0E-25,102.6916525652867809280000000,102.6916525652867809280000000,0E-26,0E-27,0.0,20.00,0,102.6916525652867809280000000,117.3083474347132190720000000,0,20,20,0,13.82758391888950067200000000,0,6.17241608111049932800000000,6.17241608111049932800000000,117.3083474347132190720000000,102.6916525652867809280000000,0,20.00000000000000000000000000,0,20,13.82758391888950067200000000,0,0,0,20,2,False,0,0,0,0,0,117.3083474347132190720000000,50.55292440406046801920000000,50.55292440406046801920000000,0E-16,50.55292440406046801920000000,0E-26,0,2,0,20.00000000000000000000000000,20.00000000000000000000000000,0,0,0,0,0,False,0,0,False,0,0.0,6.17241608111049932800000000,0,0,72.13872816122631290880000000,52.13872816122631290880000000,31.28323689673578774528000000,20.85549126449052516352000000,31.28323689673578774528000000,20.85549126449052516352000000,55.31033567555800268800000000,0,0,0,55.31033567555800268800000000,1.000000000000000000000000000,0E-30,0.068541376575392278084384682,0.0,0.0,0.0,0.0,0.0,0.0,0.0,0.0,0,0,0,2,6.65600000000,0.0,0.0,25.27646220203023400960000000,0.0,0.0,0.0,0.0,0.0,0,0,0E-25,0,0,0,0,0,0,0,0.0,0.0,0,0,0,0,0,0,0,0,0.0,0,0,0,0,0,0,0,0,0,0,0,0,0,0,0,0,0,0,0,0,0,0,0,False,0,0,0,0,0,0,0,0,0,0,0,0,0,0,0,0,0,0,0E-26,102.6916525652867809280000000,0,0,0,0,0,0,False,0,0,0,0,0,0,0,0,0,0,0,0,0,0,0,0,0,0,0,0,0,0,0,0,0,0,0,0,0,0,0,0,0,0,0,0,0,0,0,0,2,0,0,50.55292440406046801920000000,0,0,0,50.55292440406046801920000000,6.65600000000,0.0,0.0,25.27646220203023400960000000,0,0,0,0,0,0,0,0,0,0,0,0,58.2596182420881408000000000,0E-26,0E-26,58.2596182420881408000000000,0,0,0,0,0,0,0.45,0,0,0,0,0,0,0,0,0,0,97.30834743471321907200000000,97.30834743471321907200000000,13.82758391888950067200000000,0.0,0.0,0.0,yield_seeking,0.1578947368421052631578947368,0.09322105263157894736842105261,-0.0002796631578947368421052631578,0,0,0,0,0,0,0,0,0,0,0,0,0,0,0,0,0,0,0,0,0,0,0,0,0,0,0,0,0,0,0,0,0,0,0,0,0,0,0.0,0.0,0.0,0.0,0.0,0.0,0.0,0.0,0.0,0.0,0.0,0.0,0,0,0,0,0,0,0,0,0,0,0,0,0,0,0,0,0,0,0,0,0,0,0,0,0,0,0,0,0,0,0,0,0,0,0,0E-26,0E-26,2,2,0,0,0,0,1,1,0E-26,0E-26,0,0,1,1,0E-26,0E-26,0,0,0,0,0,0,0,0,0,0,0,0,0,0,0,0,0,0,0,0,0,0,2,2,0,0,2,0,0,0,0,0,0,0,0,0,0,50.0,0.0,50.0,50.0,0.0,50.0,0,0,0,0,0,0,0.0,0.0,0.0
10,0.0,20,20,0.20,0.0,historical,14.42774563224526258176000000,0.20,0.0250,normal,0,1,0,0,,False,0,0.00,5.57225436775473741824000000,5.57225436775473741824000000,0,20,20.0,1.0,1,53.41614765402870094233600000,0,20.00000000000000000000000000,0,0,0,0,0,0,0,0,0,0,0,0,0,0,0,0,0,0,0,0,20.00000000000000000000000000,108.2639069330415183462400000,0E-25,108.2639069330415183462400000,108.2639069330415183462400000,0E-26,0E-27,0.0,20.00,0,108.2639069330415183462400000,131.7360930669584816537600000,0,20,20,0,14.42774563224526258176000000,0,5.57225436775473741824000000,5.57225436775473741824000000,131.7360930669584816537600000,108.2639069330415183462400000,0,20.00000000000000000000000000,0,20,14.42774563224526258176000000,0,0,0,20,2,False,0,0,0,0,0,131.7360930669584816537600000,53.41614765402870094233600000,53.41614765402870094233600000,0E-16,53.41614765402870094233600000,0E-26,0,2,0,20.00000000000000000000000000,20.00000000000000000000000000,0,0,0,0,0,False,0,0,False,0,0.0,5.57225436775473741824000000,0,0,74.84775927901281740390400000,54.84775927901281740390400000,32.90865556740769044234240000,21.93910371160512696156160000,32.90865556740769044234240000,21.93910371160512696156160000,57.71098252898105032704000000,0,0,0,57.71098252898105032704000000,1.000000000000000000000000000,0E-30,0.070155181211691814124605902,0.0,0.0,0.0,0.0,0.0,0.0,0.0,0.0,0,0,0,2,6.65600000000,0.0,0.0,26.70807382701435047116800000,0.0,0.0,0.0,0.0,0.0,0,0,0E-25,0,0,0,0,0,0,0,0.0,0.0,0,0,0,0,0,0,0,0,0.0,0,0,0,0,0,0,0,0,0,0,0,0,0,0,0,0,0,0,0,0,0,0,0,False,0,0,0,0,0,0,0,0,0,0,0,0,0,0,0,0,0,0,0E-26,108.2639069330415183462400000,0,0,0,0,0,0,False,0,0,0,0,0,0,0,0,0,0,0,0,0,0,0,0,0,0,0,0,0,0,0,0,0,0,0,0,0,0,0,0,0,0,0,0,0,0,0,0,2,0,0,53.41614765402870094233600000,0,0,0,53.41614765402870094233600000,6.65600000000,0.0,0.0,26.70807382701435047116800000,0,0,0,0,0,0,0,0,0,0,0,0,61.3458262826433904640000000,0E-26,0E-26,61.3458262826433904640000000,0,0,0,0,0,0,0.45,0,0,0,0,0,0,0,0,0,0,111.7360930669584816537600000,111.7360930669584816537600000,14.42774563224526258176000000,0.0,0.0,0.0,yield_seeking,0.1578947368421052631578947368,0.1061557894736842105263157894,-0.0003184673684210526315789473682,0,0,0,0,0,0,0,0,0,0,0,0,0,0,0,0,0,0,0,0,0,0,0,0,0,0,0,0,0,0,0,0,0,0,0,0,0,0,0.0,0.0,0.0,0.0,0.0,0.0,0.0,0.0,0.0,0.0,0.0,0.0,0,0,0,0,0,0,0,0,0,0,0,0,0,0,0,0,0,0,0,0,0,0,0,0,0,0,0,0,0,0,0,0,0,0,0,0E-26,0E-26,2,2,0,0,0,0,1,1,0E-26,0E-26,0,0,1,1,0E-26,0E-26,0,0,0,0,0,0,0,0,0,0,0,0,0,0,0,0,0,0,0,0,0,0,2,2,0,0,2,0,0,0,0,0,0,0,0,0,0,50.0,0.0,50.0,50.0,0.0,50.0,0,0,0,0,0,0,0.0,0.0,0.0
11,0.0,20,20,0.20,0.0,historical,14.96955185580256348078080000,0.20,0.0275,normal,0,1,0,0,,False,0,0.00,5.03044814419743651921920000,5.03044814419743651921920000,0,20,20.0,1.0,1,56.00097156170132213465088000,0,20.00000000000000000000000000,0,0,0,0,0,0,0,0,0,0,0,0,0,0,0,0,0,0,0,0,20.00000000000000000000000000,113.2943550772389548654592000,0E-25,113.2943550772389548654592000,113.2943550772389548654592000,0E-26,0E-27,0.0,20.00,0,113.2943550772389548654592000,146.7056449227610451345408000,0,20,20,0,14.96955185580256348078080000,0,5.03044814419743651921920000,5.03044814419743651921920000,146.7056449227610451345408000,113.2943550772389548654592000,0,20.00000000000000000000000000,0,20,14.96955185580256348078080000,0,0,0,20,2,False,0,0,0,0,0,146.7056449227610451345408000,56.00097156170132213465088000,56.00097156170132213465088000,0E-16,56.00097156170132213465088000,0E-26,0,2,0,20.00000000000000000000000000,20.00000000000000000000000000,0,0,0,0,0,False,0,0,False,0,0.0,5.03044814419743651921920000,0,0,77.29338351553763273080832000,57.29338351553763273080832000,34.37603010932257963848499200,22.91735340621505309232332800,34.37603010932257963848499200,22.91735340621505309232332800,59.87820742321025392312320000,0,0,0,59.87820742321025392312320000,1.000000000000000000000000000,0E-30,0.071491259816744910607489876,0.0,0.0,0.0,0.0,0.0,0.0,0.0,0.0,0,0,0,2,6.65600000000,0.0,0.0,28.00048578085066106732544000,0.0,0.0,0.0,0.0,0.0,0,0,0E-25,0,0,0,0,0,0,0,0.0,0.0,0,0,0,0,0,0,0,1,0.0,0,0,0,0,0,0,0,0,0,0,0,0,0,0,0,0,0,0,0,0,0,0,0,False,0,0,0,0,0,0,0,0,0,0,0,0,0,0,0,0,0,0,0E-26,113.2943550772389548654592000,0,0,0,0,0,0,False,0,0,0,0,0,0,0,0,0,0,0,0,0,0,0,0,0,0,0,0,0,0,0,0,0,0,0,0,0,0,0,0,0,0,0,0,0,0,0,0,2,0,0,56.00097156170132213465088000,0,0,0,56.00097156170132213465088000,6.65600000000,0.0,0.0,28.00048578085066106732544000,0,0,0,0,0,0,0,0,0,0,0,0,64.1319534665207591731200000,0E-26,0E-26,64.1319534665207591731200000,0,0,0,0,0,0,0.45,0,0,0,0,0,0,0,0,0,0,126.7056449227610451345408000,126.7056449227610451345408000,14.96955185580256348078080000,0.0,0.0,0.0,yield_seeking,0.1578947368421052631578947368,0.1165035789473684210526315789,-0.0003495107368421052631578947367,0,0,0,0,0,0,0,0,0,0,0,0,0,0,0,0,0,0,0,0,0,0,0,0,0,0,0,0,0,0,0,0,0,0,0,0,0,0,0.0,0.0,0.0,0.0,0.0,0.0,0.0,0.0,0.0,0.0,0.0,0.0,0,0,0,0,0,0,0,0,0,0,0,0,0,0,0,0,0,0,0,0,0,0,0,0,0,0,0,0,0,0,0,0,0,0,0,0E-26,0E-26,2,2,0,0,0,0,1,1,0E-26,0E-26,0,0,1,1,0E-26,0E-26,0,0,0,0,0,0,0,0,0,0,0,0,0,0,0,0,0,0,0,0,0,0,2,2,0,0,2,0,0,0,0,0,0,0,0,0,0,50.0,0.0,50.0,50.0,0.0,50.0,0,0,0,0,0,0,0.0,0.0,0.0
12,0.0,20,20,0.20,0.0,historical,15.45867670310752654616166400,0.20,0.0300,normal,0,1,0,0,,False,0,0.00,4.54132329689247345383833600,4.54132329689247345383833600,0,20,20.0,1.0,1,58.33446566199283575464919040,0,20.00000000000000000000000000,0,0,0,0,0,0,0,0,0,0,0,0,0,0,0,0,0,0,0,0,20.00000000000000000000000000,117.8356783741314283192975360,0E-25,117.8356783741314283192975360,117.8356783741314283192975360,0E-26,0E-27,0.0,20.00,0,117.8356783741314283192975360,162.1643216258685716807024640,0,20,20,0,15.45867670310752654616166400,0,4.54132329689247345383833600,4.54132329689247345383833600,162.1643216258685716807024640,117.8356783741314283192975360,0,20.00000000000000000000000000,0,20,15.45867670310752654616166400,0,0,0,20,2,False,0,0,0,0,0,162.1643216258685716807024640,58.33446566199283575464919040,58.33446566199283575464919040,0E-16,58.33446566199283575464919040,0E-26,0,2,0,20.00000000000000000000000000,20.00000000000000000000000000,0,0,0,0,0,False,0,0,False,0,0.0,4.54132329689247345383833600,0,0,79.50121271213859256464834560,59.50121271213859256464834560,35.70072762728315553878900736,23.80048508485543702585933824,35.70072762728315553878900736,23.80048508485543702585933824,61.83470681243010618464665600,0,0,0,61.83470681243010618464665600,1.000000000000000000000000000,0E-30,0.072607783909152347717329174,0.0,0.0,0.0,0.0,0.0,0.0,0.0,0.0,0,0,0,2,6.65600000000,0.0,0.0,29.16723283099641787732459520,0.0,0.0,0.0,0.0,0.0,0,0,0E-25,0,0,0,0,0,0,0,0.00,0.00,0,0,0,0,0,0,0,0,0.0,0,0,0,0,0,0,0,0,0,0,0,0,0,0,0,0,0,0,0,0,0,0,0,False,0,0,0,0,0,0,0,0,0,0,0,0,0,0,0,0,0,0,0E-26,117.8356783741314283192975360,0,0,0,0,0,0,False,0,0,0,0,0,0,0,0,0,0,0,0,0,0,0,0,0,0,0,0,0,0,0,0,0,0,0,0,0,0,0,0,0,0,0,0,0,0,0,0,2,0,0,58.33446566199283575464919040,0,0,0,58.33446566199283575464919040,6.65600000000,0.0,0.0,29.16723283099641787732459520,0,0,0,0,0,0,0,0,0,0,0,0,66.6471775386194774327296000,0E-26,0E-26,66.6471775386194774327296000,0,0,0,0,0,0,0.45,0,0,0,0,0,0,0,0,0,0,142.1643216258685716807024640,142.1643216258685716807024640,15.45867670310752654616166400,0.0,0.0,0.0,yield_seeking,0.1578947368421052631578947368,0.1247818105263157894736842105,-0.0003743454315789473684210526315,0,0,0,0,0,0,0,0,0,0,0,0,0,0,0,0,0,0,0,0,0,0,0,0,0,0,0,0,0,0,0,0,0,0,0,0,0,0,0.0,0.0,0.0,0.0,0.0,0.0,0.0,0.0,0.0,0.0,0.0,0.0,0,0,0,0,0,0,0,0,0,0,0,0,0,0,0,0,0,0,0,0,0,0,0,0,0,0,0,0,0,0,0,0,0,0,0,0E-26,0E-26,2,2,0,0,0,0,1,1,0E-26,0E-26,0,0,1,1,0E-26,0E-26,0,0,0,0,0,0,0,0,0,0,0,0,0,0,0,0,0,0,0,0,0,0,2,2,0,0,2,0,0,0,0,0,0,0,0,0,0,50.0,0.0,50.0,50.0,0.0,50.0,0,0,0,0,0,0,0.0,0.0,0.0
13,0.0,20,20,0.20,0.0,historical,15.90024254242771851292966912,0.20,0.0325,normal,0,1,0,0,,False,0,0.00,4.09975745757228148707033088,4.09975745757228148707033088,0,20,20.0,1.0,1,60.44106746508005107347698484,0,20.00000000000000000000000000,0,0,0,0,0,0,0,0,0,0,0,0,0,0,0,0,0,0,0,0,20.00000000000000000000000000,121.9354358317037098063678669,0E-25,121.9354358317037098063678669,121.9354358317037098063678669,0E-26,0E-27,0.0,20.00,0,121.9354358317037098063678669,178.0645641682962901936321331,0,20,20,0,15.90024254242771851292966912,0,4.09975745757228148707033088,4.09975745757228148707033088,178.0645641682962901936321331,121.9354358317037098063678669,0,20.00000000000000000000000000,0,20,15.90024254242771851292966912,0,0,0,20,2,False,0,0,0,0,0,178.0645641682962901936321331,60.44106746508005107347698484,60.44106746508005107347698484,0E-16,60.44106746508005107347698484,0E-26,0,2,0,20.00000000000000000000000000,20.00000000000000000000000000,0,0,0,0,0,False,0,0,False,0,0.0,4.09975745757228148707033088,0,0,81.49436836662365873289088204,61.49436836662365873289088204,36.89662101997419523973452923,24.59774734664946349315635281,36.89662101997419523973452923,24.59774734664946349315635281,63.60097016971087405171867648,0,0,0,63.60097016971087405171867648,1.000000000000000000000000000,0E-30,0.073548677407159580131820607,0.0,0.0,0.0,0.0,0.0,0.0,0.0,0.0,0,0,0,2,6.65600000000,0.0,0.0,30.22053373254002553673849242,0.0,0.0,0.0,0.0,0.0,0,0,0E-25,0,0,0,0,0,0,0,0.00,0.00,0,0,0,0,0,0,0,0,0.0,0,0,0,0,0,0,0,0,0,0,0,0,0,0,0,0,0,0,0,0,0,0,0,False,0,0,0,0,0,0,0,0,0,0,0,0,0,0,0,0,0,0,0E-26,121.9354358317037098063678669,0,0,0,0,0,0,False,0,0,0,0,0,0,0,0,0,0,0,0,0,0,0,0,0,0,0,0,0,0,0,0,0,0,0,0,0,0,0,0,0,0,0,0,0,0,0,0,2,0,0,60.44106746508005107347698484,0,0,0,60.44106746508005107347698484,6.65600000000,0.0,0.0,30.22053373254002553673849242,0,0,0,0,0,0,0,0,0,0,0,0,68.9178391870657141596487680,0E-26,0E-26,68.9178391870657141596487680,0,0,0,0,0,0,0.45,0,0,0,0,0,0,0,0,0,0,158.0645641682962901936321331,158.0645641682962901936321331,15.90024254242771851292966912,0.0,0.0,0.0,yield_seeking,0.1578947368421052631578947368,0.1314043957894736842105263158,-0.0003942131873684210526315789474,0,0,0,0,0,0,0,0,0,0,0,0,0,0,0,0,0,0,0,0,0,0,0,0,0,0,0,0,0,0,0,0,0,0,0,0,0,0,0.0,0.0,0.0,0.0,0.0,0.0,0.0,0.0,0.0,0.0,0.0,0.0,0,0,0,0,0,0,0,0,0,0,0,0,0,0,0,0,0,0,0,0,0,0,0,0,0,0,0,0,0,0,0,0,0,0,0,0E-26,0E-26,2,2,0,0,0,0,1,1,0E-26,0E-26,0,0,1,1,0E-26,0E-26,0,0,0,0,0,0,0,0,0,0,0,0,0,0,0,0,0,0,0,0,0,0,2,2,0,0,2,0,0,0,0,0,0,0,0,0,0,50.0,0.0,50.0,50.0,0.0,50.0,0,0,0,0,0,0,0.0,0.0,0.0
14,0.0,20,20,0.20,0.0,historical,16.29887367332473174657817641,0.20,0.0350,normal,0,1,0,0,,False,0,0.00,3.70112632667526825342182359,3.70112632667526825342182359,0,20,20.0,1.0,1,62.34283835636760143861127315,0,20.00000000000000000000000000,0,0,0,0,0,0,0,0,0,0,0,0,0,0,0,0,0,0,0,0,20.00000000000000000000000000,125.6365621583789780597896905,1E-25,125.6365621583789780597896904,125.6365621583789780597896904,0E-26,0E-27,0.0,20.00,0,125.6365621583789780597896905,194.3634378416210219402103094,0,20,20,0,16.29887367332473174657817641,0,3.70112632667526825342182359,3.70112632667526825342182359,194.3634378416210219402103094,125.6365621583789780597896905,0,20.00000000000000000000000000,0,20,16.29887367332473174657817641,0,0,0,20,2,False,0,0,0,0,0,194.3634378416210219402103094,62.34283835636760143861127325,62.34283835636760143861127315,0E-16,62.34283835636760143861127325,0E-26,0,2,0,20.00000000000000000000000000,20.00000000000000000000000000,0,0,0,0,0,False,0,0,False,0,0.0,3.70112632667526825342182359,0,0,83.29372380201137662117841732,63.29372380201137662117841732,37.97623428120682597270705039,25.31748952080455064847136693,37.97623428120682597270705039,25.31748952080455064847136693,65.19549469329892698631270563,0,0,0,65.19549469329892698631270563,1.000000000000000000000000000,0E-30,0.074347531389524331723468850,0.0,0.0,0.0,0.0,0.0,0.0,0.0,0.0,0,0,0,2,6.65600000000,0.0,0.0,31.17141917818380071930563658,0.0,0.0,0.0,0.0,0.0,0,0,1E-25,0,0,0,0,0,0,0,0.00,0.00,0,0,0,0,0,0,0,0,0.0,0,0,0,0,0,0,0,0,0,0,0,0,0,0,0,0,0,0,0,0,0,0,0,False,0,0,0,0,0,0,0,0,0,0,0,0,0,0,0,0,0,0,0E-26,125.6365621583789780597896905,0,0,0,0,0,0,False,0,0,0,0,0,0,0,0,0,0,0,0,0,0,0,0,0,0,0,0,0,0,0,0,0,0,0,0,0,0,0,0,0,0,0,0,0,0,0,0,2,0,0,62.34283835636760143861127315,0,0,0,62.34283835636760143861127315,6.65600000000,0.0,0.0,31.17141917818380071930563658,0,0,0,0,0,0,0,0,0,0,0,0,70.96771791585185490318393345,0E-26,0E-26,70.96771791585185490318393345,0,0,0,0,0,0,0.45,0,0,0,0,0,0,0,0,0,0,174.3634378416210219402103095,174.3634378416210219402103095,16.29887367332473174657817641,0.0,0.0,0.0,yield_seeking,0.1578947368421052631578947368,0.1367024640000000000000000000,-0.0004101073920000000000000000000,0,0,0,0,0,0,0,0,0,0,0,0,0,0,0,0,0,0,0,0,0,0,0,0,0,0,0,0,0,0,0,0,0,0,0,0,0,0,0.0,0.0,0.0,0.0,0.0,0.0,0.0,0.0,0.0,0.0,0.0,0.0,0,0,0,0,0,0,0,0,0,0,0,0,0,0,0,0,0,0,0,0,0,0,0,0,0,0,0,0,0,0,0,0,0,0,0,0E-26,0E-26,2,2,0,0,0,0,1,1,0E-26,0E-26,0,0,1,1,0E-26,0E-26,0,0,0,0,0,0,0,0,0,0,0,0,0,0,0,0,0,0,0,0,0,0,2,2,0,0,2,0,0,0,0,0,0,0,0,0,0,50.0,0.0,50.0,50.0,0.0,50.0,0,0,0,0,0,0,0.0,0.0,0.0
15,0.0,20,20,0.20,0.0,historical,16.65874476040227532423568346,0.20,0.0375,normal,0,1,0,0,,False,0,0.00,3.34125523959772467576431654,3.34125523959772467576431654,0,20,20.0,1.0,1,64.05969463046420138194385743,0,0,0,0,0,0,0,0,0,0,0,0,0,0,0,0,0,0,0,0,0,0,20.00000000000000000000000000,108.9778173979767027355540070,0E-25,128.9778173979767027355540070,128.9778173979767027355540070,0E-26,0E-27,0.0,20.00,0,108.9778173979767027355540070,211.0221826020232972644459929,0,20,20,0,16.65874476040227532423568346,20.0000000000000000000000000,3.34125523959772467576431654,-16.65874476040227532423568346,211.0221826020232972644459929,108.9778173979767027355540070,0,0,0,20,16.65874476040227532423568346,20.0000000000000000000000000,0,0,20,2,False,0,0,0,0,0,211.0221826020232972644459929,64.05969463046420138194385743,64.05969463046420138194385743,0E-16,64.05969463046420138194385743,0E-26,0,0,0,0,0,20.00000000000000000000000000,20.00000000000000000000000000,20.0000000000000000000000000,20.0000000000000000000000000,0,False,20.0000000000000000000000000,20.0000000000000000000000000,False,20.0000000000000000000000000,0.0,3.34125523959772467576431654,0,0,84.91812276751250135361014957,64.91812276751250135361014957,38.95087366050750081216608974,25.96724910700500054144405983,38.95087366050750081216608974,25.96724910700500054144405983,66.63497904160910129694273385,0,0,0,66.63497904160910129694273385,1.000000000000000000000000000,0E-30,0.075030342688300509456093164,0.0,0.0,0.0,0.0,0.0,0.0,0.0,0.0,0,0,0,2,6.65600000000,0.0,0.0,32.02984731523210069097192872,0.0,0.0,0.0,0.0,0.0,0,0,0E-25,0,0,0,0,0,0,0,0.00,0.00,0,0,0,0,0,0,0,0,0.0,0,0,0,0,0,0,0,0,0,0,0,0,0,0,0,0,0,0,0,0,0,0,0,False,0,0,0,0,0,0,0,0,0,0,0,0,0,0,0,0,0,0,0E-26,108.9778173979767027355540070,0,0,0,0,0,0,False,0,0,0,0,0,0,0,0,0,0,0,0,0,0,0,0,0,0,0,0,0,0,0,0,0,0,0,0,0,0,0,0,0,0,0,0,0,0,0,0,2,0,0,64.05969463046420138194385743,0,0,0,64.05969463046420138194385743,6.65600000000,0.0,0.0,32.02984731523210069097192872,0,0,0,0,0,0,0,0,0,0,0,0,72.81828107918948902989484525,0E-26,0E-26,72.81828107918948902989484525,0,0,0,0,0,0,0.45,0,0,0,0,0,0,0,0,0,0,191.0221826020232972644459930,191.0221826020232972644459930,16.65874476040227532423568346,0.0,0.0,0.0,yield_seeking,0.1578947368421052631578947368,0.1409409185684210526315789474,-0.0004228227557052631578947368422,0,0,0,0,0,0,0,0,0,0,0,0,0,0,0,0,0,0,0,0,0,0,0,0,0,0,0,0,0,0,0,0,0,0,0,0,0,0,0.0,0.0,0.0,0.0,0.0,0.0,0.0,0.0,0.0,0.0,0.0,0.0,0,0,0,0,0,0,0,0,0,0,0,0,0,0,0,0,0,0,0,0,0,0,0,0,0,0,0,0,0,0,0,0,0,0,0,0E-26,0E-26,2,2,0,0,0,0,1,1,0E-26,0E-26,0,0,1,1,0E-26,0E-26,0,0,0,0,0,0,0,0,0,0,0,0,0,0,0,0,0,0,0,0,0,0,2,2,0,0,2,0,0,0,0,0,0,0,0,0,0,50.0,0.0,50.0,50.0,0.0,50.0,0,0,0,0,0,0,0.0,0.0,0.0
16,0.0,20,20,0.20,0.0,historical,16.98362455350250027072202991,0.20,0.0400,normal,0,1,0,0,,False,0,0.00,23.01637544649749972927797009,3.01637544649749972927797009,20.00000000000000000000000000,40.00000000000000000000000000,40.00000000000000000000000000,1.0,1,65.60961606388252126232156232,0,0,0,0,0,0,0,0,0,0,0,0,0,0,0,0,0,0,0,0,0,0,40.00000000000000000000000000,91.99419284447420246483197708,0E-25,131.9941928444742024648319771,131.9941928444742024648319771,0E-26,0E-27,0.0,20.00,0,91.99419284447420246483197708,228.0058071555257975351680228,0,20,20,20.00000000000000000000000000,16.98362455350250027072202991,40.00000000000000000000000000,23.01637544649749972927797009,-16.98362455350250027072202991,228.0058071555257975351680228,91.99419284447420246483197708,0,0,0,20,16.98362455350250027072202991,40.00000000000000000000000000,20.00000000000000000000000000,0,40.00000000000000000000000000,4,False,0,0,0,0,0,228.0058071555257975351680228,65.60961606388252126232156232,65.60961606388252126232156232,0E-16,65.60961606388252126232156232,0E-26,0,0,0,0,0,40.00000000000000000000000000,40.00000000000000000000000000,40.00000000000000000000000000,40.00000000000000000000000000,0,False,40.00000000000000000000000000,40.00000000000000000000000000,False,40.00000000000000000000000000,0.0,3.01637544649749972927797009,0,0,86.38457678059168120251041476,66.38457678059168120251041476,39.83074606835500872150624886,26.55383071223667248100416590,39.83074606835500872150624886,26.55383071223667248100416590,67.93449821401000108288811965,0,0,0,67.93449821401000108288811965,1.000000000000000000000000000,0E-30,0.075617458698565374763332422,0.0,0.0,0.0,0.0,0.0,0.0,0.0,0.0,0,0,0,2,6.65600000000,0.0,0.0,32.80480803194126063116078116,0.0,0.0,0.0,0.0,0.0,0,0,0E-25,0,0,0,0,0,0,0,0.00,0.00,0,0,0,0,0,0,0,0,0.0,0,0,0,0,0,0,0,0,0,0,0,0,0,0,0,0,0,0,0,0,0,0,0,False,0,0,0,0,0,0,0,0,0,0,0,0,0,0,0,0,0,0,0E-26,91.99419284447420246483197708,0,0,0,0,0,0,False,0,0,0,0,0,0,0,0,0,0,0,0,0,0,0,0,0,0,0,0,0,0,0,0,0,0,0,0,0,0,0,0,0,0,0,0,0,0,0,0,2,0,0,65.60961606388252126232156232,0,0,0,65.60961606388252126232156232,6.65600000000,0.0,0.0,32.80480803194126063116078116,0,0,0,0,0,0,0,0,0,0,0,0,74.4889086989883513677770035,0E-26,0E-26,74.4889086989883513677770035,0,0,0,0,0,0,0.45,0,0,0,0,0,0,0,0,0,0,208.0058071555257975351680229,208.0058071555257975351680229,16.98362455350250027072202991,0.0,0.0,0.0,yield_seeking,0.1578947368421052631578947368,0.1443316822231578947368421053,-0.0004329950466694736842105263159,0,0,0,0,0,0,0,0,0,0,0,0,0,0,0,0,0,0,0,0,0,0,0,0,0,0,0,0,0,0,0,0,0,0,0,0,0,0,0.0,0.0,0.0,0.0,0.0,0.0,0.0,0.0,0.0,0.0,0.0,0.0,0,0,0,0,0,0,0,0,0,0,0,0,0,0,0,0,0,0,0,0,0,0,0,0,0,0,0,0,0,0,0,0,0,0,0,0E-26,0E-26,2,2,0,0,0,0,1,1,0E-26,0E-26,0,0,1,1,0E-26,0E-26,0,0,0,0,0,0,0,0,0,0,0,0,0,0,0,0,0,0,0,0,0,0,2,2,0,0,2,0,0,0,0,0,0,0,0,0,0,50.0,0.0,50.0,50.0,0.0,50.0,0,0,0,0,0,0,0.0,0.0,0.0
17,0.0,20,20,0.20,0.0,historical,17.27691535611833624050208295,0.20,0.0425,normal,0,1,0,0,,False,0,0.00,42.72308464388166375949791705,2.72308464388166375949791705,40.00000000000000000000000000,60.00000000000000000000000000,60.00000000000000000000000000,1.0,1,67.00883420811885074219627012,0,0,0,0,0,0,0,0,0,0,0,0,0,0,0,0,0,0,0,0,0,0,60.00000000000000000000000000,74.71727748835586622432989417,1E-25,134.7172774883558662243298941,134.7172774883558662243298941,0E-26,0E-27,0.0,20.00,0,74.71727748835586622432989417,245.2827225116441337756701058,0,20,20,40.00000000000000000000000000,17.27691535611833624050208295,60.00000000000000000000000000,42.72308464388166375949791705,-17.27691535611833624050208295,245.2827225116441337756701058,74.71727748835586622432989417,0,0,0,20,17.27691535611833624050208295,60.00000000000000000000000000,40.00000000000000000000000000,0,60.00000000000000000000000000,4,False,0,0,0,0,0,245.2827225116441337756701058,67.00883420811885074219627022,67.00883420811885074219627012,0E-16,67.00883420811885074219627022,0E-26,0,0,0,0,0,60.00000000000000000000000000,60.00000000000000000000000000,60.00000000000000000000000000,60.00000000000000000000000000,0,False,60.00000000000000000000000000,60.00000000000000000000000000,False,60.00000000000000000000000000,0.0,2.72308464388166375949791705,0,0,87.70844328023701548213362401,67.70844328023701548213362401,40.62506596814220928928017441,27.08337731209480619285344960,40.62506596814220928928017441,27.08337731209480619285344960,69.10766142447334496200833181,0,0,0,69.10766142447334496200833181,1.000000000000000000000000000,0E-30,0.076124976311325040473465694,0.0,0.0,0.0,0.0,0.0,0.0,0.0,0.0,0,0,0,2,6.65600000000,0.0,0.0,33.50441710405942537109813506,0.0,0.0,0.0,0.0,0.0,0,0,1E-25,0,0,0,0,0,0,0,0.00,0.00,0,0,0,0,0,0,0,0,0.0,0,0,0,0,0,0,0,0,0,0,0,0,0,0,0,0,0,0,0,0,0,0,0,False,0,0,0,0,0,0,0,0,0,0,0,0,0,0,0,0,0,0,0E-26,74.71727748835586622432989417,0,0,0,0,0,0,False,0,0,0,0,0,0,0,0,0,0,0,0,0,0,0,0,0,0,0,0,0,0,0,0,0,0,0,0,0,0,0,0,0,0,0,0,0,0,0,0,2,0,0,67.00883420811885074219627012,0,0,0,67.00883420811885074219627012,6.65600000000,0.0,0.0,33.50441710405942537109813506,0,0,0,0,0,0,0,0,0,0,0,0,75.99709642223710123241598855,0E-26,0E-26,75.99709642223710123241598855,0,0,0,0,0,0,0.45,0,0,0,0,0,0,0,0,0,0,225.2827225116441337756701058,225.2827225116441337756701058,17.27691535611833624050208295,0.0,0.0,0.0,yield_seeking,0.1578947368421052631578947368,0.1470442931469473684210526316,-0.0004411328794408421052631578948,0,0,0,0,0,0,0,0,0,0,0,0,0,0,0,0,0,0,0,0,0,0,0,0,0,0,0,0,0,0,0,0,0,0,0,0,0,0,0.0,0.0,0.0,0.0,0.0,0.0,0.0,0.0,0.0,0.0,0.0,0.0,0,0,0,0,0,0,0,0,0,0,0,0,0,0,0,0,0,0,0,0,0,0,0,0,0,0,0,0,0,0,0,0,0,0,0,0E-26,0E-26,2,2,0,0,0,0,1,1,0E-26,0E-26,0,0,1,1,0E-26,0E-26,0,0,0,0,0,0,0,0,0,0,0,0,0,0,0,0,0,0,0,0,0,0,2,2,0,0,2,0,0,0,0,0,0,0,0,0,0,50.0,0.0,50.0,50.0,0.0,50.0,0,0,0,0,0,0,0.0,0.0,0.0
18,0.0,20,20,0.20,0.0,historical,17.54168865604740309642672480,0.20,0.0450,normal,0,1,0,0,,False,0,0.00,62.45831134395259690357327520,2.45831134395259690357327520,60.00000000000000000000000000,80.00000000000000000000000000,80.00000000000000000000000000,1.0,1,68.27200237454715539960052175,0,0,0,0,0,0,0,0,0,0,0,0,0,0,0,0,0,0,0,0,0,0,80.00000000000000000000000000,57.17558883230846312790316942,1E-25,137.1755888323084631279031693,137.1755888323084631279031693,0E-26,0E-27,0.0,20.00,0,57.17558883230846312790316942,262.8244111676915368720968306,0,20,20,60.00000000000000000000000000,17.54168865604740309642672480,80.00000000000000000000000000,62.45831134395259690357327520,-17.54168865604740309642672480,262.8244111676915368720968306,57.17558883230846312790316942,0,0,0,20,17.54168865604740309642672480,80.00000000000000000000000000,60.00000000000000000000000000,0,80.00000000000000000000000000,4,False,0,0,0,0,0,262.8244111676915368720968306,68.27200237454715539960052185,68.27200237454715539960052175,0E-16,68.27200237454715539960052185,0E-26,0,0,0,0,0,80.00000000000000000000000000,80.00000000000000000000000000,80.00000000000000000000000000,80.00000000000000000000000000,0,False,80.00000000000000000000000000,80.00000000000000000000000000,False,80.00000000000000000000000000,0.0,2.45831134395259690357327520,0,0,88.90358645776130772830264758,68.90358645776130772830264758,41.34215187465678463698158855,27.56143458310452309132105903,41.34215187465678463698158855,27.56143458310452309132105903,70.16675462418961238570689921,0,0,0,70.16675462418961238570689921,1.000000000000000000000000000,0E-30,0.076565759802028797756085799,0.0,0.0,0.0,0.0,0.0,0.0,0.0,0.0,0,0,0,2,6.65600000000,0.0,0.0,34.13600118727357769980026088,0.0,0.0,0.0,0.0,0.0,0,0,1E-25,0,0,0,0,0,0,0,0.00,0.00,0,0,0,0,0,0,0,0,0.0,0,0,0,0,0,0,0,0,0,0,0,0,0,0,0,0,0,0,0,0,0,0,0,False,0,0,0,0,0,0,0,0,0,0,0,0,0,0,0,0,0,0,0E-26,57.17558883230846312790316942,0,0,0,0,0,0,False,0,0,0,0,0,0,0,0,0,0,0,0,0,0,0,0,0,0,0,0,0,0,0,0,0,0,0,0,0,0,0,0,0,0,0,0,0,0,0,0,2,0,0,68.27200237454715539960052175,0,0,0,68.27200237454715539960052175,6.65600000000,0.0,0.0,34.13600118727357769980026088,0,0,0,0,0,0,0,0,0,0,0,0,77.35863874417793311216494705,0E-26,0E-26,77.35863874417793311216494705,0,0,0,0,0,0,0.45,0,0,0,0,0,0,0,0,0,0,242.8244111676915368720968307,242.8244111676915368720968306,17.54168865604740309642672480,0.0,0.0,0.0,yield_seeking,0.1578947368421052631578947368,0.1492143818859789473684210526,-0.0004476431456579368421052631578,0,0,0,0,0,0,0,0,0,0,0,0,0,0,0,0,0,0,0,0,0,0,0,0,0,0,0,0,0,0,0,0,0,0,0,0,0,0,0.0,0.0,0.0,0.0,0.0,0.0,0.0,0.0,0.0,0.0,0.0,0.0,0,0,0,0,0,0,0,0,0,0,0,0,0,0,0,0,0,0,0,0,0,0,0,0,0,0,0,0,0,0,0,0,0,0,0,0E-26,0E-26,2,2,0,0,0,0,1,1,0E-26,0E-26,0,0,1,1,0E-26,0E-26,0,0,0,0,0,0,0,0,0,0,0,0,0,0,0,0,0,0,0,0,0,0,2,2,0,0,2,0,0,0,0,0,0,0,0,0,0,50.0,0.0,50.0,50.0,0.0,50.0,0,0,0,0,0,0,0.0,0.0,0.0
19,0.0,20,20,0.20,0.0,historical,17.78071729155226154566052952,0.20,0.0475,normal,0,1,0,0,,False,0,0.00,82.21928270844773845433947048,2.21928270844773845433947048,80.00000000000000000000000000,100.0000000000000000000000000,100.0000000000000000000000000,1.0,1,69.41234909121191171281716028,0,0,0,0,0,0,0,0,0,0,0,0,0,0,0,0,0,0,0,0,0,0,100.0000000000000000000000000,39.39487154075620158224263988,1E-25,139.3948715407562015822426398,139.3948715407562015822426398,0E-26,0E-27,0.0,20.00,0,39.39487154075620158224263988,280.6051284592437984177573601,0,20,20,80.00000000000000000000000000,17.78071729155226154566052952,100.000000000000000000000000,82.21928270844773845433947048,-17.78071729155226154566052952,280.6051284592437984177573601,39.39487154075620158224263988,0,0,0,20,17.78071729155226154566052952,100.000000000000000000000000,80.00000000000000000000000000,0,100.0000000000000000000000000,4,False,0,0,0,0,0,280.6051284592437984177573601,69.41234909121191171281716038,69.41234909121191171281716028,0E-16,69.41234909121191171281716038,0E-26,0,0,0,0,0,100.0000000000000000000000000,100.0000000000000000000000000,100.000000000000000000000000,100.000000000000000000000000,0,False,100.000000000000000000000000,100.000000000000000000000000,False,100.000000000000000000000000,0.0,2.21928270844773845433947048,0,0,89.98252244954428986942547953,69.98252244954428986942547953,41.98951346972657392165528772,27.99300897981771594777019181,41.98951346972657392165528772,27.99300897981771594777019181,71.12286916620904618264211806,0,0,0,71.12286916620904618264211806,1.000000000000000000000000000,0E-30,0.076950189376784501258960235,0.0,0.0,0.0,0.0,0.0,0.0,0.0,0.0,0,0,0,2,6.65600000000,0.0,0.0,34.70617454560595585640858014,0.0,0.0,0.0,0.0,0.0,0,0,1E-25,0,0,0,0,0,0,0,0.00,0.00,0,0,0,0,0,0,0,0,0.0,0,0,0,0,0,0,0,0,0,0,0,0,0,0,0,0,0,0,0,0,0,0,0,False,0,0,0,0,0,0,0,0,0,0,0,0,0,0,0,0,0,0,0E-26,39.39487154075620158224263988,0,0,0,0,0,0,False,0,0,0,0,0,0,0,0,0,0,0,0,0,0,0,0,0,0,0,0,0,0,0,0,0,0,0,0,0,0,0,0,0,0,0,0,0,0,0,0,2,0,0,69.41234909121191171281716028,0,0,0,69.41234909121191171281716028,6.65600000000,0.0,0.0,34.70617454560595585640858014,0,0,0,0,0,0,0,0,0,0,0,0,78.58779441615423156395158465,0E-26,0E-26,78.58779441615423156395158465,0,0,0,0,0,0,0.45,0,0,0,0,0,0,0,0,0,0,260.6051284592437984177573602,260.6051284592437984177573601,17.78071729155226154566052952,0.0,0.0,0.0,yield_seeking,0.1578947368421052631578947368,0.1509504528772042105263157894,-0.0004528513586316126315789473682,0,0,0,0,0,0,0,0,0,0,0,0,0,0,0,0,0,0,0,0,0,0,0,0,0,0,0,0,0,0,0,0,0,0,0,0,0,0,0.0,0.0,0.0,0.0,0.0,0.0,0.0,0.0,0.0,0.0,0.0,0.0,0,0,0,0,0,0,0,0,0,0,0,0,0,0,0,0,0,0,0,0,0,0,0,0,0,0,0,0,0,0,0,0,0,0,0,0E-26,0E-26,2,2,0,0,0,0,1,1,0E-26,0E-26,0,0,1,1,0E-26,0E-26,0,0,0,0,0,0,0,0,0,0,0,0,0,0,0,0,0,0,0,0,0,0,2,2,0,0,2,0,0,0,0,0,0,0,0,0,0,50.0,0.0,50.0,50.0,0.0,50.0,0,0,0,0,0,0,0.0,0.0,0.0
20,0.0,20,20,0.20,0.0,historical,17.99650448990885797388509591,0.20,0.0500,normal,0,1,0,0,,False,0,0.00,102.0034955100911420261149041,2.00349551009114202611490410,100.0000000000000000000000000,120.0000000000000000000000000,120.0000000000000000000000000,1.0,1,70.44181663858131978590644962,0,0,0,0,0,0,0,0,0,0,0,0,0,0,0,0,0,0,0,0,0,0,120.0000000000000000000000000,21.39836705084734360835754398,1E-25,141.3983670508473436083575439,141.3983670508473436083575439,0E-26,0E-27,0.0,20.00,0,21.39836705084734360835754398,298.6016329491526563916424560,0,20,20,100.0000000000000000000000000,17.99650448990885797388509590,120.0000000000000000000000000,102.0034955100911420261149041,-17.9965044899088579738850959,298.6016329491526563916424560,21.39836705084734360835754398,0,0,0,20,17.99650448990885797388509590,120.0000000000000000000000000,100.0000000000000000000000000,0,120.0000000000000000000000000,4,False,0,0,0,0,0,298.6016329491526563916424560,70.44181663858131978590644972,70.44181663858131978590644962,0E-16,70.44181663858131978590644972,0E-26,0,0,0,0,0,120.0000000000000000000000000,120.0000000000000000000000000,120.0000000000000000000000000,120.0000000000000000000000000,0,False,120.0000000000000000000000000,120.0000000000000000000000000,False,120.0000000000000000000000000,0.0,2.00349551009114202611490410,0,0,90.95655041226602382245109429,70.95655041226602382245109429,42.57393024735961429347065658,28.38262016490640952898043771,42.57393024735961429347065658,28.38262016490640952898043771,71.98601795963543189554038363,0,0,0,71.98601795963543189554038363,1.000000000000000000000000000,0E-30,0.077286717219574559224370092,0.0,0.0,0.0,0.0,0.0,0.0,0.0,0.0,0,0,0,2,6.65600000000,0.0,0.0,35.22090831929065989295322481,0.0,0.0,0.0,0.0,0.0,0,0,1E-25,0,0,0,0,0,0,0,0.00,0.00,0,0,0,0,0,0,0,0,0.0,0,0,0,0,0,0,0,0,0,0,0,0,0,0,0,0,0,0,0,0,0,0,0,False,0,0,0,0,0,0,0,0,0,0,0,0,0,0,0,0,0,0,0E-26,21.39836705084734360835754398,0,0,0,0,0,0,False,0,0,0,0,0,0,0,0,0,0,0,0,0,0,0,0,0,0,0,0,0,0,0,0,0,0,0,0,0,0,0,0,0,0,0,0,0,0,0,0,2,0,0,70.44181663858131978590644962,0,0,0,70.44181663858131978590644962,6.65600000000,0.0,0.0,35.22090831929065989295322481,0,0,0,0,0,0,0,0,0,0,0,0,79.6974357703781007911213199,0E-26,0E-26,79.6974357703781007911213199,0,0,0,0,0,0,0.45,0,0,0,0,0,0,0,0,0,0,278.6016329491526563916424561,278.6016329491526563916424560,17.99650448990885797388509590,0.0,0.0,0.0,yield_seeking,0.1578947368421052631578947368,0.1523393096701844210526315789,-0.0004570179290105532631578947367,0,0,0,0,0,0,0,0,0,0,0,0,0,0,0,0,0,0,0,0,0,0,0,0,0,0,0,0,0,0,0,0,0,0,0,0,0,0,0.0,0.0,0.0,0.0,0.0,0.0,0.0,0.0,0.0,0.0,0.0,0.0,0,0,0,0,0,0,0,0,0,0,0,0,0,0,0,0,0,0,0,0,0,0,0,0,0,0,0,0,0,0,0,0,0,0,0,0E-26,0E-26,2,2,0,0,0,0,1,1,0E-26,0E-26,0,0,1,1,0E-26,0E-26,0,0,0,0,0,0,0,0,0,0,0,0,0,0,0,0,0,0,0,0,0,0,2,2,0,0,2,0,0,0,0,0,0,0,0,0,0,50.0,0.0,50.0,50.0,0.0,50.0,0,0,0,0,0,0,0.0,0.0,0.0
21,0.0,20,20,0.20,0.0,historical,18.19131008245320476449021886,0.20,0.0525,normal,0,1,0,0,,False,0,0.00,121.8086899175467952355097811,1.80868991754679523550978114,120.0000000000000000000000000,140.0000000000000000000000000,140.0000000000000000000000000,1.0,1,71.37118611507391949472821994,0,0,0,0,0,0,0,0,0,0,0,0,0,0,0,0,0,0,0,0,0,0,140.0000000000000000000000000,3.20705696839413884386732514,1E-25,143.2070569683941388438673250,143.2070569683941388438673250,0E-26,0E-27,0.0,20.00,0,3.20705696839413884386732514,316.7929430316058611561326748,0,20,20,120.0000000000000000000000000,18.19131008245320476449021886,140.0000000000000000000000000,121.8086899175467952355097811,-18.1913100824532047644902189,316.7929430316058611561326748,3.20705696839413884386732514,0,0,0,20,18.19131008245320476449021886,140.0000000000000000000000000,120.0000000000000000000000000,0,140.0000000000000000000000000,4,False,0,0,0,0,0,316.7929430316058611561326748,71.37118611507391949472822004,71.37118611507391949472821994,0E-16,71.37118611507391949472822004,0E-26,0,0,0,0,0,140.0000000000000000000000000,140.0000000000000000000000000,140.0000000000000000000000000,140.0000000000000000000000000,0,False,140.0000000000000000000000000,140.0000000000000000000000000,False,140.0000000000000000000000000,0.0,1.80868991754679523550978114,0,0,91.83587085332021934913910511,71.83587085332021934913910511,43.10152251199213160948346306,28.73434834132808773965564205,43.10152251199213160948346306,28.73434834132808773965564205,72.76524032981281905796087543,0,0,0,72.76524032981281905796087543,1.000000000000000000000000000,0E-30,0.077582284565823372248149661,0.0,0.0,0.0,0.0,0.0,0.0,0.0,0.0,0,0,0,2,6.65600000000,0.0,0.0,35.68559305753695974736410997,0.0,0.0,0.0,0.0,0.0,0,0,1E-25,0,0,0,0,0,0,0,0.00,0.00,0,0,0,0,0,0,0,0,0.0,0,0,0,0,0,0,0,0,0,0,0,0,0,0,0,0,0,0,0,0,0,0,0,False,0,0,0,0,0,0,0,0,0,0,0,0,0,0,0,0,0,0,0E-26,3.20705696839413884386732514,0,0,0,0,0,0,False,0,0,0,0,0,0,0,0,0,0,0,0,0,0,0,0,0,0,0,0,0,0,0,0,0,0,0,0,0,0,0,0,0,0,0,0,0,0,0,0,2,0,0,71.37118611507391949472821994,0,0,0,71.37118611507391949472821994,6.65600000000,0.0,0.0,35.68559305753695974736410997,0,0,0,0,0,0,0,0,0,0,0,0,80.69918352542367180417877195,0E-26,0E-26,80.69918352542367180417877195,0,0,0,0,0,0,0.45,0,0,0,0,0,0,0,0,0,0,296.7929430316058611561326749,296.7929430316058611561326749,18.19131008245320476449021886,0.0,0.0,0.0,yield_seeking,0.1578947368421052631578947368,0.1534503951045685894736842105,-0.0004603511853137057684210526315,0,0,0,0,0,0,0,0,0,0,0,0,0,0,0,0,0,0,0,0,0,0,0,0,0,0,0,0,0,0,0,0,0,0,0,0,0,0,0.0,0.0,0.0,0.0,0.0,0.0,0.0,0.0,0.0,0.0,0.0,0.0,0,0,0,0,0,0,0,0,0,0,0,0,0,0,0,0,0,0,0,0,0,0,0,0,0,0,0,0,0,0,0,0,0,0,0,0E-26,0E-26,2,2,0,0,0,0,1,1,0E-26,0E-26,0,0,1,1,0E-26,0E-26,0,0,0,0,0,0,0,0,0,0,0,0,0,0,0,0,0,0,0,0,0,0,2,2,0,0,2,0,0,0,0,0,0,0,0,0,0,50.0,0.0,50.0,50.0,0.0,50.0,0,0,0,0,0,0,0.0,0.0,0.0
22,0.0,20,20,0.20,0.0,historical,18.36717417066404386982782102,0.20,0.0550,normal,0,1,0,0,,False,0,0.00,141.6328258293359561301721790,1.63282582933595613017217898,140.0000000000000000000000000,160.0000000000000000000000000,160.0000000000000000000000000,1.0,1,72.21019034210682188856144561,0,15.16011720226990502596049592,0,0,0,0,0,0,0,0,0,0,0,0,0,0,0,0,0,0,0,0,160.0000000000000000000000000,0E-26,0E-25,144.8398827977300949740395041,144.8398827977300949740395041,0E-26,0E-27,0.0,20.00,0,0E-26,335.1601172022699050259604958,0,20,20,140.0000000000000000000000000,18.36717417066404386982782102,160.0000000000000000000000000,141.6328258293359561301721790,-18.3671741706640438698278210,335.1601172022699050259604958,0E-26,0,15.16011720226990502596049592,0,20,18.36717417066404386982782102,160.0000000000000000000000000,140.0000000000000000000000000,0,175.1601172022699050259604959,6,True,15.16011720226990502596049592,10.62030450239842632189669261,0,295.4601873001285212959361967,284.8398827977300949740395041,335.1601172022699050259604958,72.21019034210682188856144561,72.21019034210682188856144561,0E-16,72.21019034210682188856144561,0E-26,0,0,0,0,0,144.8398827977300949740395041,160.0000000000000000000000000,160.0000000000000000000000000,160.0000000000000000000000000,0,False,160.0000000000000000000000000,160.0000000000000000000000000,False,160.0000000000000000000000000,0.0,1.63282582933595613017217898,0,0,92.62969245562327308547805842,72.62969245562327308547805842,43.57781547337396385128683505,29.05187698224930923419122337,43.57781547337396385128683505,29.05187698224930923419122337,73.46869668265617547931128409,0,0,0,73.46869668265617547931128409,1.000000000000000000000000000,0E-31,0.077842637490134754213052401,0.0,0.0,0.0,0.0,0.0,0.0,0.0,0.0,0,0,0,2,6.65600000000,0.0,0.0,36.10509517105341094428072280,0.0,0.0,0.0,0.0,0.0,0,0,0E-25,0,0,0,0,0,0,0,0.00,0.00,0,0,0,0,0,0,0,0,0.0,0,0,0,0,0,0,0,0,0,0,0,0,0,0,0,0,0,0,0,0,0,0,0,False,0,0,0,0,0,0,0,0,0,0,0,0,0,0,0,0,0,0,0E-26,0E-26,0,0,0,0,0,0,False,0,0,0,0,0,0,0,0,0,0,0,0,0,0,0,0,0,0,0,0,0,0,0,0,0,0,0,0,0,0,0,0,0,0,0,0,0,0,0,0,2,0,0,72.21019034210682188856144561,0,0,0,72.21019034210682188856144561,6.65600000000,0.0,0.0,36.10509517105341094428072280,0,0,0,0,0,0,0,0,0,0,0,0,81.6035284841970694219336625,0E-26,0E-26,81.6035284841970694219336625,0,0,0,0,0,0,0.45,0,0,0,0,0,0,0,0,0,0,315.1601172022699050259604959,315.1601172022699050259604959,18.36717417066404386982782102,0.0,0.0,0.0,yield_seeking,0.1578947368421052631578947368,0.1543392634520759242105263158,-0.0004630177903562277726315789474,0,0,0,0,0,0,0,0,0,0,0,0,0,0,0,0,0,0,0,0,0,0,0,0,0,0,0,0,0,0,0,0,0,0,0,0,0,0,0.0,0.0,0.0,0.0,0.0,0.0,0.0,0.0,0.0,0.0,0.0,0.0,0,0,0,0,0,0,0,0,0,0,0,0,0,0,0,0,0,0,0,0,0,0,0,0,0,0,0,0,0,0,0,0,0,0,0,0E-26,0E-26,2,2,0,0,0,0,1,1,0E-26,0E-26,0,0,1,1,0E-26,0E-26,0,0,0,0,0,0,0,0,0,0,0,0,0,0,0,0,0,0,0,0,0,0,2,2,0,0,2,0,0,0,0,0,0,0,0,0,0,50.0,0.0,50.0,50.0,0.0,50.0,0,0,0,0,0,0,0.0,0.0,0.0
23,0.0,20,20,0.20,0.0,historical,18.52593849112465461709561168,0.20,0.0575,normal,0,1,0,0,,False,0,0.00,146.3139443066054403569438924,1.47406150887534538290438832,144.8398827977300949740395041,164.8398827977300949740395041,164.8398827977300949740395041,1.0,1,72.96761579106354052048984607,0,18.52593849112465461709561168,0,0,0,0,0,0,0,0,0,0,0,0,0,0,0,0,0,0,0,0,164.8398827977300949740395041,0E-27,1E-25,146.3139443066054403569438923,146.3139443066054403569438923,0E-26,0E-27,0.0,20.00,0,0E-27,353.6860556933945596430561075,0,20,20,144.8398827977300949740395041,18.52593849112465461709561168,164.8398827977300949740395041,146.3139443066054403569438924,-18.5259384911246546170956117,353.6860556933945596430561075,0E-27,0,18.52593849112465461709561168,0,20,18.52593849112465461709561168,164.8398827977300949740395041,144.8398827977300949740395041,0,183.3658212888547495911351158,6,True,18.52593849112465461709561168,7.810375396449861846838244674,0,298.9642025007853971778216412,291.1538271043355353309833965,353.6860556933945596430561075,72.96761579106354052048984617,72.96761579106354052048984607,0E-16,72.96761579106354052048984617,0E-26,0,0,0,0,0,146.3139443066054403569438924,164.8398827977300949740395041,164.8398827977300949740395041,164.8398827977300949740395041,0,False,164.8398827977300949740395041,164.8398827977300949740395041,False,164.8398827977300949740395041,0.0,1.47406150887534538290438832,0,0,93.34632851554189983645404628,73.34632851554189983645404628,44.00779710932513990187242777,29.33853140621675993458161851,44.00779710932513990187242777,29.33853140621675993458161851,74.10375396449861846838244674,0,0,0,74.10375396449861846838244674,1.000000000000000000000000000,0E-31,0.078072568203800181022915803,0.0,0.0,0.0,0.0,0.0,0.0,0.0,0.0,0,0,0,2,6.65600000000,0.0,0.0,36.48380789553177026024492304,0.0,0.0,0.0,0.0,0.0,0,0,1E-25,0,0,0,0,0,0,0,0.00,0.00,0,0,0,0,0,0,0,1,0.0,0,0,0,0,0,0,0,0,0,0,0,0,0,0,0,0,0,0,0,0,0,0,0,False,0,0,0,0,0,0,0,0,0,0,0,0,0,0,0,0,0,0,0E-26,0E-27,0,0,0,0,0,0,False,0,0,0,0,0,0,0,0,0,0,0,0,0,0,0,0,0,0,0,0,0,0,0,0,0,0,0,0,0,0,0,0,0,0,0,0,0,0,0,0,2,0,0,72.96761579106354052048984607,0,0,0,72.96761579106354052048984607,6.65600000000,0.0,0.0,36.48380789553177026024492304,0,0,0,0,0,0,0,0,0,0,0,0,82.4199413988650474870197520,0E-26,0E-26,82.4199413988650474870197520,0,0,0,0,0,0,0.45,0,0,0,0,0,0,0,0,0,0,333.6860556933945596430561076,333.6860556933945596430561076,18.52593849112465461709561168,0.0,0.0,0.0,yield_seeking,0.1578947368421052631578947368,0.1550503581300817920000000000,-0.0004651510743902453760000000000,0,0,0,0,0,0,0,0,0,0,0,0,0,0,0,0,0,0,0,0,0,0,0,0,0,0,0,0,0,0,0,0,0,0,0,0,0,0,0.0,0.0,0.0,0.0,0.0,0.0,0.0,0.0,0.0,0.0,0.0,0.0,0,0,0,0,0,0,0,0,0,0,0,0,0,0,0,0,0,0,0,0,0,0,0,0,0,0,0,0,0,0,0,0,0,0,0,0E-26,0E-26,2,2,0,0,0,0,1,1,0E-26,0E-26,0,0,1,1,0E-26,0E-26,0,0,0,0,0,0,0,0,0,0,0,0,0,0,0,0,0,0,0,0,0,0,2,2,0,0,2,0,0,0,0,0,0,0,0,0,0,50.0,0.0,50.0,50.0,0.0,50.0,0,0,0,0,0,0,0.0,0.0,0.0
24,0.0,20,20,0.20,0.0,historical,18.66926570310837996729080926,0.20,0.0600,normal,0,1,0,0,,False,0,0.00,147.6446786034970603896530832,1.33073429689162003270919075,146.3139443066054403569438924,166.3139443066054403569438924,166.3139443066054403569438924,1.0,1,73.65139459961153225995920245,0,18.66926570310837996729080925,0,0,0,0,0,0,0,0,0,0,0,0,0,0,0,0,0,0,0,0,166.3139443066054403569438924,0E-27,1E-25,147.6446786034970603896530831,147.6446786034970603896530831,0E-26,0E-27,0.0,20.00,0,0E-27,372.3553213965029396103469167,0,20,20,146.3139443066054403569438924,18.66926570310837996729080925,166.3139443066054403569438924,147.6446786034970603896530832,-18.6692657031083799672908092,372.3553213965029396103469167,0E-27,0,18.66926570310837996729080925,0,20,18.66926570310837996729080925,166.3139443066054403569438924,146.3139443066054403569438924,0,184.9832100097138203242347016,6,True,18.66926570310837996729080925,7.867706281243351986916323702,0,301.8263291913458527335132993,293.9586229101025007465969756,372.3553213965029396103469167,73.65139459961153225995920255,73.65139459961153225995920245,0E-16,73.65139459961153225995920255,0E-26,0,0,0,0,0,147.6446786034970603896530832,166.3139443066054403569438924,166.3139443066054403569438924,166.3139443066054403569438924,0,False,166.3139443066054403569438924,166.3139443066054403569438924,False,166.3139443066054403569438924,0.0,1.33073429689162003270919076,1E-26,0,93.99328400388552812969388065,73.99328400388552812969388065,44.39597040233131687781632839,29.59731360155421125187755226,44.39597040233131687781632839,29.59731360155421125187755226,74.67706281243351986916323703,0,0,0,74.67706281243351986916323703,1.000000000000000000000000000,0E-31,0.078276101086043057151238797,0.0,0.0,0.0,0.0,0.0,0.0,0.0,0.0,0,0,0,2,6.65600000000,0.0,0.0,36.82569729980576612997960122,0.0,0.0,0.0,0.0,0.0,0,0,1E-25,0,0,0,0,0,0,0,0.000,0.000,0,0,0,0,0,0,0,0,0.0,0,0,0,0,0,0,0,0,0,0,0,0,0,0,0,0,0,0,0,0,0,0,0,False,0,0,0,0,0,0,0,0,0,0,0,0,0,0,0,0,0,0,0E-26,0E-27,0,0,0,0,0,0,False,0,0,0,0,0,0,0,0,0,0,0,0,0,0,0,0,0,0,0,0,0,0,0,0,0,0,0,0,0,0,0,0,0,0,0,0,0,0,0,0,2,0,0,73.65139459961153225995920245,0,0,0,73.65139459961153225995920245,6.65600000000,0.0,0.0,36.82569729980576612997960122,0,0,0,0,0,0,0,0,0,0,0,0,83.1569721533027201784719462,0E-26,0E-26,83.1569721533027201784719462,0,0,0,0,0,0,0.45,0,0,0,0,0,0,0,0,0,0,352.3553213965029396103469168,352.3553213965029396103469168,18.66926570310837996729080925,0.0,0.0,0.0,yield_seeking,0.1578947368421052631578947368,0.1556192338724864862315789474,-0.0004668577016174594586947368422,0,0,0,0,0,0,0,0,0,0,0,0,0,0,0,0,0,0,0,0,0,0,0,0,0,0,0,0,0,0,0,0,0,0,0,0,0,0,0.0,0.0,0.0,0.0,0.0,0.0,0.0,0.0,0.0,0.0,0.0,0.0,0,0,0,0,0,0,0,0,0,0,0,0,0,0,0,0,0,0,0,0,0,0,0,0,0,0,0,0,0,0,0,0,0,0,0,0E-26,0E-26,2,2,0,0,0,0,1,1,0E-26,0E-26,0,0,1,1,0E-26,0E-26,0,0,0,0,0,0,0,0,0,0,0,0,0,0,0,0,0,0,0,0,0,0,2,2,0,0,2,0,0,0,0,0,0,0,0,0,0,50.0,0.0,50.0,50.0,0.0,50.0,0,0,0,0,0,0,0.0,0.0,0.0
25,0.0,20,20,0.20,0.0,historical,18.79865680077710562593877613,0.20,0.0625,normal,0,1,0,0,,False,0,0.00,148.8460218027199547637143071,1.20134319922289437406122387,147.6446786034970603896530832,167.6446786034970603896530832,167.6446786034970603896530832,1.0,1,74.26868764101028835747756327,0,18.79865680077710562593877613,0,0,0,0,0,0,0,0,0,0,0,0,0,0,0,0,0,0,0,0,167.6446786034970603896530832,0E-27,1E-25,148.8460218027199547637143070,148.8460218027199547637143070,0E-26,0E-27,0.0,20.00,0,0E-27,391.1539781972800452362856929,0,20,20,147.6446786034970603896530832,18.79865680077710562593877613,167.6446786034970603896530832,148.8460218027199547637143071,-18.7986568007771056259387761,391.1539781972800452362856929,0E-27,0,18.79865680077710562593877613,0,20,18.79865680077710562593877613,167.6446786034970603896530832,147.6446786034970603896530832,0,186.4433354042741660155918593,6,True,18.79865680077710562593877613,7.919462720310842250375510452,0,304.4101631265278574037429007,296.4907004062170151533673902,391.1539781972800452362856929,74.26868764101028835747756337,74.26868764101028835747756327,0E-16,74.26868764101028835747756337,0E-26,0,0,0,0,0,148.8460218027199547637143071,167.6446786034970603896530832,167.6446786034970603896530832,167.6446786034970603896530832,0,False,167.6446786034970603896530832,167.6446786034970603896530832,False,167.6446786034970603896530832,0.0,1.20134319922289437406122387,0,0,94.57733416170966640623674370,74.57733416170966640623674370,44.74640049702579984374204622,29.83093366468386656249469748,44.74640049702579984374204622,29.83093366468386656249469748,75.19462720310842250375510452,0,0,0,75.19462720310842250375510452,1.000000000000000000000000000,0E-31,0.078456637359391690493967852,0.0,0.0,0.0,0.0,0.0,0.0,0.0,0.0,0,0,0,2,6.65600000000,0.0,0.0,37.13434382050514417873878164,0.0,0.0,0.0,0.0,0.0,0,0,1E-25,0,0,0,0,0,0,0,0.000,0.000,0,0,0,0,0,0,0,0,0.0,0,0,0,0,0,0,0,0,0,0,0,0,0,0,0,0,0,0,0,0,0,0,0,False,0,0,0,0,0,0,0,0,0,0,0,0,0,0,0,0,0,0,0E-26,0E-27,0,0,0,0,0,0,False,0,0,0,0,0,0,0,0,0,0,0,0,0,0,0,0,0,0,0,0,0,0,0,0,0,0,0,0,0,0,0,0,0,0,0,0,0,0,0,0,2,0,0,74.26868764101028835747756327,0,0,0,74.26868764101028835747756327,6.65600000000,0.0,0.0,37.13434382050514417873878164,0,0,0,0,0,0,0,0,0,0,0,0,83.82233930174853019482654155,0E-26,0E-26,83.82233930174853019482654155,0,0,0,0,0,0,0.45,0,0,0,0,0,0,0,0,0,0,371.1539781972800452362856930,371.1539781972800452362856929,18.79865680077710562593877613,0.0,0.0,0.0,yield_seeking,0.1578947368421052631578947368,0.1560743344664102416168421053,-0.0004682230033992307248505263159,0,0,0,0,0,0,0,0,0,0,0,0,0,0,0,0,0,0,0,0,0,0,0,0,0,0,0,0,0,0,0,0,0,0,0,0,0,0,0.0,0.0,0.0,0.0,0.0,0.0,0.0,0.0,0.0,0.0,0.0,0.0,0,0,0,0,0,0,0,0,0,0,0,0,0,0,0,0,0,0,0,0,0,0,0,0,0,0,0,0,0,0,0,0,0,0,0,0E-26,0E-26,2,2,0,0,0,0,1,1,0E-26,0E-26,0,0,1,1,0E-26,0E-26,0,0,0,0,0,0,0,0,0,0,0,0,0,0,0,0,0,0,0,0,0,0,2,2,0,0,2,0,0,0,0,0,0,0,0,0,0,50.0,0.0,50.0,50.0,0.0,50.0,0,0,0,0,0,0,0.0,0.0,0.0
26,0.0,20,20,0.20,0.0,historical,18.91546683234193328124734874,0.20,0.0650,normal,0,1,0,0,,False,0,0.00,149.9305549703780214824669584,1.08453316765806671875265126,148.8460218027199547637143071,168.8460218027199547637143071,168.8460218027199547637143071,1.0,1,74.82595951635326626448229595,0,18.91546683234193328124734874,0,0,0,0,0,0,0,0,0,0,0,0,0,0,0,0,0,0,0,0,168.8460218027199547637143071,0E-27,2E-25,149.9305549703780214824669582,149.9305549703780214824669582,0E-26,0E-27,0.0,20.00,0,0E-27,410.0694450296219785175330417,0,20,20,148.8460218027199547637143071,18.91546683234193328124734874,168.8460218027199547637143071,149.9305549703780214824669584,-18.9154668323419332812473487,410.0694450296219785175330417,0E-27,0,18.91546683234193328124734874,0,20,18.91546683234193328124734874,168.8460218027199547637143071,148.8460218027199547637143071,0,187.7614886350618880449616558,6,True,18.91546683234193328124734874,7.966186732936773312498939496,0,306.7427635060347495586802050,298.7765767730979762461812655,410.0694450296219785175330417,74.82595951635326626448229615,74.82595951635326626448229595,0E-16,74.82595951635326626448229615,0E-26,0,0,0,0,0,149.9305549703780214824669584,168.8460218027199547637143071,168.8460218027199547637143071,168.8460218027199547637143071,0,False,168.8460218027199547637143071,168.8460218027199547637143071,False,168.8460218027199547637143071,0.0,1.08453316765806671875265126,0,0,95.10459545402475521798466228,75.10459545402475521798466228,45.06275727241485313079079737,30.04183818160990208719386491,45.06275727241485313079079737,30.04183818160990208719386491,75.66186732936773312498939496,0,0,0,75.66186732936773312498939496,1.000000000000000000000000000,0E-31,0.078617068558062009152531904,0.0,0.0,0.0,0.0,0.0,0.0,0.0,0.0,0,0,0,2,6.65600000000,0.0,0.0,37.41297975817663313224114798,0.0,0.0,0.0,0.0,0.0,0,0,2E-25,0,0,0,0,0,0,0,0.000,0.000,0,0,0,0,0,0,0,0,0.0,0,0,0,0,0,0,0,0,0,0,0,0,0,0,0,0,0,0,0,0,0,0,0,False,0,0,0,0,0,0,0,0,0,0,0,0,0,0,0,0,0,0,0E-26,0E-27,0,0,0,0,0,0,False,0,0,0,0,0,0,0,0,0,0,0,0,0,0,0,0,0,0,0,0,0,0,0,0,0,0,0,0,0,0,0,0,0,0,0,0,0,0,0,0,2,0,0,74.82595951635326626448229595,0,0,0,74.82595951635326626448229595,6.65600000000,0.0,0.0,37.41297975817663313224114798,0,0,0,0,0,0,0,0,0,0,0,0,84.4230109013599773818571535,0E-26,0E-26,84.4230109013599773818571535,0,0,0,0,0,0,0.45,0,0,0,0,0,0,0,0,0,0,390.0694450296219785175330417,390.0694450296219785175330416,18.91546683234193328124734874,0.0,0.0,0.0,yield_seeking,0.1578947368421052631578947368,0.1564384149415492459250526316,-0.0004693152448246477377751578948,0,0,0,0,0,0,0,0,0,0,0,0,0,0,0,0,0,0,0,0,0,0,0,0,0,0,0,0,0,0,0,0,0,0,0,0,0,0,0.0,0.0,0.0,0.0,0.0,0.0,0.0,0.0,0.0,0.0,0.0,0.0,0,0,0,0,0,0,0,0,0,0,0,0,0,0,0,0,0,0,0,0,0,0,0,0,0,0,0,0,0,0,0,0,0,0,0,0E-26,0E-26,2,2,0,0,0,0,1,1,0E-26,0E-26,0,0,1,1,0E-26,0E-26,0,0,0,0,0,0,0,0,0,0,0,0,0,0,0,0,0,0,0,0,0,0,2,2,0,0,2,0,0,0,0,0,0,0,0,0,0,50.0,0.0,50.0,50.0,0.0,50.0,0,0,0,0,0,0,0.0,0.0,0.0
27,0.0,20,20,0.20,0.0,historical,19.02091909080495104359693246,0.20,0.0675,normal,0,1,0,0,,False,0,0.00,150.9096358795730704388700260,0.97908090919504895640306755,149.9305549703780214824669584,169.9305549703780214824669584,169.9305549703780214824669584,1.0,1,75.32904625509988142844446950,0,19.02091909080495104359693245,0,0,0,0,0,0,0,0,0,0,0,0,0,0,0,0,0,0,0,0,169.9305549703780214824669584,0E-27,2E-25,150.9096358795730704388700258,150.9096358795730704388700258,0E-26,0E-27,0.0,20.00,0,0E-27,429.0903641204269295611299742,0,20,20,149.9305549703780214824669584,19.02091909080495104359693245,169.9305549703780214824669584,150.9096358795730704388700260,-19.0209190908049510435969324,429.0903641204269295611299742,0E-27,0,19.02091909080495104359693245,0,20,19.02091909080495104359693245,169.9305549703780214824669584,149.9305549703780214824669584,0,188.9514740611829725260638908,6,True,19.02091909080495104359693245,8.008367636321980417438772982,0,308.8485584862730723387757573,300.8401908499510919213369843,429.0903641204269295611299742,75.32904625509988142844446970,75.32904625509988142844446950,0E-16,75.32904625509988142844446970,0E-26,0,0,0,0,0,150.9096358795730704388700260,169.9305549703780214824669584,169.9305549703780214824669584,169.9305549703780214824669584,0,False,169.9305549703780214824669584,169.9305549703780214824669584,False,169.9305549703780214824669584,0.0,0.97908090919504895640306755,0,0,95.58058962447318901042555628,75.58058962447318901042555628,45.34835377468391340625533377,30.23223584978927560417022251,45.34835377468391340625533377,30.23223584978927560417022251,76.08367636321980417438772983,0,0,0,76.08367636321980417438772983,1.000000000000000000000000000,0E-31,0.078759866253571164496212756,0.0,0.0,0.0,0.0,0.0,0.0,0.0,0.0,0,0,0,2,6.65600000000,0.0,0.0,37.66452312754994071422223475,0.0,0.0,0.0,0.0,0.0,0,0,2E-25,0,0,0,0,0,0,0,0.000,0.000,0,0,0,0,0,0,0,0,0.0,0,0,0,0,0,0,0,0,0,0,0,0,0,0,0,0,0,0,0,0,0,0,0,False,0,0,0,0,0,0,0,0,0,0,0,0,0,0,0,0,0,0,0E-26,0E-27,0,0,0,0,0,0,False,0,0,0,0,0,0,0,0,0,0,0,0,0,0,0,0,0,0,0,0,0,0,0,0,0,0,0,0,0,0,0,0,0,0,0,0,0,0,0,0,2,0,0,75.32904625509988142844446950,0,0,0,75.32904625509988142844446950,6.65600000000,0.0,0.0,37.66452312754994071422223475,0,0,0,0,0,0,0,0,0,0,0,0,84.9652774851890107412334791,0E-26,0E-26,84.9652774851890107412334791,0,0,0,0,0,0,0.45,0,0,0,0,0,0,0,0,0,0,409.0903641204269295611299742,409.0903641204269295611299740,19.02091909080495104359693245,0.0,0.0,0.0,yield_seeking,0.1578947368421052631578947368,0.1567296793216604493716210526,-0.0004701890379649813481148631578,0,0,0,0,0,0,0,0,0,0,0,0,0,0,0,0,0,0,0,0,0,0,0,0,0,0,0,0,0,0,0,0,0,0,0,0,0,0,0.0,0.0,0.0,0.0,0.0,0.0,0.0,0.0,0.0,0.0,0.0,0.0,0,0,0,0,0,0,0,0,0,0,0,0,0,0,0,0,0,0,0,0,0,0,0,0,0,0,0,0,0,0,0,0,0,0,0,0E-26,0E-26,2,2,0,0,0,0,1,1,0E-26,0E-26,0,0,1,1,0E-26,0E-26,0,0,0,0,0,0,0,0,0,0,0,0,0,0,0,0,0,0,0,0,0,0,2,2,0,0,2,0,0,0,0,0,0,0,0,0,0,50.0,0.0,50.0,50.0,0.0,50.0,0,0,0,0,0,0,0.0,0.0,0.0
28,0.0,20,20,0.20,0.0,historical,19.11611792489463780208511126,0.20,0.0700,normal,0,1,0,0,,False,0,0.00,151.7935179546784326367849148,0.88388207510536219791488875,150.9096358795730704388700260,170.9096358795730704388700260,170.9096358795730704388700260,1.0,1,75.78321643289134934040285971,0,19.11611792489463780208511125,0,0,0,0,0,0,0,0,0,0,0,0,0,0,0,0,0,0,0,0,170.9096358795730704388700260,0E-27,3E-25,151.7935179546784326367849145,151.7935179546784326367849145,0E-26,0E-27,0.0,20.00,0,0E-27,448.2064820453215673632150855,0,20,20,150.9096358795730704388700260,19.11611792489463780208511125,170.9096358795730704388700260,151.7935179546784326367849148,-19.1161179248946378020851112,448.2064820453215673632150855,0E-27,0,19.11611792489463780208511125,0,20,19.11611792489463780208511125,170.9096358795730704388700260,150.9096358795730704388700260,0,190.0257538044677082409551372,6,True,19.11611792489463780208511125,8.046447169957855120834044502,0,310.7496010042093581964889852,302.7031538342515030756549407,448.2064820453215673632150855,75.78321643289134934040286001,75.78321643289134934040285971,0E-16,75.78321643289134934040286001,0E-26,0,0,0,0,0,151.7935179546784326367849148,170.9096358795730704388700260,170.9096358795730704388700260,170.9096358795730704388700260,0,False,170.9096358795730704388700260,170.9096358795730704388700260,False,170.9096358795730704388700260,0.0,0.88388207510536219791488875,0,0,96.01030152178708329638205482,76.01030152178708329638205482,45.60618091307224997782923290,30.40412060871483331855282192,45.60618091307224997782923290,30.40412060871483331855282192,76.46447169957855120834044503,0,0,0,76.46447169957855120834044503,1.000000000000000000000000000,0E-31,0.078887153570653707383422615,0.0,0.0,0.0,0.0,0.0,0.0,0.0,0.0,0,0,0,2,6.65600000000,0.0,0.0,37.89160821644567467020142986,0.0,0.0,0.0,0.0,0.0,0,0,3E-25,0,0,0,0,0,0,0,0.000,0.000,0,0,0,0,0,0,0,0,0.0,0,0,0,0,0,0,0,0,0,0,0,0,0,0,0,0,0,0,0,0,0,0,0,False,0,0,0,0,0,0,0,0,0,0,0,0,0,0,0,0,0,0,0E-26,0E-27,0,0,0,0,0,0,False,0,0,0,0,0,0,0,0,0,0,0,0,0,0,0,0,0,0,0,0,0,0,0,0,0,0,0,0,0,0,0,0,0,0,0,0,0,0,0,0,2,0,0,75.78321643289134934040285971,0,0,0,75.78321643289134934040285971,6.65600000000,0.0,0.0,37.89160821644567467020142986,0,0,0,0,0,0,0,0,0,0,0,0,85.4548179397865352194350129,0E-26,0E-26,85.4548179397865352194350129,0,0,0,0,0,0,0.45,0,0,0,0,0,0,0,0,0,0,428.2064820453215673632150855,428.2064820453215673632150852,19.11611792489463780208511125,0.0,0.0,0.0,yield_seeking,0.1578947368421052631578947368,0.1569626908257494121288757894,-0.0004708880724772482363866273682,0,0,0,0,0,0,0,0,0,0,0,0,0,0,0,0,0,0,0,0,0,0,0,0,0,0,0,0,0,0,0,0,0,0,0,0,0,0,0.0,0.0,0.0,0.0,0.0,0.0,0.0,0.0,0.0,0.0,0.0,0.0,0,0,0,0,0,0,0,0,0,0,0,0,0,0,0,0,0,0,0,0,0,0,0,0,0,0,0,0,0,0,0,0,0,0,0,0E-26,0E-26,2,2,0,0,0,0,1,1,0E-26,0E-26,0,0,1,1,0E-26,0E-26,0,0,0,0,0,0,0,0,0,0,0,0,0,0,0,0,0,0,0,0,0,0,2,2,0,0,2,0,0,0,0,0,0,0,0,0,0,50.0,0.0,50.0,50.0,0.0,50.0,0,0,0,0,0,0,0.0,0.0,0.0
29,0.0,20,20,0.20,0.0,historical,19.20206030435741665927641096,0.20,0.0725,normal,0,1,0,0,,False,0,0.00,152.5914576503210159775085038,0.79793969564258334072358904,151.7935179546784326367849148,171.7935179546784326367849148,171.7935179546784326367849148,1.0,1,76.19322634670667625908397337,0,19.20206030435741665927641096,0,0,0,0,0,0,0,0,0,0,0,0,0,0,0,0,0,0,0,0,171.7935179546784326367849148,0E-26,2E-25,152.5914576503210159775085036,152.5914576503210159775085036,0E-26,0E-27,0.0,20.00,0,0E-26,467.4085423496789840224914966,0,20,20,151.7935179546784326367849148,19.20206030435741665927641096,171.7935179546784326367849148,152.5914576503210159775085038,-19.2020603043574166592764110,467.4085423496789840224914966,0E-26,0,19.20206030435741665927641096,0,20,19.20206030435741665927641096,171.7935179546784326367849148,151.7935179546784326367849148,0,190.9955782590358492960613258,6,True,19.20206030435741665927641096,11.12123618261444999556584658,0,315.5062117876138986098592652,304.3849756049994486142934186,467.4085423496789840224914966,76.19322634670667625908397357,76.19322634670667625908397337,0E-16,76.19322634670667625908397357,0E-26,0,0,0,0,0,152.5914576503210159775085038,171.7935179546784326367849148,171.7935179546784326367849148,171.7935179546784326367849148,0,False,171.7935179546784326367849148,171.7935179546784326367849148,False,171.7935179546784326367849148,0.0,0.79793969564258334072358904,0,0,96.39823130361433971842453020,76.39823130361433971842453020,45.83893878216860383105471812,30.55929252144573588736981208,45.83893878216860383105471812,30.55929252144573588736981208,76.80824121742966663710564386,0,0,0,76.80824121742966663710564386,1.000000000000000000000000000,0E-31,0.079000762626835715642210753,0.0,0.0,0.0,0.0,0.0,0.0,0.0,0.0,0,0,0,2,6.65600000000,0.0,0.0,38.09661317335333812954198668,0.0,0.0,0.0,0.0,0.0,0,0,2E-25,0,0,0,0,0,0,0,0.000,0.000,0,0,0,0,0,0,0,0,0.0,0,0,0,0,0,0,0,0,0,0,0,0,0,0,0,0,0,0,0,0,0,0,0,False,0,0,0,0,0,0,0,0,0,0,0,0,0,0,0,0,0,0,0E-26,0E-26,0,0,0,0,0,0,False,0,0,0,0,0,0,0,0,0,0,0,0,0,0,0,0,0,0,0,0,0,0,0,0,0,0,0,0,0,0,0,0,0,0,0,0,0,0,0,0,2,0,0,76.19322634670667625908397337,0,0,0,76.19322634670667625908397337,6.65600000000,0.0,0.0,38.09661317335333812954198668,0,0,0,0,0,0,0,0,0,0,0,0,85.89675897733921631839245725,0E-26,0E-26,85.89675897733921631839245725,0,0,0,0,0,0,0.45,0,0,0,0,0,0,0,0,0,0,447.4085423496789840224914965,447.4085423496789840224914962,19.20206030435741665927641096,0.0,0.0,0.0,yield_seeking,0.1578947368421052631578947368,0.1571491000290205823346795789,-0.0004714473000870617470040387367,0,0,0,0,0,0,0,0,0,0,0,0,0,0,0,0,0,0,0,0,0,0,0,0,0,0,0,0,0,0,0,0,0,0,0,0,0,0,0.0,0.0,0.0,0.0,0.0,0.0,0.0,0.0,0.0,0.0,0.0,0.0,0,0,0,0,0,0,0,0,0,0,0,0,0,0,0,0,0,0,0,0,0,0,0,0,0,0,0,0,0,0,0,0,0,0,0,0E-26,0E-26,2,2,0,0,0,0,1,1,0E-26,0E-26,0,0,1,1,0E-26,0E-26,0,0,0,0,0,0,0,0,0,0,0,0,0,0,0,0,0,0,0,0,0,0,2,2,0,0,2,0,0,0,0,0,0,0,0,0,0,50.0,0.0,50.0,50.0,0.0,50.0,0,0,0,0,0,0,0.0,0.0,0.0
30,0.0,20,20,0.20,0.0,historical,19.27964626072286794368490604,0.20,0.0750,normal,0,1,0,0,,False,0,0.00,153.3118113895981480338235978,0.72035373927713205631509396,152.5914576503210159775085038,172.5914576503210159775085038,172.5914576503210159775085038,1.0,1,76.56336982518059446534623368,0,19.27964626072286794368490604,0,0,0,0,0,0,0,0,0,0,0,0,0,0,0,0,0,0,0,0,172.5914576503210159775085038,0E-26,3E-25,153.3118113895981480338235975,153.3118113895981480338235975,0E-26,0E-27,0.0,20.00,0,0E-26,486.6881886104018519661764026,0,20,20,152.5914576503210159775085038,19.27964626072286794368490604,172.5914576503210159775085038,153.3118113895981480338235978,-19.2796462607228679436849060,486.6881886104018519661764026,0E-26,0,19.27964626072286794368490604,0,20,19.27964626072286794368490604,172.5914576503210159775085038,152.5914576503210159775085038,0,191.8711039110438839211934098,6,True,19.27964626072286794368490604,11.16778775643372076621094362,0,317.0710567963528847775430452,305.9032690399191640113321016,486.6881886104018519661764026,76.56336982518059446534623398,76.56336982518059446534623368,0E-16,76.56336982518059446534623398,0E-26,0,0,0,0,0,153.3118113895981480338235978,172.5914576503210159775085038,172.5914576503210159775085038,172.5914576503210159775085038,0,False,172.5914576503210159775085038,172.5914576503210159775085038,False,172.5914576503210159775085038,0.0,0.72035373927713205631509396,0,0,96.74844156441755356847736385,76.74844156441755356847736385,46.04906493865053214108641831,30.69937662576702142739094554,46.04906493865053214108641831,30.69937662576702142739094554,77.11858504289147177473962416,0,0,0,77.11858504289147177473962416,1.000000000000000000000000000,0E-31,0.079102281006931070569457301,0.0,0.0,0.0,0.0,0.0,0.0,0.0,0.0,0,0,0,2,6.65600000000,0.0,0.0,38.28168491259029723267311684,0.0,0.0,0.0,0.0,0.0,0,0,3E-25,0,0,0,0,0,0,0,0.000,0.000,0,0,0,0,0,0,0,0,0.0,0,0,0,0,0,0,0,0,0,0,0,0,0,0,0,0,0,0,0,0,0,0,0,False,0,0,0,0,0,0,0,0,0,0,0,0,0,0,0,0,0,0,0E-26,0E-26,0,0,0,0,0,0,False,0,0,0,0,0,0,0,0,0,0,0,0,0,0,0,0,0,0,0,0,0,0,0,0,0,0,0,0,0,0,0,0,0,0,0,0,0,0,0,0,2,0,0,76.56336982518059446534623368,0,0,0,76.56336982518059446534623368,6.65600000000,0.0,0.0,38.28168491259029723267311684,0,0,0,0,0,0,0,0,0,0,0,0,86.2957288251605079887542518,0E-26,0E-26,86.2957288251605079887542518,0,0,0,0,0,0,0.45,0,0,0,0,0,0,0,0,0,0,466.6881886104018519661764025,466.6881886104018519661764022,19.27964626072286794368490604,0.0,0.0,0.0,yield_seeking,0.1578947368421052631578947368,0.1572982273916375184993226105,-0.0004718946821749125554979678315,0,0,0,0,0,0,0,0,0,0,0,0,0,0,0,0,0,0,0,0,0,0,0,0,0,0,0,0,0,0,0,0,0,0,0,0,0,0,0.0,0.0,0.0,0.0,0.0,0.0,0.0,0.0,0.0,0.0,0.0,0.0,0,0,0,0,0,0,0,0,0,0,0,0,0,0,0,0,0,0,0,0,0,0,0,0,0,0,0,0,0,0,0,0,0,0,0,0E-26,0E-26,2,2,0,0,0,0,1,1,0E-26,0E-26,0,0,1,1,0E-26,0E-26,0,0,0,0,0,0,0,0,0,0,0,0,0,0,0,0,0,0,0,0,0,0,2,2,0,0,2,0,0,0,0,0,0,0,0,0,0,50.0,0.0,50.0,50.0,0.0,50.0,0,0,0,0,0,0,0.0,0.0,0.0
31,0.0,20,20,0.20,0.0,historical,19.34968831288351071369547277,0.20,0.0775,normal,0,1,0,0,,False,0,0.00,153.9621230767146373201281250,0.65031168711648928630452723,153.3118113895981480338235978,173.3118113895981480338235978,173.3118113895981480338235978,1.0,1,76.89752319572197382112049663,0,19.34968831288351071369547277,0,0,0,0,0,0,0,0,0,0,0,0,0,0,0,0,0,0,0,0,173.3118113895981480338235978,0E-27,3E-25,153.9621230767146373201281247,153.9621230767146373201281247,0E-26,0E-27,0.0,20.00,0,0E-27,506.0378769232853626798718754,0,20,20,153.3118113895981480338235978,19.34968831288351071369547277,173.3118113895981480338235978,153.9621230767146373201281250,-19.3496883128835107136954728,506.0378769232853626798718754,0E-27,0,19.34968831288351071369547277,0,20,19.34968831288351071369547277,173.3118113895981480338235978,153.3118113895981480338235978,0,192.6614997024816587475190706,6,True,19.34968831288351071369547277,8.139875325153404285478189108,0,315.4138097914661896394299120,307.2739344663127853539517228,506.0378769232853626798718754,76.89752319572197382112049693,76.89752319572197382112049663,0E-16,76.89752319572197382112049693,0E-26,0,0,0,0,0,153.9621230767146373201281250,173.3118113895981480338235978,173.3118113895981480338235978,173.3118113895981480338235978,0,False,173.3118113895981480338235978,173.3118113895981480338235978,False,173.3118113895981480338235978,0.0,0.65031168711648928630452723,0,0,97.06459988099266349900762812,77.06459988099266349900762812,46.23875992859559809940457688,30.82583995239706539960305124,46.23875992859559809940457688,30.82583995239706539960305124,77.39875325153404285478189108,0,0,0,77.39875325153404285478189108,1.000000000000000000000000000,0E-31,0.079193089631911125739432537,0.0,0.0,0.0,0.0,0.0,0.0,0.0,0.0,0,0,0,2,6.65600000000,0.0,0.0,38.44876159786098691056024832,0.0,0.0,0.0,0.0,0.0,0,0,3E-25,0,0,0,0,0,0,0,0.000,0.000,0,0,0,0,0,0,0,0,0.0,0,0,0,0,0,0,0,0,0,0,0,0,0,0,0,0,0,0,0,0,0,0,0,False,0,0,0,0,0,0,0,0,0,0,0,0,0,0,0,0,0,0,0E-26,0E-27,0,0,0,0,0,0,False,0,0,0,0,0,0,0,0,0,0,0,0,0,0,0,0,0,0,0,0,0,0,0,0,0,0,0,0,0,0,0,0,0,0,0,0,0,0,0,0,2,0,0,76.89752319572197382112049663,0,0,0,76.89752319572197382112049663,6.65600000000,0.0,0.0,38.44876159786098691056024832,0,0,0,0,0,0,0,0,0,0,0,0,86.65590569479907401691179875,0E-26,0E-26,86.65590569479907401691179875,0,0,0,0,0,0,0.45,0,0,0,0,0,0,0,0,0,0,486.0378769232853626798718753,486.0378769232853626798718750,19.34968831288351071369547277,0.0,0.0,0.0,yield_seeking,0.1578947368421052631578947368,0.1574175292817310674310370358,-0.0004722525878451932022931111074,0,0,0,0,0,0,0,0,0,0,0,0,0,0,0,0,0,0,0,0,0,0,0,0,0,0,0,0,0,0,0,0,0,0,0,0,0,0,0.0,0.0,0.0,0.0,0.0,0.0,0.0,0.0,0.0,0.0,0.0,0.0,0,0,0,0,0,0,0,0,0,0,0,0,0,0,0,0,0,0,0,0,0,0,0,0,0,0,0,0,0,0,0,0,0,0,0,0E-26,0E-26,2,2,0,0,0,0,1,1,0E-26,0E-26,0,0,1,1,0E-26,0E-26,0,0,0,0,0,0,0,0,0,0,0,0,0,0,0,0,0,0,0,0,0,0,2,2,0,0,2,0,0,0,0,0,0,0,0,0,0,50.0,0.0,50.0,50.0,0.0,50.0,0,0,0,0,0,0,0.0,0.0,0.0
32,0.0,20,20,0.20,0.0,historical,19.41291997619853269980152562,0.20,0.0800,normal,0,1,0,0,,False,0,0.00,154.5492031005161046203265994,0.58708002380146730019847437,153.9621230767146373201281250,173.9621230767146373201281250,173.9621230767146373201281250,1.0,1,77.19918587935083661235473897,0,19.41291997619853269980152563,0,0,0,0,0,0,0,0,0,0,0,0,0,0,0,0,0,0,0,0,173.9621230767146373201281250,0E-27,3E-25,154.5492031005161046203265991,154.5492031005161046203265991,0E-26,0E-27,0.0,20.00,0,0E-27,525.4507968994838953796734010,0,20,20,153.9621230767146373201281250,19.41291997619853269980152563,173.9621230767146373201281250,154.5492031005161046203265994,-19.4129199761985326998015256,525.4507968994838953796734010,0E-27,0,19.41291997619853269980152563,0,20,19.41291997619853269980152563,173.9621230767146373201281250,153.9621230767146373201281250,0,193.3750430529131700199296506,6,True,19.41291997619853269980152563,8.165167990479413079920610248,0,316.6764941677101550203753346,308.5113261772307419404547244,525.4507968994838953796734010,77.19918587935083661235473927,77.19918587935083661235473897,0E-16,77.19918587935083661235473927,0E-26,0,0,0,0,0,154.5492031005161046203265994,173.9621230767146373201281250,173.9621230767146373201281250,173.9621230767146373201281250,0,False,173.9621230767146373201281250,173.9621230767146373201281250,False,173.9621230767146373201281250,0.0,0.58708002380146730019847437,0,0,97.35001722116526800797186014,77.35001722116526800797186014,46.41001033269916080478311608,30.94000688846610720318874406,46.41001033269916080478311608,30.94000688846610720318874406,77.65167990479413079920610249,0,0,0,77.65167990479413079920610249,1.000000000000000000000000000,0E-31,0.079274393824600943457120624,0.0,0.0,0.0,0.0,0.0,0.0,0.0,0.0,0,0,0,2,6.65600000000,0.0,0.0,38.59959293967541830617736948,0.0,0.0,0.0,0.0,0.0,0,0,3E-25,0,0,0,0,0,0,0,0.000,0.000,0,0,0,0,0,0,0,0,0.0,0,0,0,0,0,0,0,0,0,0,0,0,0,0,0,0,0,0,0,0,0,0,0,False,0,0,0,0,0,0,0,0,0,0,0,0,0,0,0,0,0,0,0E-26,0E-27,0,0,0,0,0,0,False,0,0,0,0,0,0,0,0,0,0,0,0,0,0,0,0,0,0,0,0,0,0,0,0,0,0,0,0,0,0,0,0,0,0,0,0,0,0,0,0,2,0,0,77.19918587935083661235473897,0,0,0,77.19918587935083661235473897,6.65600000000,0.0,0.0,38.59959293967541830617736948,0,0,0,0,0,0,0,0,0,0,0,0,86.98106153835731866006406235,0E-26,0E-26,86.98106153835731866006406235,0,0,0,0,0,0,0.45,0,0,0,0,0,0,0,0,0,0,505.4507968994838953796734009,505.4507968994838953796734006,19.41291997619853269980152563,0.0,0.0,0.0,yield_seeking,0.1578947368421052631578947368,0.1575129707938059065764085760,-0.0004725389123814177197292257280,0,0,0,0,0,0,0,0,0,0,0,0,0,0,0,0,0,0,0,0,0,0,0,0,0,0,0,0,0,0,0,0,0,0,0,0,0,0,0.0,0.0,0.0,0.0,0.0,0.0,0.0,0.0,0.0,0.0,0.0,0.0,0,0,0,0,0,0,0,0,0,0,0,0,0,0,0,0,0,0,0,0,0,0,0,0,0,0,0,0,0,0,0,0,0,0,0,0E-26,0E-26,2,2,0,0,0,0,1,1,0E-26,0E-26,0,0,1,1,0E-26,0E-26,0,0,0,0,0,0,0,0,0,0,0,0,0,0,0,0,0,0,0,0,0,0,2,2,0,0,2,0,0,0,0,0,0,0,0,0,0,50.0,0.0,50.0,50.0,0.0,50.0,0,0,0,0,0,0,0.0,0.0,0.0
33,0.0,20,20,0.20,0.0,historical,19.47000344423305360159437203,0.20,0.0825,normal,0,1,0,0,,False,0,0.00,155.0791996562830510187322274,0.52999655576694639840562797,154.5492031005161046203265994,174.5492031005161046203265994,174.5492031005161046203265994,1.0,1,77.47151703838338772996383867,0,19.47000344423305360159437203,0,0,0,0,0,0,0,0,0,0,0,0,0,0,0,0,0,0,0,0,174.5492031005161046203265994,0E-26,3E-25,155.0791996562830510187322271,155.0791996562830510187322271,0E-26,0E-27,0.0,20.00,0,0E-26,544.9208003437169489812677730,0,20,20,154.5492031005161046203265994,19.47000344423305360159437203,174.5492031005161046203265994,155.0791996562830510187322274,-19.4700034442330536015943720,544.9208003437169489812677730,0E-26,0,19.47000344423305360159437203,0,20,19.47000344423305360159437203,174.5492031005161046203265994,154.5492031005161046203265994,0,194.0192065447491582219209714,6,True,19.47000344423305360159437203,11.28200206653983216095662322,0,320.9104048233389878000154500,309.6284027567991556390588267,544.9208003437169489812677730,77.47151703838338772996383897,77.47151703838338772996383867,0E-16,77.47151703838338772996383897,0E-26,0,0,0,0,0,155.0791996562830510187322274,174.5492031005161046203265994,174.5492031005161046203265994,174.5492031005161046203265994,0,False,174.5492031005161046203265994,174.5492031005161046203265994,False,174.5492031005161046203265994,0.0,0.52999655576694639840562797,0,0,97.60768261789966328876838846,77.60768261789966328876838846,46.56460957073979797326103307,31.04307304715986531550735539,46.56460957073979797326103307,31.04307304715986531550735539,77.88001377693221440637748811,0,0,0,77.88001377693221440637748811,1.000000000000000000000000000,0E-31,0.079347248959054339212000982,0.0,0.0,0.0,0.0,0.0,0.0,0.0,0.0,0,0,0,2,6.65600000000,0.0,0.0,38.73575851919169386498191934,0.0,0.0,0.0,0.0,0.0,0,0,3E-25,0,0,0,0,0,0,0,0.000,0.000,0,0,0,0,0,0,0,0,0.0,0,0,0,0,0,0,0,0,0,0,0,0,0,0,0,0,0,0,0,0,0,0,0,False,0,0,0,0,0,0,0,0,0,0,0,0,0,0,0,0,0,0,0E-26,0E-26,0,0,0,0,0,0,False,0,0,0,0,0,0,0,0,0,0,0,0,0,0,0,0,0,0,0,0,0,0,0,0,0,0,0,0,0,0,0,0,0,0,0,0,0,0,0,0,2,0,0,77.47151703838338772996383867,0,0,0,77.47151703838338772996383867,6.65600000000,0.0,0.0,38.73575851919169386498191934,0,0,0,0,0,0,0,0,0,0,0,0,87.2746015502580523101632996,0E-26,0E-26,87.2746015502580523101632996,0,0,0,0,0,0,0.45,0,0,0,0,0,0,0,0,0,0,524.9208003437169489812677729,524.9208003437169489812677726,19.47000344423305360159437203,0.0,0.0,0.0,yield_seeking,0.1578947368421052631578947368,0.1575893240034657778927058082,-0.0004727679720103973336781174246,0,0,0,0,0,0,0,0,0,0,0,0,0,0,0,0,0,0,0,0,0,0,0,0,0,0,0,0,0,0,0,0,0,0,0,0,0,0,0.0,0.0,0.0,0.0,0.0,0.0,0.0,0.0,0.0,0.0,0.0,0.0,0,0,0,0,0,0,0,0,0,0,0,0,0,0,0,0,0,0,0,0,0,0,0,0,0,0,0,0,0,0,0,0,0,0,0,0E-26,0E-26,2,2,0,0,0,0,1,1,0E-26,0E-26,0,0,1,1,0E-26,0E-26,0,0,0,0,0,0,0,0,0,0,0,0,0,0,0,0,0,0,0,0,0,0,2,2,0,0,2,0,0,0,0,0,0,0,0,0,0,50.0,0.0,50.0,50.0,0.0,50.0,0,0,0,0,0,0,0.0,0.0,0.0
34,0.0,20,20,0.20,0.0,historical,19.52153652357993265775367769,0.20,0.0850,normal,0,1,0,0,,False,0,0.00,155.5576631327031183609785497,0.47846347642006734224632231,155.0791996562830510187322274,175.0791996562830510187322274,175.0791996562830510187322274,1.0,1,77.71736866075792489038418753,0,19.52153652357993265775367769,0,0,0,0,0,0,0,0,0,0,0,0,0,0,0,0,0,0,0,0,175.0791996562830510187322274,0E-26,2E-25,155.5576631327031183609785495,155.5576631327031183609785495,0E-26,0E-27,0.0,20.00,0,0E-26,564.4423368672968816390214508,0,20,20,155.0791996562830510187322274,19.52153652357993265775367769,175.0791996562830510187322274,155.5576631327031183609785497,-19.5215365235799326577536777,564.4423368672968816390214508,0E-26,0,19.52153652357993265775367769,0,20,19.52153652357993265775367769,175.0791996562830510187322274,155.0791996562830510187322274,0,194.6007361798629836764859051,6,True,19.52153652357993265775367769,11.31292191414795959465220661,0,321.9497847031341289743629837,310.6368627889861693797107771,564.4423368672968816390214508,77.71736866075792489038418773,77.71736866075792489038418753,0E-16,77.71736866075792489038418773,0E-26,0,0,0,0,0,155.5576631327031183609785497,175.0791996562830510187322274,175.0791996562830510187322274,175.0791996562830510187322274,0,False,175.0791996562830510187322274,175.0791996562830510187322274,False,175.0791996562830510187322274,0.0,0.47846347642006734224632231,0,0,97.84029447194519347059436193,77.84029447194519347059436193,46.70417668316711608235661716,31.13611778877807738823774477,46.70417668316711608235661716,31.13611778877807738823774477,78.08614609431973063101471077,0,0,0,78.08614609431973063101471077,1.000000000000000000000000000,0E-31,0.079412581768188965762153485,0.0,0.0,0.0,0.0,0.0,0.0,0.0,0.0,0,0,0,2,6.65600000000,0.0,0.0,38.85868433037896244519209376,0.0,0.0,0.0,0.0,0.0,0,0,2E-25,0,0,0,0,0,0,0,0.000,0.000,0,0,0,0,0,0,0,0,0.0,0,0,0,0,0,0,0,0,0,0,0,0,0,0,0,0,0,0,0,0,0,0,0,False,0,0,0,0,0,0,0,0,0,0,0,0,0,0,0,0,0,0,0E-26,0E-26,0,0,0,0,0,0,False,0,0,0,0,0,0,0,0,0,0,0,0,0,0,0,0,0,0,0,0,0,0,0,0,0,0,0,0,0,0,0,0,0,0,0,0,0,0,0,0,2,0,0,77.71736866075792489038418753,0,0,0,77.71736866075792489038418753,6.65600000000,0.0,0.0,38.85868433037896244519209376,0,0,0,0,0,0,0,0,0,0,0,0,87.5395998281415255093661136,0E-26,0E-26,87.5395998281415255093661136,0,0,0,0,0,0,0.45,0,0,0,0,0,0,0,0,0,0,544.4423368672968816390214506,544.4423368672968816390214503,19.52153652357993265775367769,0.0,0.0,0.0,yield_seeking,0.1578947368421052631578947368,0.1576504065711936749457435939,-0.0004729512197135810248372307817,0,0,0,0,0,0,0,0,0,0,0,0,0,0,0,0,0,0,0,0,0,0,0,0,0,0,0,0,0,0,0,0,0,0,0,0,0,0,0.0,0.0,0.0,0.0,0.0,0.0,0.0,0.0,0.0,0.0,0.0,0.0,0,0,0,0,0,0,0,0,0,0,0,0,0,0,0,0,0,0,0,0,0,0,0,0,0,0,0,0,0,0,0,0,0,0,0,0E-26,0E-26,2,2,0,0,0,0,1,1,0E-26,0E-26,0,0,1,1,0E-26,0E-26,0,0,0,0,0,0,0,0,0,0,0,0,0,0,0,0,0,0,0,0,0,0,2,2,0,0,2,0,0,0,0,0,0,0,0,0,0,50.0,0.0,50.0,50.0,0.0,50.0,0,0,0,0,0,0,0.0,0.0,0.0
35,0.0,20,20,0.20,0.0,historical,19.56805889438903869411887239,0.20,0.0875,normal,0,1,0,0,,False,0,0.00,155.9896042383140796668596773,0.43194110561096130588112762,155.5576631327031183609785497,175.5576631327031183609785497,175.5576631327031183609785497,1.0,1,77.93931542747721684482070838,0,19.56805889438903869411887238,0,0,0,0,0,0,0,0,0,0,0,0,0,0,0,0,0,0,0,0,175.5576631327031183609785497,0E-27,2E-25,155.9896042383140796668596771,155.9896042383140796668596771,0E-26,0E-27,0.0,20.00,0,0E-27,584.0103957616859203331403232,0,20,20,155.5576631327031183609785497,19.56805889438903869411887238,175.5576631327031183609785497,155.9896042383140796668596773,-19.5680588943890386941188724,584.0103957616859203331403232,0E-27,0,19.56805889438903869411887238,0,20,19.56805889438903869411887238,175.5576631327031183609785497,155.5576631327031183609785497,0,195.1257220270921570550974221,6,True,19.56805889438903869411887238,8.227223557755615477647548954,0,319.7744909287728135054857759,311.5472673710171980278382270,584.0103957616859203331403232,77.93931542747721684482070858,77.93931542747721684482070838,0E-16,77.93931542747721684482070858,0E-26,0,0,0,0,0,155.9896042383140796668596773,175.5576631327031183609785497,175.5576631327031183609785497,175.5576631327031183609785497,0,False,175.5576631327031183609785497,175.5576631327031183609785497,False,175.5576631327031183609785497,0.0,0.43194110561096130588112762,0,0,98.05028881083686282203896875,78.05028881083686282203896875,46.83017328650211769322338125,31.22011552433474512881558750,46.83017328650211769322338125,31.22011552433474512881558750,78.27223557755615477647548955,0,0,0,78.27223557755615477647548955,1.000000000000000000000000000,0E-31,0.079471208148014522371132483,0.0,0.0,0.0,0.0,0.0,0.0,0.0,0.0,0,0,0,2,6.65600000000,0.0,0.0,38.96965771373860842241035419,0.0,0.0,0.0,0.0,0.0,0,0,2E-25,0,0,0,0,0,0,0,0.000,0.000,0,0,0,0,0,0,0,1,0.0,0,0,0,0,0,0,0,0,0,0,0,0,0,0,0,0,0,0,0,0,0,0,0,False,0,0,0,0,0,0,0,0,0,0,0,0,0,0,0,0,0,0,0E-26,0E-27,0,0,0,0,0,0,False,0,0,0,0,0,0,0,0,0,0,0,0,0,0,0,0,0,0,0,0,0,0,0,0,0,0,0,0,0,0,0,0,0,0,0,0,0,0,0,0,2,0,0,77.93931542747721684482070838,0,0,0,77.93931542747721684482070838,6.65600000000,0.0,0.0,38.96965771373860842241035419,0,0,0,0,0,0,0,0,0,0,0,0,87.77883156635155918048927475,0E-26,0E-26,87.77883156635155918048927475,0,0,0,0,0,0,0.45,0,0,0,0,0,0,0,0,0,0,564.0103957616859203331403230,564.0103957616859203331403227,19.56805889438903869411887238,0.0,0.0,0.0,yield_seeking,0.1578947368421052631578947368,0.1576992726253759925881738225,-0.0004730978178761279777645214675,0,0,0,0,0,0,0,0,0,0,0,0,0,0,0,0,0,0,0,0,0,0,0,0,0,0,0,0,0,0,0,0,0,0,0,0,0,0,0.0,0.0,0.0,0.0,0.0,0.0,0.0,0.0,0.0,0.0,0.0,0.0,0,0,0,0,0,0,0,0,0,0,0,0,0,0,0,0,0,0,0,0,0,0,0,0,0,0,0,0,0,0,0,0,0,0,0,0E-26,0E-26,2,2,0,0,0,0,1,1,0E-26,0E-26,0,0,1,1,0E-26,0E-26,0,0,0,0,0,0,0,0,0,0,0,0,0,0,0,0,0,0,0,0,0,0,2,2,0,0,2,0,0,0,0,0,0,0,0,0,0,50.0,0.0,50.0,50.0,0.0,50.0,0,0,0,0,0,0,0.0,0.0,0.0
36,0.0,20,20,0.20,0.0,historical,19.61005776216737256440779375,0.20,0.0900,normal,0,1,0,0,,False,0,0.00,156.3795464761467071024518836,0.38994223783262743559220625,155.9896042383140796668596773,175.9896042383140796668596773,175.9896042383140796668596773,1.0,1,78.13968167595412620994489505,0,19.61005776216737256440779375,0,0,0,0,0,0,0,0,0,0,0,0,0,0,0,0,0,0,0,0,175.9896042383140796668596774,0E-26,2E-25,156.3795464761467071024518834,156.3795464761467071024518834,0E-26,0E-27,0.0,20.00,0,0E-26,603.6204535238532928975481170,0,20,20,155.9896042383140796668596773,19.61005776216737256440779375,175.9896042383140796668596773,156.3795464761467071024518836,-19.6100577621673725644077937,603.6204535238532928975481170,0E-26,0,19.61005776216737256440779375,0,20,19.61005776216737256440779375,175.9896042383140796668596773,155.9896042383140796668596773,0,195.5996620004814522312674710,6,True,19.61005776216737256440779375,11.36603465730042353864467625,0,323.7351853717612103079562371,312.3691507144607867693115609,603.6204535238532928975481170,78.13968167595412620994489525,78.13968167595412620994489505,0E-16,78.13968167595412620994489525,0E-26,0,0,0,0,0,156.3795464761467071024518836,175.9896042383140796668596773,175.9896042383140796668596773,175.9896042383140796668596773,0,False,175.9896042383140796668596773,175.9896042383140796668596773,False,175.9896042383140796668596773,0.0,0.38994223783262743559220625,0,0,98.23986480019258089250698835,78.23986480019258089250698835,46.94391888011554853550419301,31.29594592007703235700279534,46.94391888011554853550419301,31.29594592007703235700279534,78.44023104866949025763117500,0,0,0,78.44023104866949025763117500,1.000000000000000000000000000,0E-31,0.079523848116845871956790820,0.0,0.0,0.0,0.0,0.0,0.0,0.0,0.0,0,0,0,2,6.65600000000,0.0,0.0,39.06984083797706310497244752,0.0,0.0,0.0,0.0,0.0,0,0,2E-25,0,0,0,0,0,0,0,0.0000,0.0000,0,0,0,0,0,0,0,0,0.0,0,0,0,0,0,0,0,0,0,0,0,0,0,0,0,0,0,0,0,0,0,0,0,False,0,0,0,0,0,0,0,0,0,0,0,0,0,0,0,0,0,0,0E-26,0E-26,0,0,0,0,0,0,False,0,0,0,0,0,0,0,0,0,0,0,0,0,0,0,0,0,0,0,0,0,0,0,0,0,0,0,0,0,0,0,0,0,0,0,0,0,0,0,0,2,0,0,78.13968167595412620994489505,0,0,0,78.13968167595412620994489505,6.65600000000,0.0,0.0,39.06984083797706310497244752,0,0,0,0,0,0,0,0,0,0,0,0,87.9948021191570398334298386,0E-26,0E-26,87.9948021191570398334298386,0,0,0,0,0,0,0.45,0,0,0,0,0,0,0,0,0,0,583.6204535238532928975481168,583.6204535238532928975481164,19.61005776216737256440779375,0.0,0.0,0.0,yield_seeking,0.1578947368421052631578947368,0.1577383654687218467021180054,-0.0004732150964061655401063540162,0,0,0,0,0,0,0,0,0,0,0,0,0,0,0,0,0,0,0,0,0,0,0,0,0,0,0,0,0,0,0,0,0,0,0,0,0,0,0.0,0.0,0.0,0.0,0.0,0.0,0.0,0.0,0.0,0.0,0.0,0.0,0,0,0,0,0,0,0,0,0,0,0,0,0,0,0,0,0,0,0,0,0,0,0,0,0,0,0,0,0,0,0,0,0,0,0,0E-26,0E-26,2,2,0,0,0,0,1,1,0E-26,0E-26,0,0,1,1,0E-26,0E-26,0,0,0,0,0,0,0,0,0,0,0,0,0,0,0,0,0,0,0,0,0,0,2,2,0,0,2,0,0,0,0,0,0,0,0,0,0,50.0,0.0,50.0,50.0,0.0,50.0,0,0,0,0,0,0,0.0,0.0,0.0
37,0.0,20,20,0.20,0.0,historical,19.64797296003851617850139767,0.20,0.0925,normal,0,1,0,0,,False,0,0.00,156.7315735161081909239504859,0.35202703996148382149860233,156.3795464761467071024518836,176.3795464761467071024518836,176.3795464761467071024518836,1.0,1,78.32056574163410161156917331,0,19.64797296003851617850139767,0,0,0,0,0,0,0,0,0,0,0,0,0,0,0,0,0,0,0,0,176.3795464761467071024518836,0E-27,1E-25,156.7315735161081909239504858,156.7315735161081909239504858,0E-26,0E-27,0.0,20.00,0,0E-27,623.2684264838918090760495147,0,20,20,156.3795464761467071024518836,19.64797296003851617850139767,176.3795464761467071024518836,156.7315735161081909239504859,-19.6479729600385161785013977,623.2684264838918090760495147,0E-27,0,19.64797296003851617850139767,0,20,19.64797296003851617850139767,176.3795464761467071024518836,156.3795464761467071024518836,0,196.0275194361852232809532813,6,True,19.64797296003851617850139767,8.259189184015406471400559068,0,321.3703091762703044978029286,313.1111199922548980264023696,623.2684264838918090760495147,78.32056574163410161156917341,78.32056574163410161156917331,0E-16,78.32056574163410161156917341,0E-26,0,0,0,0,0,156.7315735161081909239504859,176.3795464761467071024518836,176.3795464761467071024518836,176.3795464761467071024518836,0,False,176.3795464761467071024518836,176.3795464761467071024518836,False,176.3795464761467071024518836,0.0,0.35202703996148382149860233,0,0,98.41100777447408931238131243,78.41100777447408931238131243,47.04660466468445358742878746,31.36440310978963572495252497,47.04660466468445358742878746,31.36440310978963572495252497,78.59189184015406471400559068,0,0,0,78.59189184015406471400559068,1.000000000000000000000000000,0E-31,0.079571138449931369450192626,0.0,0.0,0.0,0.0,0.0,0.0,0.0,0.0,0,0,0,2,6.65600000000,0.0,0.0,39.16028287081705080578458666,0.0,0.0,0.0,0.0,0.0,0,0,1E-25,0,0,0,0,0,0,0,0.0000,0.0000,0,0,0,0,0,0,0,0,0.0,0,0,0,0,0,0,0,0,0,0,0,0,0,0,0,0,0,0,0,0,0,0,0,False,0,0,0,0,0,0,0,0,0,0,0,0,0,0,0,0,0,0,0E-26,0E-27,0,0,0,0,0,0,False,0,0,0,0,0,0,0,0,0,0,0,0,0,0,0,0,0,0,0,0,0,0,0,0,0,0,0,0,0,0,0,0,0,0,0,0,0,0,0,0,2,0,0,78.32056574163410161156917331,0,0,0,78.32056574163410161156917331,6.65600000000,0.0,0.0,39.16028287081705080578458666,0,0,0,0,0,0,0,0,0,0,0,0,88.1897732380733535512259417,0E-26,0E-26,88.1897732380733535512259417,0,0,0,0,0,0,0.45,0,0,0,0,0,0,0,0,0,0,603.2684264838918090760495145,603.2684264838918090760495141,19.64797296003851617850139767,0.0,0.0,0.0,yield_seeking,0.1578947368421052631578947368,0.1577696397433985299932733517,-0.0004733089192301955899798200551,0,0,0,0,0,0,0,0,0,0,0,0,0,0,0,0,0,0,0,0,0,0,0,0,0,0,0,0,0,0,0,0,0,0,0,0,0,0,0.0,0.0,0.0,0.0,0.0,0.0,0.0,0.0,0.0,0.0,0.0,0.0,0,0,0,0,0,0,0,0,0,0,0,0,0,0,0,0,0,0,0,0,0,0,0,0,0,0,0,0,0,0,0,0,0,0,0,0E-26,0E-26,2,2,0,0,0,0,1,1,0E-26,0E-26,0,0,1,1,0E-26,0E-26,0,0,0,0,0,0,0,0,0,0,0,0,0,0,0,0,0,0,0,0,0,0,2,2,0,0,2,0,0,0,0,0,0,0,0,0,0,50.0,0.0,50.0,50.0,0.0,50.0,0,0,0,0,0,0,0.0,0.0,0.0
38,0.0,20,20,0.20,0.0,historical,19.68220155489481786247626249,0.20,0.0950,normal,0,1,0,0,,False,0,0.00,157.0493719612133730614742234,0.31779844510518213752373752,156.7315735161081909239504859,176.7315735161081909239504859,176.7315735161081909239504859,1.0,1,78.48386193281216954690352393,0,19.68220155489481786247626248,0,0,0,0,0,0,0,0,0,0,0,0,0,0,0,0,0,0,0,0,176.7315735161081909239504859,0E-26,2E-25,157.0493719612133730614742232,157.0493719612133730614742232,0E-26,0E-27,0.0,20.00,0,0E-26,642.9506280387866269385257771,0,20,20,156.7315735161081909239504859,19.68220155489481786247626248,176.7315735161081909239504859,157.0493719612133730614742234,-19.6822015548948178624762625,642.9506280387866269385257771,0E-26,0,19.68220155489481786247626248,0,20,19.68220155489481786247626248,176.7315735161081909239504859,156.7315735161081909239504859,0,196.4137750710030087864267484,6,True,19.68220155489481786247626248,11.40932093293689071748575749,0,325.1902664102584547029104668,313.7809454773215639854247093,642.9506280387866269385257771,78.48386193281216954690352413,78.48386193281216954690352393,0E-16,78.48386193281216954690352413,0E-26,0,0,0,0,0,157.0493719612133730614742234,176.7315735161081909239504859,176.7315735161081909239504859,176.7315735161081909239504859,0,False,176.7315735161081909239504859,176.7315735161081909239504859,False,176.7315735161081909239504859,0.0,0.31779844510518213752373752,0,0,98.56551002840120351457069929,78.56551002840120351457069929,47.13930601704072210874241957,31.42620401136048140582827972,47.13930601704072210874241957,31.42620401136048140582827972,78.72880621957927144990504995,0,0,0,78.72880621957927144990504995,1.000000000000000000000000000,0E-31,0.079613643403467456020374426,0.0,0.0,0.0,0.0,0.0,0.0,0.0,0.0,0,0,0,2,6.65600000000,0.0,0.0,39.24193096640608477345176196,0.0,0.0,0.0,0.0,0.0,0,0,2E-25,0,0,0,0,0,0,0,0.0000,0.0000,0,0,0,0,0,0,0,0,0.0,0,0,0,0,0,0,0,0,0,0,0,0,0,0,0,0,0,0,0,0,0,0,0,False,0,0,0,0,0,0,0,0,0,0,0,0,0,0,0,0,0,0,0E-26,0E-26,0,0,0,0,0,0,False,0,0,0,0,0,0,0,0,0,0,0,0,0,0,0,0,0,0,0,0,0,0,0,0,0,0,0,0,0,0,0,0,0,0,0,0,0,0,0,0,2,0,0,78.48386193281216954690352393,0,0,0,78.48386193281216954690352393,6.65600000000,0.0,0.0,39.24193096640608477345176196,0,0,0,0,0,0,0,0,0,0,0,0,88.36578675805409546197524285,0E-26,0E-26,88.36578675805409546197524285,0,0,0,0,0,0,0.45,0,0,0,0,0,0,0,0,0,0,622.9506280387866269385257770,622.9506280387866269385257766,19.68220155489481786247626248,0.0,0.0,0.0,yield_seeking,0.1578947368421052631578947368,0.1577946591631398766261976287,-0.0004733839774894196298785928861,0,0,0,0,0,0,0,0,0,0,0,0,0,0,0,0,0,0,0,0,0,0,0,0,0,0,0,0,0,0,0,0,0,0,0,0,0,0,0.0,0.0,0.0,0.0,0.0,0.0,0.0,0.0,0.0,0.0,0.0,0.0,0,0,0,0,0,0,0,0,0,0,0,0,0,0,0,0,0,0,0,0,0,0,0,0,0,0,0,0,0,0,0,0,0,0,0,0E-26,0E-26,2,2,0,0,0,0,1,1,0E-26,0E-26,0,0,1,1,0E-26,0E-26,0,0,0,0,0,0,0,0,0,0,0,0,0,0,0,0,0,0,0,0,0,0,2,2,0,0,2,0,0,0,0,0,0,0,0,0,0,50.0,0.0,50.0,50.0,0.0,50.0,0,0,0,0,0,0,0.0,0.0,0.0
39,0.0,20,20,0.20,0.0,historical,19.71310200568024070291413986,0.20,0.0975,normal,0,1,0,0,,False,0,0.00,157.3362699555331323585600836,0.28689799431975929708586015,157.0493719612133730614742234,177.0493719612133730614742234,177.0493719612133730614742234,1.0,1,78.63128036877568685280473811,0,19.71310200568024070291413985,0,0,0,0,0,0,0,0,0,0,0,0,0,0,0,0,0,0,0,0,177.0493719612133730614742234,0E-26,2E-25,157.3362699555331323585600834,157.3362699555331323585600834,0E-26,0E-27,0.0,20.00,0,0E-26,662.6637300444668676414399169,0,20,20,157.0493719612133730614742234,19.71310200568024070291413985,177.0493719612133730614742234,157.3362699555331323585600836,-19.7131020056802407029141398,662.6637300444668676414399169,0E-26,0,19.71310200568024070291413985,0,20,19.71310200568024070291413985,177.0493719612133730614742234,157.0493719612133730614742234,0,196.7624739668936137643883632,6,True,19.71310200568024070291413985,11.42786120340814442174848391,0,325.8135031201546498417827908,314.3856419167465054200343069,662.6637300444668676414399169,78.63128036877568685280473831,78.63128036877568685280473811,0E-16,78.63128036877568685280473831,0E-26,0,0,0,0,0,157.3362699555331323585600836,177.0493719612133730614742234,177.0493719612133730614742234,177.0493719612133730614742234,0,False,177.0493719612133730614742234,177.0493719612133730614742234,False,177.0493719612133730614742234,0.0,0.28689799431975929708586015,0,0,98.70498958675744550575534525,78.70498958675744550575534525,47.22299375205446730345320715,31.48199583470297820230213810,47.22299375205446730345320715,31.48199583470297820230213810,78.85240802272096281165655944,0,0,0,78.85240802272096281165655944,1.000000000000000000000000000,0E-31,0.079651863859302519400359377,0.0,0.0,0.0,0.0,0.0,0.0,0.0,0.0,0,0,0,2,6.65600000000,0.0,0.0,39.31564018438784342640236906,0.0,0.0,0.0,0.0,0.0,0,0,2E-25,0,0,0,0,0,0,0,0.0000,0.0000,0,0,0,0,0,0,0,0,0.0,0,0,0,0,0,0,0,0,0,0,0,0,0,0,0,0,0,0,0,0,0,0,0,False,0,0,0,0,0,0,0,0,0,0,0,0,0,0,0,0,0,0,0E-26,0E-26,0,0,0,0,0,0,False,0,0,0,0,0,0,0,0,0,0,0,0,0,0,0,0,0,0,0,0,0,0,0,0,0,0,0,0,0,0,0,0,0,0,0,0,0,0,0,0,2,0,0,78.63128036877568685280473811,0,0,0,78.63128036877568685280473811,6.65600000000,0.0,0.0,39.31564018438784342640236906,0,0,0,0,0,0,0,0,0,0,0,0,88.5246859806066865307371116,0E-26,0E-26,88.5246859806066865307371116,0,0,0,0,0,0,0.45,0,0,0,0,0,0,0,0,0,0,642.6637300444668676414399168,642.6637300444668676414399164,19.71310200568024070291413985,0.0,0.0,0.0,yield_seeking,0.1578947368421052631578947368,0.1578146746989329539325370503,-0.0004734440240967988617976111509,0,0,0,0,0,0,0,0,0,0,0,0,0,0,0,0,0,0,0,0,0,0,0,0,0,0,0,0,0,0,0,0,0,0,0,0,0,0,0.0,0.0,0.0,0.0,0.0,0.0,0.0,0.0,0.0,0.0,0.0,0.0,0,0,0,0,0,0,0,0,0,0,0,0,0,0,0,0,0,0,0,0,0,0,0,0,0,0,0,0,0,0,0,0,0,0,0,0E-26,0E-26,2,2,0,0,0,0,1,1,0E-26,0E-26,0,0,1,1,0E-26,0E-26,0,0,0,0,0,0,0,0,0,0,0,0,0,0,0,0,0,0,0,0,0,0,2,2,0,0,2,0,0,0,0,0,0,0,0,0,0,50.0,0.0,50.0,50.0,0.0,50.0,0,0,0,0,0,0,0.0,0.0,0.0
40,0.0,20,20,0.20,0.0,historical,19.74099791735148910115106905,0.20,0.1000,normal,0,1,0,0,,False,0,0.00,157.5952720381816432574090146,0.25900208264851089884893095,157.3362699555331323585600836,177.3362699555331323585600836,177.3362699555331323585600836,1.0,1,78.76436488902779467352455339,0,19.74099791735148910115106905,0,0,0,0,0,0,0,0,0,0,0,0,0,0,0,0,0,0,0,0,177.3362699555331323585600836,0E-27,2E-25,157.5952720381816432574090144,157.5952720381816432574090144,0E-26,0E-27,0.0,20.00,0,0E-27,682.4047279618183567425909860,0,20,20,157.3362699555331323585600836,19.74099791735148910115106905,177.3362699555331323585600836,157.5952720381816432574090146,-19.7409979173514891011510690,682.4047279618183567425909860,0E-27,0,19.74099791735148910115106905,0,20,19.74099791735148910115106905,177.3362699555331323585600836,157.3362699555331323585600836,0,197.0772678728846214597111526,6,True,19.74099791735148910115106905,8.296399166940595640460427620,0,323.2279411606553712564295258,314.9315419937147756159690982,682.4047279618183567425909860,78.76436488902779467352455359,78.76436488902779467352455339,0E-16,78.76436488902779467352455359,0E-26,0,0,0,0,0,157.5952720381816432574090146,177.3362699555331323585600836,177.3362699555331323585600836,177.3362699555331323585600836,0,False,177.3362699555331323585600836,177.3362699555331323585600836,False,177.3362699555331323585600836,0.0,0.25900208264851089884893095,0,0,98.83090714915384858388446096,78.83090714915384858388446096,47.29854428949230915033067658,31.53236285966153943355378438,47.29854428949230915033067658,31.53236285966153943355378438,78.96399166940595640460427620,0,0,0,78.96399166940595640460427620,1.000000000000000000000000000,0E-31,0.079686245157045540865402409,0.0,0.0,0.0,0.0,0.0,0.0,0.0,0.0,0,0,0,2,6.65600000000,0.0,0.0,39.38218244451389733676227670,0.0,0.0,0.0,0.0,0.0,0,0,2E-25,0,0,0,0,0,0,0,0.0000,0.0000,0,0,0,0,0,0,0,0,0.0,0,0,0,0,0,0,0,0,0,0,0,0,0,0,0,0,0,0,0,0,0,0,0,False,0,0,0,0,0,0,0,0,0,0,0,0,0,0,0,0,0,0,0E-26,0E-27,0,0,0,0,0,0,False,0,0,0,0,0,0,0,0,0,0,0,0,0,0,0,0,0,0,0,0,0,0,0,0,0,0,0,0,0,0,0,0,0,0,0,0,0,0,0,0,2,0,0,78.76436488902779467352455339,0,0,0,78.76436488902779467352455339,6.65600000000,0.0,0.0,39.38218244451389733676227670,0,0,0,0,0,0,0,0,0,0,0,0,88.6681349777665661792800417,0E-26,0E-26,88.6681349777665661792800417,0,0,0,0,0,0,0.45,0,0,0,0,0,0,0,0,0,0,662.4047279618183567425909858,662.4047279618183567425909854,19.74099791735148910115106905,0.0,0.0,0.0,yield_seeking,0.1578947368421052631578947368,0.1578306871275674157776085876,-0.0004734920613827022473328257628,0,0,0,0,0,0,0,0,0,0,0,0,0,0,0,0,0,0,0,0,0,0,0,0,0,0,0,0,0,0,0,0,0,0,0,0,0,0,0.0,0.0,0.0,0.0,0.0,0.0,0.0,0.0,0.0,0.0,0.0,0.0,0,0,0,0,0,0,0,0,0,0,0,0,0,0,0,0,0,0,0,0,0,0,0,0,0,0,0,0,0,0,0,0,0,0,0,0E-26,0E-26,2,2,0,0,0,0,1,1,0E-26,0E-26,0,0,1,1,0E-26,0E-26,0,0,0,0,0,0,0,0,0,0,0,0,0,0,0,0,0,0,0,0,0,0,2,2,0,0,2,0,0,0,0,0,0,0,0,0,0,50.0,0.0,50.0,50.0,0.0,50.0,0,0,0,0,0,0,0.0,0.0,0.0
41,0.0,20,20,0.20,0.0,historical,19.76618142983076971677689219,0.20,0.1025,normal,0,1,0,0,,False,0,0.00,157.8290906083508735406321224,0.23381857016923028322310780,157.5952720381816432574090146,177.5952720381816432574090146,177.5952720381816432574090146,1.0,1,78.88450922114590835095775953,0,19.76618142983076971677689220,0,0,0,0,0,0,0,0,0,0,0,0,0,0,0,0,0,0,0,0,177.5952720381816432574090146,0E-27,2E-25,157.8290906083508735406321222,157.8290906083508735406321222,0E-26,0E-27,0.0,20.00,0,0E-27,702.1709093916491264593678782,0,20,20,157.5952720381816432574090146,19.76618142983076971677689220,177.5952720381816432574090146,157.8290906083508735406321224,-19.7661814298307697167768922,702.1709093916491264593678782,0E-27,0,19.76618142983076971677689220,0,20,19.76618142983076971677689220,177.5952720381816432574090146,157.5952720381816432574090146,0,197.3614534680124129741859068,6,True,19.76618142983076971677689220,8.306472571932307886710756876,0,323.7308352184648246847518938,315.4243626465325167980411370,702.1709093916491264593678782,78.88450922114590835095775973,78.88450922114590835095775953,0E-16,78.88450922114590835095775973,0E-26,0,0,0,0,0,157.8290906083508735406321224,177.5952720381816432574090146,177.5952720381816432574090146,177.5952720381816432574090146,0,False,177.5952720381816432574090146,177.5952720381816432574090146,False,177.5952720381816432574090146,0.0,0.23381857016923028322310780,0,0,98.94458138720496518967436262,78.94458138720496518967436262,47.36674883232297911380461757,31.57783255488198607586974505,47.36674883232297911380461757,31.57783255488198607586974505,79.06472571932307886710756876,0,0,0,79.06472571932307886710756876,1.000000000000000000000000000,0E-31,0.079717183829532734891851542,0.0,0.0,0.0,0.0,0.0,0.0,0.0,0.0,0,0,0,2,6.65600000000,0.0,0.0,39.44225461057295417547887976,0.0,0.0,0.0,0.0,0.0,0,0,2E-25,0,0,0,0,0,0,0,0.0000,0.0000,0,0,0,0,0,0,0,0,0.0,0,0,0,0,0,0,0,0,0,0,0,0,0,0,0,0,0,0,0,0,0,0,0,False,0,0,0,0,0,0,0,0,0,0,0,0,0,0,0,0,0,0,0E-26,0E-27,0,0,0,0,0,0,False,0,0,0,0,0,0,0,0,0,0,0,0,0,0,0,0,0,0,0,0,0,0,0,0,0,0,0,0,0,0,0,0,0,0,0,0,0,0,0,0,2,0,0,78.88450922114590835095775953,0,0,0,78.88450922114590835095775953,6.65600000000,0.0,0.0,39.44225461057295417547887976,0,0,0,0,0,0,0,0,0,0,0,0,88.7976360190908216287045072,0E-26,0E-26,88.7976360190908216287045072,0,0,0,0,0,0,0.45,0,0,0,0,0,0,0,0,0,0,682.1709093916491264593678780,682.1709093916491264593678776,19.76618142983076971677689220,0.0,0.0,0.0,yield_seeking,0.1578947368421052631578947368,0.1578434970704749852536658174,-0.0004735304912114249557609974522,0,0,0,0,0,0,0,0,0,0,0,0,0,0,0,0,0,0,0,0,0,0,0,0,0,0,0,0,0,0,0,0,0,0,0,0,0,0,0.0,0.0,0.0,0.0,0.0,0.0,0.0,0.0,0.0,0.0,0.0,0.0,0,0,0,0,0,0,0,0,0,0,0,0,0,0,0,0,0,0,0,0,0,0,0,0,0,0,0,0,0,0,0,0,0,0,0,0E-26,0E-26,2,2,0,0,0,0,1,1,0E-26,0E-26,0,0,1,1,0E-26,0E-26,0,0,0,0,0,0,0,0,0,0,0,0,0,0,0,0,0,0,0,0,0,0,2,2,0,0,2,0,0,0,0,0,0,0,0,0,0,50.0,0.0,50.0,50.0,0.0,50.0,0,0,0,0,0,0,0.0,0.0,0.0
42,0.0,20,20,0.20,0.0,historical,19.78891627744099303793487252,0.20,0.1050,normal,0,1,0,0,,False,0,0.00,158.0401743309098805026972499,0.21108372255900696206512748,157.8290906083508735406321224,177.8290906083508735406321224,177.8290906083508735406321224,1.0,1,78.99297157659313387127045178,0,19.78891627744099303793487252,0,0,0,0,0,0,0,0,0,0,0,0,0,0,0,0,0,0,0,0,177.8290906083508735406321224,0E-26,3E-25,158.0401743309098805026972496,158.0401743309098805026972496,0E-26,0E-27,0.0,20.00,0,0E-26,721.9598256690901194973027507,0,20,20,157.8290906083508735406321224,19.78891627744099303793487252,177.8290906083508735406321224,158.0401743309098805026972499,-19.7889162774409930379348725,721.9598256690901194973027507,0E-26,0,19.78891627744099303793487252,0,20,19.78891627744099303793487252,177.8290906083508735406321224,157.8290906083508735406321224,0,197.6180068857918665785669949,6,True,19.78891627744099303793487252,11.47334976646459582276092351,0,327.3426147057253498660902958,315.8692649392607540433293723,721.9598256690901194973027507,78.99297157659313387127045208,78.99297157659313387127045178,0E-16,78.99297157659313387127045208,0E-26,0,0,0,0,0,158.0401743309098805026972499,177.8290906083508735406321224,177.8290906083508735406321224,177.8290906083508735406321224,0,False,177.8290906083508735406321224,177.8290906083508735406321224,False,177.8290906083508735406321224,0.0,0.21108372255900696206512748,0,0,99.04720275431674663142679787,79.04720275431674663142679787,47.42832165259004797885607873,31.61888110172669865257071914,47.42832165259004797885607873,31.61888110172669865257071914,79.15566510976397215173949010,0,0,0,79.15566510976397215173949010,1.000000000000000000000000000,0E-31,0.079745033417477806595434522,0.0,0.0,0.0,0.0,0.0,0.0,0.0,0.0,0,0,0,2,6.65600000000,0.0,0.0,39.49648578829656693563522589,0.0,0.0,0.0,0.0,0.0,0,0,3E-25,0,0,0,0,0,0,0,0.0000,0.0000,0,0,0,0,0,0,0,0,0.0,0,0,0,0,0,0,0,0,0,0,0,0,0,0,0,0,0,0,0,0,0,0,0,False,0,0,0,0,0,0,0,0,0,0,0,0,0,0,0,0,0,0,0E-26,0E-26,0,0,0,0,0,0,False,0,0,0,0,0,0,0,0,0,0,0,0,0,0,0,0,0,0,0,0,0,0,0,0,0,0,0,0,0,0,0,0,0,0,0,0,0,0,0,0,2,0,0,78.99297157659313387127045178,0,0,0,78.99297157659313387127045178,6.65600000000,0.0,0.0,39.49648578829656693563522589,0,0,0,0,0,0,0,0,0,0,0,0,88.9145453041754367703160611,0E-26,0E-26,88.9145453041754367703160611,0,0,0,0,0,0,0.45,0,0,0,0,0,0,0,0,0,0,701.9598256690901194973027505,701.9598256690901194973027501,19.78891627744099303793487252,0.0,0.0,0.0,yield_seeking,0.1578947368421052631578947368,0.1578537450248010408345116013,-0.0004735612350744031225035348039,0,0,0,0,0,0,0,0,0,0,0,0,0,0,0,0,0,0,0,0,0,0,0,0,0,0,0,0,0,0,0,0,0,0,0,0,0,0,0.0,0.0,0.0,0.0,0.0,0.0,0.0,0.0,0.0,0.0,0.0,0.0,0,0,0,0,0,0,0,0,0,0,0,0,0,0,0,0,0,0,0,0,0,0,0,0,0,0,0,0,0,0,0,0,0,0,0,0E-26,0E-26,2,2,0,0,0,0,1,1,0E-26,0E-26,0,0,1,1,0E-26,0E-26,0,0,0,0,0,0,0,0,0,0,0,0,0,0,0,0,0,0,0,0,0,0,2,2,0,0,2,0,0,0,0,0,0,0,0,0,0,50.0,0.0,50.0,50.0,0.0,50.0,0,0,0,0,0,0,0.0,0.0,0.0
43,0.0,20,20,0.20,0.0,historical,19.80944055086334932628535957,0.20,0.1075,normal,0,1,0,0,,False,0,0.00,158.2307337800465311764118903,0.19055944913665067371464042,158.0401743309098805026972499,178.0401743309098805026972499,178.0401743309098805026972499,1.0,1,79.09088782733723924481884642,0,19.80944055086334932628535958,0,0,0,0,0,0,0,0,0,0,0,0,0,0,0,0,0,0,0,0,178.0401743309098805026972499,0E-27,2E-25,158.2307337800465311764118901,158.2307337800465311764118901,0E-26,0E-27,0.0,20.00,0,0E-27,741.7692662199534688235881102,0,20,20,158.0401743309098805026972499,19.80944055086334932628535958,178.0401743309098805026972499,158.2307337800465311764118903,-19.8094405508633493262853596,741.7692662199534688235881102,0E-27,0,19.80944055086334932628535958,0,20,19.80944055086334932628535958,178.0401743309098805026972499,158.0401743309098805026972499,0,197.8496148817732298289826095,6,True,19.80944055086334932628535958,8.323776220345339730514143828,0,324.5946843313017514096232841,316.2709081109564116791091402,741.7692662199534688235881102,79.09088782733723924481884662,79.09088782733723924481884642,0E-16,79.09088782733723924481884662,0E-26,0,0,0,0,0,158.2307337800465311764118903,178.0401743309098805026972499,178.0401743309098805026972499,178.0401743309098805026972499,0,False,178.0401743309098805026972499,178.0401743309098805026972499,False,178.0401743309098805026972499,0.0,0.19055944913665067371464042,0,0,99.13984595270929193159304369,79.13984595270929193159304369,47.48390757162557515895582621,31.65593838108371677263721748,47.48390757162557515895582621,31.65593838108371677263721748,79.23776220345339730514143829,0,0,0,79.23776220345339730514143829,1.000000000000000000000000000,0E-31,0.079770109507232231663667611,0.0,0.0,0.0,0.0,0.0,0.0,0.0,0.0,0,0,0,2,6.65600000000,0.0,0.0,39.54544391366861962240942321,0.0,0.0,0.0,0.0,0.0,0,0,2E-25,0,0,0,0,0,0,0,0.0000,0.0000,0,0,0,0,0,0,0,0,0.0,0,0,0,0,0,0,0,0,0,0,0,0,0,0,0,0,0,0,0,0,0,0,0,False,0,0,0,0,0,0,0,0,0,0,0,0,0,0,0,0,0,0,0E-26,0E-27,0,0,0,0,0,0,False,0,0,0,0,0,0,0,0,0,0,0,0,0,0,0,0,0,0,0,0,0,0,0,0,0,0,0,0,0,0,0,0,0,0,0,0,0,0,0,0,2,0,0,79.09088782733723924481884642,0,0,0,79.09088782733723924481884642,6.65600000000,0.0,0.0,39.54544391366861962240942321,0,0,0,0,0,0,0,0,0,0,0,0,89.02008716545494025134862485,0E-26,0E-26,89.02008716545494025134862485,0,0,0,0,0,0,0.45,0,0,0,0,0,0,0,0,0,0,721.7692662199534688235881101,721.7692662199534688235881097,19.80944055086334932628535958,0.0,0.0,0.0,yield_seeking,0.1578947368421052631578947368,0.1578619433882618852991882284,-0.0004735858301647856558975646852,0,0,0,0,0,0,0,0,0,0,0,0,0,0,0,0,0,0,0,0,0,0,0,0,0,0,0,0,0,0,0,0,0,0,0,0,0,0,0.0,0.0,0.0,0.0,0.0,0.0,0.0,0.0,0.0,0.0,0.0,0.0,0,0,0,0,0,0,0,0,0,0,0,0,0,0,0,0,0,0,0,0,0,0,0,0,0,0,0,0,0,0,0,0,0,0,0,0E-26,0E-26,2,2,0,0,0,0,1,1,0E-26,0E-26,0,0,1,1,0E-26,0E-26,0,0,0,0,0,0,0,0,0,0,0,0,0,0,0,0,0,0,0,0,0,0,2,2,0,0,2,0,0,0,0,0,0,0,0,0,0,50.0,0.0,50.0,50.0,0.0,50.0,0,0,0,0,0,0,0.0,0.0,0.0
44,0.0,20,20,0.20,0.0,historical,19.82796919054185838631860874,0.20,0.1100,normal,0,1,0,0,,False,0,0.00,158.4027645895046727900932816,0.17203080945814161368139126,158.2307337800465311764118903,178.2307337800465311764118903,178.2307337800465311764118903,1.0,1,79.17928340126931696500108187,0,19.82796919054185838631860874,0,0,0,0,0,0,0,0,0,0,0,0,0,0,0,0,0,0,0,0,178.2307337800465311764118903,0E-27,2E-25,158.4027645895046727900932814,158.4027645895046727900932814,0E-26,0E-27,0.0,20.00,0,0E-27,761.5972354104953272099067188,0,20,20,158.2307337800465311764118903,19.82796919054185838631860874,178.2307337800465311764118903,158.4027645895046727900932816,-19.8279691905418583863186087,761.5972354104953272099067188,0E-27,0,19.82796919054185838631860874,0,20,19.82796919054185838631860874,178.2307337800465311764118903,158.2307337800465311764118903,0,198.0587029705883895627304990,6,True,19.82796919054185838631860874,8.331187676216743354527443496,0,324.9646860457679473210326153,316.6334983695512039665051718,761.5972354104953272099067188,79.17928340126931696500108207,79.17928340126931696500108187,0E-16,79.17928340126931696500108207,0E-26,0,0,0,0,0,158.4027645895046727900932816,178.2307337800465311764118903,178.2307337800465311764118903,178.2307337800465311764118903,0,False,178.2307337800465311764118903,178.2307337800465311764118903,False,178.2307337800465311764118903,0.0,0.17203080945814161368139126,0,0,99.22348118823535582509219954,79.22348118823535582509219954,47.53408871294121349505531972,31.68939247529414233003687982,47.53408871294121349505531972,31.68939247529414233003687982,79.31187676216743354527443495,0,0,0,79.31187676216743354527443495,1.000000000000000000000000000,0E-32,0.079792694110085397618507786,0.0,0.0,0.0,0.0,0.0,0.0,0.0,0.0,0,0,0,2,6.65600000000,0.0,0.0,39.58964170063465848250054094,0.0,0.0,0.0,0.0,0.0,0,0,2E-25,0,0,0,0,0,0,0,0.0000,0.0000,0,0,0,0,0,0,0,0,0.0,0,0,0,0,0,0,0,0,0,0,0,0,0,0,0,0,0,0,0,0,0,0,0,False,0,0,0,0,0,0,0,0,0,0,0,0,0,0,0,0,0,0,0E-26,0E-27,0,0,0,0,0,0,False,0,0,0,0,0,0,0,0,0,0,0,0,0,0,0,0,0,0,0,0,0,0,0,0,0,0,0,0,0,0,0,0,0,0,0,0,0,0,0,0,2,0,0,79.17928340126931696500108187,0,0,0,79.17928340126931696500108187,6.65600000000,0.0,0.0,39.58964170063465848250054094,0,0,0,0,0,0,0,0,0,0,0,0,89.1153668900232655882059451,0E-26,0E-26,89.1153668900232655882059451,0,0,0,0,0,0,0.45,0,0,0,0,0,0,0,0,0,0,741.5972354104953272099067188,741.5972354104953272099067184,19.82796919054185838631860874,0.0,0.0,0.0,yield_seeking,0.1578947368421052631578947368,0.1578685020790305608709295301,-0.0004736055062370916826127885903,0,0,0,0,0,0,0,0,0,0,0,0,0,0,0,0,0,0,0,0,0,0,0,0,0,0,0,0,0,0,0,0,0,0,0,0,0,0,0.0,0.0,0.0,0.0,0.0,0.0,0.0,0.0,0.0,0.0,0.0,0.0,0,0,0,0,0,0,0,0,0,0,0,0,0,0,0,0,0,0,0,0,0,0,0,0,0,0,0,0,0,0,0,0,0,0,0,0E-26,0E-26,2,2,0,0,0,0,1,1,0E-26,0E-26,0,0,1,1,0E-26,0E-26,0,0,0,0,0,0,0,0,0,0,0,0,0,0,0,0,0,0,0,0,0,0,2,2,0,0,2,0,0,0,0,0,0,0,0,0,0,50.0,0.0,50.0,50.0,0.0,50.0,0,0,0,0,0,0,0.0,0.0,0.0
45,0.0,20,20,0.20,0.0,historical,19.84469623764707116501843991,0.20,0.1125,normal,0,1,0,0,,False,0,0.00,158.5580683518576016250748417,0.15530376235292883498156010,158.4027645895046727900932816,178.4027645895046727900932816,178.4027645895046727900932816,1.0,1,79.25908402099690404303015300,0,19.84469623764707116501843990,0,0,0,0,0,0,0,0,0,0,0,0,0,0,0,0,0,0,0,0,178.4027645895046727900932816,0E-26,2E-25,158.5580683518576016250748415,158.5580683518576016250748415,0E-26,0E-27,0.0,20.00,0,0E-26,781.4419316481423983749251588,0,20,20,158.4027645895046727900932816,19.84469623764707116501843990,178.4027645895046727900932816,158.5580683518576016250748417,-19.8446962376470711650184399,781.4419316481423983749251588,0E-26,0,19.84469623764707116501843990,0,20,19.84469623764707116501843990,178.4027645895046727900932816,158.4027645895046727900932816,0,198.2474608271517439551117215,6,True,19.84469623764707116501843990,11.50681774258824269901106394,0,328.4676506839505171141791872,316.9608329413622744151681233,781.4419316481423983749251588,79.25908402099690404303015320,79.25908402099690404303015300,0E-16,79.25908402099690404303015320,0E-26,0,0,0,0,0,158.5580683518576016250748417,178.4027645895046727900932816,178.4027645895046727900932816,178.4027645895046727900932816,0,False,178.4027645895046727900932816,178.4027645895046727900932816,False,178.4027645895046727900932816,0.0,0.15530376235292883498156010,0,0,99.29898433086069758204468853,79.29898433086069758204468853,47.57939059851641854922681312,31.71959373234427903281787541,47.57939059851641854922681312,31.71959373234427903281787541,79.37878495058828466007375964,0,0,0,79.37878495058828466007375964,1.000000000000000000000000000,0E-32,0.079813039481047389911414736,0.0,0.0,0.0,0.0,0.0,0.0,0.0,0.0,0,0,0,2,6.65600000000,0.0,0.0,39.62954201049845202151507650,0.0,0.0,0.0,0.0,0.0,0,0,2E-25,0,0,0,0,0,0,0,0.0000,0.0000,0,0,0,0,0,0,0,0,0.0,0,0,0,0,0,0,0,0,0,0,0,0,0,0,0,0,0,0,0,0,0,0,0,False,0,0,0,0,0,0,0,0,0,0,0,0,0,0,0,0,0,0,0E-26,0E-26,0,0,0,0,0,0,False,0,0,0,0,0,0,0,0,0,0,0,0,0,0,0,0,0,0,0,0,0,0,0,0,0,0,0,0,0,0,0,0,0,0,0,0,0,0,0,0,2,0,0,79.25908402099690404303015300,0,0,0,79.25908402099690404303015300,6.65600000000,0.0,0.0,39.62954201049845202151507650,0,0,0,0,0,0,0,0,0,0,0,0,89.2013822947523363950466407,0E-26,0E-26,89.2013822947523363950466407,0,0,0,0,0,0,0.45,0,0,0,0,0,0,0,0,0,0,761.4419316481423983749251587,761.4419316481423983749251583,19.84469623764707116501843990,0.0,0.0,0.0,yield_seeking,0.1578947368421052631578947368,0.1578737490316455013283225714,-0.0004736212470949365039849677142,0,0,0,0,0,0,0,0,0,0,0,0,0,0,0,0,0,0,0,0,0,0,0,0,0,0,0,0,0,0,0,0,0,0,0,0,0,0,0.0,0.0,0.0,0.0,0.0,0.0,0.0,0.0,0.0,0.0,0.0,0.0,0,0,0,0,0,0,0,0,0,0,0,0,0,0,0,0,0,0,0,0,0,0,0,0,0,0,0,0,0,0,0,0,0,0,0,0E-26,0E-26,2,2,0,0,0,0,1,1,0E-26,0E-26,0,0,1,1,0E-26,0E-26,0,0,0,0,0,0,0,0,0,0,0,0,0,0,0,0,0,0,0,0,0,0,2,2,0,0,2,0,0,0,0,0,0,0,0,0,0,50.0,0.0,50.0,50.0,0.0,50.0,0,0,0,0,0,0,0.0,0.0,0.0
46,0.0,20,20,0.20,0.0,historical,19.85979686617213951640893771,0.20,0.1150,normal,0,1,0,0,,False,0,0.00,158.6982714856854621086659040,0.14020313382786048359106230,158.5580683518576016250748417,178.5580683518576016250748417,178.5580683518576016250748417,1.0,1,79.33112539847356565207239216,0,19.85979686617213951640893770,0,0,0,0,0,0,0,0,0,0,0,0,0,0,0,0,0,0,0,0,178.5580683518576016250748417,0E-27,1E-25,158.6982714856854621086659039,158.6982714856854621086659039,0E-26,0E-27,0.0,20.00,0,0E-27,801.3017285143145378913340965,0,20,20,158.5580683518576016250748417,19.85979686617213951640893770,178.5580683518576016250748417,158.6982714856854621086659040,-19.8597968661721395164089377,801.3017285143145378913340965,0E-27,0,19.85979686617213951640893770,0,20,19.85979686617213951640893770,178.5580683518576016250748417,158.5580683518576016250748417,0,198.4178652180297411414837794,6,True,19.85979686617213951640893770,8.343918746468855806563575082,0,325.6002585840119195403043207,317.2563398375430637337407457,801.3017285143145378913340965,79.33112539847356565207239226,79.33112539847356565207239216,0E-16,79.33112539847356565207239226,0E-26,0,0,0,0,0,158.6982714856854621086659040,178.5580683518576016250748417,178.5580683518576016250748417,178.5580683518576016250748417,0,False,178.5580683518576016250748417,178.5580683518576016250748417,False,178.5580683518576016250748417,0.0,0.14020313382786048359106230,0,0,99.36714608721189645659351170,79.36714608721189645659351170,47.62028765232713787395610702,31.74685843488475858263740468,47.62028765232713787395610702,31.74685843488475858263740468,79.43918746468855806563575083,0,0,0,79.43918746468855806563575083,1.000000000000000000000000000,0E-32,0.079831371458510616311807543,0.0,0.0,0.0,0.0,0.0,0.0,0.0,0.0,0,0,0,2,6.65600000000,0.0,0.0,39.66556269923678282603619608,0.0,0.0,0.0,0.0,0.0,0,0,1E-25,0,0,0,0,0,0,0,0.0000,0.0000,0,0,0,0,0,0,0,0,0.0,0,0,0,0,0,0,0,0,0,0,0,0,0,0,0,0,0,0,0,0,0,0,0,False,0,0,0,0,0,0,0,0,0,0,0,0,0,0,0,0,0,0,0E-26,0E-27,0,0,0,0,0,0,False,0,0,0,0,0,0,0,0,0,0,0,0,0,0,0,0,0,0,0,0,0,0,0,0,0,0,0,0,0,0,0,0,0,0,0,0,0,0,0,0,2,0,0,79.33112539847356565207239216,0,0,0,79.33112539847356565207239216,6.65600000000,0.0,0.0,39.66556269923678282603619608,0,0,0,0,0,0,0,0,0,0,0,0,89.2790341759288008125374208,0E-26,0E-26,89.2790341759288008125374208,0,0,0,0,0,0,0.45,0,0,0,0,0,0,0,0,0,0,781.3017285143145378913340964,781.3017285143145378913340960,19.85979686617213951640893770,0.0,0.0,0.0,yield_seeking,0.1578947368421052631578947368,0.1578779465937374536942370045,-0.0004736338397812123610827110135,0,0,0,0,0,0,0,0,0,0,0,0,0,0,0,0,0,0,0,0,0,0,0,0,0,0,0,0,0,0,0,0,0,0,0,0,0,0,0.0,0.0,0.0,0.0,0.0,0.0,0.0,0.0,0.0,0.0,0.0,0.0,0,0,0,0,0,0,0,0,0,0,0,0,0,0,0,0,0,0,0,0,0,0,0,0,0,0,0,0,0,0,0,0,0,0,0,0E-26,0E-26,2,2,0,0,0,0,1,1,0E-26,0E-26,0,0,1,1,0E-26,0E-26,0,0,0,0,0,0,0,0,0,0,0,0,0,0,0,0,0,0,0,0,0,0,2,2,0,0,2,0,0,0,0,0,0,0,0,0,0,50.0,0.0,50.0,50.0,0.0,50.0,0,0,0,0,0,0,0.0,0.0,0.0
47,0.0,20,20,0.20,0.0,historical,19.87342921744237929131870234,0.20,0.1175,normal,0,1,0,0,,False,0,0.00,158.8248422682430828173472017,0.12657078255762070868129766,158.6982714856854621086659040,178.6982714856854621086659040,178.6982714856854621086659040,1.0,1,79.39616198699194625735335905,0,19.87342921744237929131870234,0,0,0,0,0,0,0,0,0,0,0,0,0,0,0,0,0,0,0,0,178.6982714856854621086659040,0E-26,2E-25,158.8248422682430828173472015,158.8248422682430828173472015,0E-26,0E-27,0.0,20.00,0,0E-26,821.1751577317569171826527988,0,20,20,158.6982714856854621086659040,19.87342921744237929131870234,178.6982714856854621086659040,158.8248422682430828173472017,-19.8734292174423792913187023,821.1751577317569171826527988,0E-26,0,19.87342921744237929131870234,0,20,19.87342921744237929131870234,178.6982714856854621086659040,158.6982714856854621086659040,0,198.5717007031278413999846063,6,True,19.87342921744237929131870234,11.52405753046542757479122140,0,329.0471712843939725008043270,317.5231137539285449260131056,821.1751577317569171826527988,79.39616198699194625735335925,79.39616198699194625735335905,0E-16,79.39616198699194625735335925,0E-26,0,0,0,0,0,158.8248422682430828173472017,178.6982714856854621086659040,178.6982714856854621086659040,178.6982714856854621086659040,0,False,178.6982714856854621086659040,178.6982714856854621086659040,False,178.6982714856854621086659040,0.0,0.12657078255762070868129766,0,0,99.42868028125113655999384247,79.42868028125113655999384247,47.65720816875068193599630549,31.77147211250045462399753698,47.65720816875068193599630549,31.77147211250045462399753698,79.49371686976951716527480936,0,0,0,79.49371686976951716527480936,1.000000000000000000000000000,0E-32,0.079847892392755507672387649,0.0,0.0,0.0,0.0,0.0,0.0,0.0,0.0,0,0,0,2,6.65600000000,0.0,0.0,39.69808099349597312867667952,0.0,0.0,0.0,0.0,0.0,0,0,2E-25,0,0,0,0,0,0,0,0.0000,0.0000,0,0,0,0,0,0,0,1,0.0,0,0,0,0,0,0,0,0,0,0,0,0,0,0,0,0,0,0,0,0,0,0,0,False,0,0,0,0,0,0,0,0,0,0,0,0,0,0,0,0,0,0,0E-26,0E-26,0,0,0,0,0,0,False,0,0,0,0,0,0,0,0,0,0,0,0,0,0,0,0,0,0,0,0,0,0,0,0,0,0,0,0,0,0,0,0,0,0,0,0,0,0,0,0,2,0,0,79.39616198699194625735335905,0,0,0,79.39616198699194625735335905,6.65600000000,0.0,0.0,39.69808099349597312867667952,0,0,0,0,0,0,0,0,0,0,0,0,89.34913574284273105433295195,0E-26,0E-26,89.34913574284273105433295195,0,0,0,0,0,0,0.45,0,0,0,0,0,0,0,0,0,0,801.1751577317569171826527987,801.1751577317569171826527983,19.87342921744237929131870234,0.0,0.0,0.0,yield_seeking,0.1578947368421052631578947368,0.1578813046434110155869685510,-0.0004736439139302330467609056530,0,0,0,0,0,0,0,0,0,0,0,0,0,0,0,0,0,0,0,0,0,0,0,0,0,0,0,0,0,0,0,0,0,0,0,0,0,0,0.0,0.0,0.0,0.0,0.0,0.0,0.0,0.0,0.0,0.0,0.0,0.0,0,0,0,0,0,0,0,0,0,0,0,0,0,0,0,0,0,0,0,0,0,0,0,0,0,0,0,0,0,0,0,0,0,0,0,0E-26,0E-26,2,2,0,0,0,0,1,1,0E-26,0E-26,0,0,1,1,0E-26,0E-26,0,0,0,0,0,0,0,0,0,0,0,0,0,0,0,0,0,0,0,0,0,0,2,2,0,0,2,0,0,0,0,0,0,0,0,0,0,50.0,0.0,50.0,50.0,0.0,50.0,0,0,0,0,0,0,0.0,0.0,0.0
48,0.0,20,20,0.20,0.0,historical,19.88573605625022731199876849,0.20,0.1200,normal,0,1,0,0,,False,0,0.00,158.9391062119928555053484332,0.11426394374977268800123150,158.8248422682430828173472017,178.8248422682430828173472017,178.8248422682430828173472017,1.0,1,79.45487488219553145361004499,0,19.88573605625022731199876850,0,0,0,0,0,0,0,0,0,0,0,0,0,0,0,0,0,0,0,0,178.8248422682430828173472017,0E-26,2E-25,158.9391062119928555053484330,158.9391062119928555053484330,0E-26,0E-27,0.0,20.00,0,0E-26,841.0608937880071444946515674,0,20,20,158.8248422682430828173472017,19.88573605625022731199876850,178.8248422682430828173472017,158.9391062119928555053484332,-19.8857360562502273119987685,841.0608937880071444946515674,0E-26,0,19.88573605625022731199876850,0,20,19.88573605625022731199876850,178.8248422682430828173472017,158.8248422682430828173472017,0,198.7105783244933101293459702,6,True,19.88573605625022731199876850,11.53144163375013638719926110,0,329.2953901139860747098948960,317.7639484802359383226956349,841.0608937880071444946515674,79.45487488219553145361004519,79.45487488219553145361004499,0E-16,79.45487488219553145361004519,0E-26,0,0,0,0,0,158.9391062119928555053484332,178.8248422682430828173472017,178.8248422682430828173472017,178.8248422682430828173472017,0,False,178.8248422682430828173472017,178.8248422682430828173472017,False,178.8248422682430828173472017,0.0,0.11426394374977268800123150,0,0,99.48423132979732405173838800,79.48423132979732405173838800,47.69053879787839443104303280,31.79369253191892962069535520,47.69053879787839443104303280,31.79369253191892962069535520,79.54294422500090924799507397,0,0,0,79.54294422500090924799507397,1.000000000000000000000000000,0E-32,0.079862783720310429102890397,0.0,0.0,0.0,0.0,0.0,0.0,0.0,0.0,0,0,0,2,6.65600000000,0.0,0.0,39.72743744109776572680502250,0.0,0.0,0.0,0.0,0.0,0,0,2E-25,0,0,0,0,0,0,0,0.00000,0.00000,0,0,0,0,0,0,0,0,0.0,0,0,0,0,0,0,0,0,0,0,0,0,0,0,0,0,0,0,0,0,0,0,0,False,0,0,0,0,0,0,0,0,0,0,0,0,0,0,0,0,0,0,0E-26,0E-26,0,0,0,0,0,0,False,0,0,0,0,0,0,0,0,0,0,0,0,0,0,0,0,0,0,0,0,0,0,0,0,0,0,0,0,0,0,0,0,0,0,0,0,0,0,0,0,2,0,0,79.45487488219553145361004499,0,0,0,79.45487488219553145361004499,6.65600000000,0.0,0.0,39.72743744109776572680502250,0,0,0,0,0,0,0,0,0,0,0,0,89.41242113412154140867360075,0E-26,0E-26,89.41242113412154140867360075,0,0,0,0,0,0,0.45,0,0,0,0,0,0,0,0,0,0,821.0608937880071444946515672,821.0608937880071444946515668,19.88573605625022731199876850,0.0,0.0,0.0,yield_seeking,0.1578947368421052631578947368,0.1578839910831498651011537882,-0.0004736519732494495953034613646,0,0,0,0,0,0,0,0,0,0,0,0,0,0,0,0,0,0,0,0,0,0,0,0,0,0,0,0,0,0,0,0,0,0,0,0,0,0,0.0,0.0,0.0,0.0,0.0,0.0,0.0,0.0,0.0,0.0,0.0,0.0,0,0,0,0,0,0,0,0,0,0,0,0,0,0,0,0,0,0,0,0,0,0,0,0,0,0,0,0,0,0,0,0,0,0,0,0E-26,0E-26,2,2,0,0,0,0,1,1,0E-26,0E-26,0,0,1,1,0E-26,0E-26,0,0,0,0,0,0,0,0,0,0,0,0,0,0,0,0,0,0,0,0,0,0,2,2,0,0,2,0,0,0,0,0,0,0,0,0,0,50.0,0.0,50.0,50.0,0.0,50.0,0,0,0,0,0,0,0.0,0.0,0.0
49,0.0,20,20,0.20,0.0,historical,19.89684626595946481034767760,0.20,0.1225,normal,0,1,0,0,,False,0,0.00,159.0422599460333906950007556,0.10315373404053518965232240,158.9391062119928555053484332,178.9391062119928555053484332,178.9391062119928555053484332,1.0,1,79.50787895485246256872231118,0,19.89684626595946481034767760,0,0,0,0,0,0,0,0,0,0,0,0,0,0,0,0,0,0,0,0,178.9391062119928555053484332,0E-26,2E-25,159.0422599460333906950007554,159.0422599460333906950007554,0E-26,0E-27,0.0,20.00,0,0E-26,860.9577400539666093049992450,0,20,20,158.9391062119928555053484332,19.89684626595946481034767760,178.9391062119928555053484332,159.0422599460333906950007556,-19.8968462659594648103476776,860.9577400539666093049992450,0E-26,0,19.89684626595946481034767760,0,20,19.89684626595946481034767760,178.9391062119928555053484332,158.9391062119928555053484332,0,198.8359524779523203156961108,6,True,19.89684626595946481034767760,11.53810775957567888620860656,0,329.5194739176019250865577953,317.9813661580262462003491888,860.9577400539666093049992450,79.50787895485246256872231138,79.50787895485246256872231118,0E-16,79.50787895485246256872231138,0E-26,0,0,0,0,0,159.0422599460333906950007556,178.9391062119928555053484332,178.9391062119928555053484332,178.9391062119928555053484332,0,False,178.9391062119928555053484332,178.9391062119928555053484332,False,178.9391062119928555053484332,0.0,0.10315373404053518965232240,0,0,99.53438099118092812627844424,79.53438099118092812627844424,47.72062859470855687576706654,31.81375239647237125051137770,47.72062859470855687576706654,31.81375239647237125051137770,79.58738506383785924139071040,0,0,0,79.58738506383785924139071040,1.000000000000000000000000000,0E-32,0.079876208232197878883718583,0.0,0.0,0.0,0.0,0.0,0.0,0.0,0.0,0,0,0,2,6.65600000000,0.0,0.0,39.75393947742623128436115559,0.0,0.0,0.0,0.0,0.0,0,0,2E-25,0,0,0,0,0,0,0,0.00000,0.00000,0,0,0,0,0,0,0,0,0.0,0,0,0,0,0,0,0,0,0,0,0,0,0,0,0,0,0,0,0,0,0,0,0,False,0,0,0,0,0,0,0,0,0,0,0,0,0,0,0,0,0,0,0E-26,0E-26,0,0,0,0,0,0,False,0,0,0,0,0,0,0,0,0,0,0,0,0,0,0,0,0,0,0,0,0,0,0,0,0,0,0,0,0,0,0,0,0,0,0,0,0,0,0,0,2,0,0,79.50787895485246256872231118,0,0,0,79.50787895485246256872231118,6.65600000000,0.0,0.0,39.75393947742623128436115559,0,0,0,0,0,0,0,0,0,0,0,0,89.4695531059964277526742165,0E-26,0E-26,89.4695531059964277526742165,0,0,0,0,0,0,0.45,0,0,0,0,0,0,0,0,0,0,840.9577400539666093049992448,840.9577400539666093049992444,19.89684626595946481034767760,0.0,0.0,0.0,yield_seeking,0.1578947368421052631578947368,0.1578861402349409447125019779,-0.0004736584207048228341375059337,0,0,0,0,0,0,0,0,0,0,0,0,0,0,0,0,0,0,0,0,0,0,0,0,0,0,0,0,0,0,0,0,0,0,0,0,0,0,0.0,0.0,0.0,0.0,0.0,0.0,0.0,0.0,0.0,0.0,0.0,0.0,0,0,0,0,0,0,0,0,0,0,0,0,0,0,0,0,0,0,0,0,0,0,0,0,0,0,0,0,0,0,0,0,0,0,0,0E-26,0E-26,2,2,0,0,0,0,1,1,0E-26,0E-26,0,0,1,1,0E-26,0E-26,0,0,0,0,0,0,0,0,0,0,0,0,0,0,0,0,0,0,0,0,0,0,2,2,0,0,2,0,0,0,0,0,0,0,0,0,0,50.0,0.0,50.0,50.0,0.0,50.0,0,0,0,0,0,0,0.0,0.0,0.0
50,0.0,20,20,0.20,0.0,historical,19.90687619823618562525568885,0.20,0.1250,normal,0,1,0,0,,False,0,0.00,159.1353837477972050697450668,0.09312380176381437474431115,159.0422599460333906950007556,179.0422599460333906950007556,179.0422599460333906950007556,1.0,1,79.55572929008937454164248887,0,19.90687619823618562525568885,0,0,0,0,0,0,0,0,0,0,0,0,0,0,0,0,0,0,0,0,179.0422599460333906950007556,0E-27,2E-25,159.1353837477972050697450666,159.1353837477972050697450666,0E-26,0E-27,0.0,20.00,0,0E-27,880.8646162522027949302549338,0,20,20,159.0422599460333906950007556,19.90687619823618562525568885,179.0422599460333906950007556,159.1353837477972050697450668,-19.9068761982361856252556888,880.8646162522027949302549338,0E-27,0,19.90687619823618562525568885,0,20,19.90687619823618562525568885,179.0422599460333906950007556,159.0422599460333906950007556,0,198.9491361442695763202564444,6,True,19.90687619823618562525568885,8.362750479294474250102275540,0,326.5403941731250700148480979,318.1776436938305957647458223,880.8646162522027949302549338,79.55572929008937454164248907,79.55572929008937454164248887,0E-16,79.55572929008937454164248907,0E-26,0,0,0,0,0,159.1353837477972050697450668,179.0422599460333906950007556,179.0422599460333906950007556,179.0422599460333906950007556,0,False,179.0422599460333906950007556,179.0422599460333906950007556,False,179.0422599460333906950007556,0.0,0.09312380176381437474431115,0,0,99.57965445770783052810257771,79.57965445770783052810257771,47.74779267462469831686154662,31.83186178308313221124103109,47.74779267462469831686154662,31.83186178308313221124103109,79.62750479294474250102275539,0,0,0,79.62750479294474250102275539,1.000000000000000000000000000,0E-32,0.079888312076707215779625000,0.0,0.0,0.0,0.0,0.0,0.0,0.0,0.0,0,0,0,2,6.65600000000,0.0,0.0,39.77786464504468727082124444,0.0,0.0,0.0,0.0,0.0,0,0,2E-25,0,0,0,0,0,0,0,0.00000,0.00000,0,0,0,0,0,0,0,0,0.0,0,0,0,0,0,0,0,0,0,0,0,0,0,0,0,0,0,0,0,0,0,0,0,False,0,0,0,0,0,0,0,0,0,0,0,0,0,0,0,0,0,0,0E-26,0E-27,0,0,0,0,0,0,False,0,0,0,0,0,0,0,0,0,0,0,0,0,0,0,0,0,0,0,0,0,0,0,0,0,0,0,0,0,0,0,0,0,0,0,0,0,0,0,0,2,0,0,79.55572929008937454164248887,0,0,0,79.55572929008937454164248887,6.65600000000,0.0,0.0,39.77786464504468727082124444,0,0,0,0,0,0,0,0,0,0,0,0,89.5211299730166953475003777,0E-26,0E-26,89.5211299730166953475003777,0,0,0,0,0,0,0.45,0,0,0,0,0,0,0,0,0,0,860.8646162522027949302549336,860.8646162522027949302549332,19.90687619823618562525568885,0.0,0.0,0.0,yield_seeking,0.1578947368421052631578947368,0.1578878595563738084015805297,-0.0004736635786691214252047415891,0,0,0,0,0,0,0,0,0,0,0,0,0,0,0,0,0,0,0,0,0,0,0,0,0,0,0,0,0,0,0,0,0,0,0,0,0,0,0.0,0.0,0.0,0.0,0.0,0.0,0.0,0.0,0.0,0.0,0.0,0.0,0,0,0,0,0,0,0,0,0,0,0,0,0,0,0,0,0,0,0,0,0,0,0,0,0,0,0,0,0,0,0,0,0,0,0,0E-26,0E-26,2,2,0,0,0,0,1,1,0E-26,0E-26,0,0,1,1,0E-26,0E-26,0,0,0,0,0,0,0,0,0,0,0,0,0,0,0,0,0,0,0,0,0,0,2,2,0,0,2,0,0,0,0,0,0,0,0,0,0,50.0,0.0,50.0,50.0,0.0,50.0,0,0,0,0,0,0,0.0,0.0,0.0
51,0.0,20,20,0.20,0.0,historical,19.91593089154156610562051554,0.20,0.1275,normal,0,1,0,0,,False,0,0.00,159.2194528562556389641245513,0.08406910845843389437948446,159.1353837477972050697450668,179.1353837477972050697450668,179.1353837477972050697450668,1.0,1,79.59892700052013049397831820,0,19.91593089154156610562051554,0,0,0,0,0,0,0,0,0,0,0,0,0,0,0,0,0,0,0,0,179.1353837477972050697450668,0E-26,3E-25,159.2194528562556389641245510,159.2194528562556389641245510,0E-26,0E-27,0.0,20.00,0,0E-26,900.7805471437443610358754494,0,20,20,159.1353837477972050697450668,19.91593089154156610562051554,179.1353837477972050697450668,159.2194528562556389641245513,-19.9159308915415661056205155,900.7805471437443610358754494,0E-26,0,19.91593089154156610562051554,0,20,19.91593089154156610562051554,179.1353837477972050697450668,159.1353837477972050697450668,0,199.0513146393387711753655823,6,True,19.91593089154156610562051554,11.54955853492493966337230932,0,329.9043951389777836972419274,318.3548366040528440338696181,900.7805471437443610358754494,79.59892700052013049397831850,79.59892700052013049397831820,0E-16,79.59892700052013049397831850,0E-26,0,0,0,0,0,159.2194528562556389641245513,179.1353837477972050697450668,179.1353837477972050697450668,179.1353837477972050697450668,0,False,179.1353837477972050697450668,179.1353837477972050697450668,False,179.1353837477972050697450668,0.0,0.08406910845843389437948446,0,0,99.62052585573550847014623285,79.62052585573550847014623285,47.77231551344130508208773971,31.84821034229420338805849314,47.77231551344130508208773971,31.84821034229420338805849314,79.66372356616626442248206217,0,0,0,79.66372356616626442248206217,1.000000000000000000000000000,0E-32,0.079899226531220838258182293,0.0,0.0,0.0,0.0,0.0,0.0,0.0,0.0,0,0,0,2,6.65600000000,0.0,0.0,39.79946350026006524698915910,0.0,0.0,0.0,0.0,0.0,0,0,3E-25,0,0,0,0,0,0,0,0.00000,0.00000,0,0,0,0,0,0,0,0,0.0,0,0,0,0,0,0,0,0,0,0,0,0,0,0,0,0,0,0,0,0,0,0,0,False,0,0,0,0,0,0,0,0,0,0,0,0,0,0,0,0,0,0,0E-26,0E-26,0,0,0,0,0,0,False,0,0,0,0,0,0,0,0,0,0,0,0,0,0,0,0,0,0,0,0,0,0,0,0,0,0,0,0,0,0,0,0,0,0,0,0,0,0,0,0,2,0,0,79.59892700052013049397831820,0,0,0,79.59892700052013049397831820,6.65600000000,0.0,0.0,39.79946350026006524698915910,0,0,0,0,0,0,0,0,0,0,0,0,89.5676918738986025348725333,0E-26,0E-26,89.5676918738986025348725333,0,0,0,0,0,0,0.45,0,0,0,0,0,0,0,0,0,0,880.7805471437443610358754491,880.7805471437443610358754487,19.91593089154156610562051554,0.0,0.0,0.0,yield_seeking,0.1578947368421052631578947368,0.1578892350135200993528433711,-0.0004736677050405602980585301133,0,0,0,0,0,0,0,0,0,0,0,0,0,0,0,0,0,0,0,0,0,0,0,0,0,0,0,0,0,0,0,0,0,0,0,0,0,0,0.0,0.0,0.0,0.0,0.0,0.0,0.0,0.0,0.0,0.0,0.0,0.0,0,0,0,0,0,0,0,0,0,0,0,0,0,0,0,0,0,0,0,0,0,0,0,0,0,0,0,0,0,0,0,0,0,0,0,0E-26,0E-26,2,2,0,0,0,0,1,1,0E-26,0E-26,0,0,1,1,0E-26,0E-26,0,0,0,0,0,0,0,0,0,0,0,0,0,0,0,0,0,0,0,0,0,0,2,2,0,0,2,0,0,0,0,0,0,0,0,0,0,50.0,0.0,50.0,50.0,0.0,50.0,0,0,0,0,0,0,0.0,0.0,0.0
52,0.0,20,20,0.20,0.0,historical,19.92410517114710169402924657,0.20,0.1300,normal,0,1,0,0,,False,0,0.00,159.2953476851085372700953047,0.07589482885289830597075343,159.2194528562556389641245513,179.2194528562556389641245513,179.2194528562556389641245513,1.0,1,79.63792447414744100683378545,0,19.92410517114710169402924657,0,0,0,0,0,0,0,0,0,0,0,0,0,0,0,0,0,0,0,0,179.2194528562556389641245513,0E-27,2E-25,159.2953476851085372700953045,159.2953476851085372700953045,0E-26,0E-27,0.0,20.00,0,0E-27,920.7046523148914627299046959,0,20,20,159.2194528562556389641245513,19.92410517114710169402924657,179.2194528562556389641245513,159.2953476851085372700953047,-19.9241051711471016940292466,920.7046523148914627299046959,0E-27,0,19.92410517114710169402924657,0,20,19.92410517114710169402924657,179.2194528562556389641245513,159.2194528562556389641245513,0,199.1435580274027406581537979,6,True,19.92410517114710169402924657,8.369642068458840677611698628,0,326.8844426098230169118315546,318.5148005413641762342198560,920.7046523148914627299046959,79.63792447414744100683378565,79.63792447414744100683378545,0E-16,79.63792447414744100683378565,0E-26,0,0,0,0,0,159.2953476851085372700953047,179.2194528562556389641245513,179.2194528562556389641245513,179.2194528562556389641245513,0,False,179.2194528562556389641245513,179.2194528562556389641245513,False,179.2194528562556389641245513,0.0,0.07589482885289830597075343,0,0,99.65742321096109626326151905,79.65742321096109626326151905,47.79445392657665775795691143,31.86296928438443850530460762,47.79445392657665775795691143,31.86296928438443850530460762,79.69642068458840677611698628,0,0,0,79.69642068458840677611698628,1.000000000000000000000000000,0E-32,0.079909069572542557358981355,0.0,0.0,0.0,0.0,0.0,0.0,0.0,0.0,0,0,0,2,6.65600000000,0.0,0.0,39.81896223707372050341689272,0.0,0.0,0.0,0.0,0.0,0,0,2E-25,0,0,0,0,0,0,0,0.00000,0.00000,0,0,0,0,0,0,0,0,0.0,0,0,0,0,0,0,0,0,0,0,0,0,0,0,0,0,0,0,0,0,0,0,0,False,0,0,0,0,0,0,0,0,0,0,0,0,0,0,0,0,0,0,0E-26,0E-27,0,0,0,0,0,0,False,0,0,0,0,0,0,0,0,0,0,0,0,0,0,0,0,0,0,0,0,0,0,0,0,0,0,0,0,0,0,0,0,0,0,0,0,0,0,0,0,2,0,0,79.63792447414744100683378545,0,0,0,79.63792447414744100683378545,6.65600000000,0.0,0.0,39.81896223707372050341689272,0,0,0,0,0,0,0,0,0,0,0,0,89.60972642812781948206227555,0E-26,0E-26,89.60972642812781948206227555,0,0,0,0,0,0,0.45,0,0,0,0,0,0,0,0,0,0,900.7046523148914627299046956,900.7046523148914627299046953,19.92410517114710169402924657,0.0,0.0,0.0,yield_seeking,0.1578947368421052631578947368,0.1578903353792371321138536442,-0.0004736710061377113963415609326,0,0,0,0,0,0,0,0,0,0,0,0,0,0,0,0,0,0,0,0,0,0,0,0,0,0,0,0,0,0,0,0,0,0,0,0,0,0,0.0,0.0,0.0,0.0,0.0,0.0,0.0,0.0,0.0,0.0,0.0,0.0,0,0,0,0,0,0,0,0,0,0,0,0,0,0,0,0,0,0,0,0,0,0,0,0,0,0,0,0,0,0,0,0,0,0,0,0E-26,0E-26,2,2,0,0,0,0,1,1,0E-26,0E-26,0,0,1,1,0E-26,0E-26,0,0,0,0,0,0,0,0,0,0,0,0,0,0,0,0,0,0,0,0,0,0,2,2,0,0,2,0,0,0,0,0,0,0,0,0,0,50.0,0.0,50.0,50.0,0.0,50.0,0,0,0,0,0,0,0.0,0.0,0.0
53,0.0,20,20,0.20,0.0,historical,19.93148464219221925265230381,0.20,0.1325,normal,0,1,0,0,,False,0,0.00,159.3638630429163180174430009,0.06851535780778074734769619,159.2953476851085372700953047,179.2953476851085372700953047,179.2953476851085372700953047,1.0,1,79.67313011199601540834395733,0,19.93148464219221925265230381,0,0,0,0,0,0,0,0,0,0,0,0,0,0,0,0,0,0,0,0,179.2953476851085372700953047,0E-26,3E-25,159.3638630429163180174430006,159.3638630429163180174430006,0E-26,0E-27,0.0,20.00,0,0E-26,940.6361369570836819825569997,0,20,20,159.2953476851085372700953047,19.93148464219221925265230381,179.2953476851085372700953047,159.3638630429163180174430009,-19.9314846421922192526523038,940.6361369570836819825569997,0E-26,0,19.93148464219221925265230381,0,20,19.93148464219221925265230381,179.2953476851085372700953047,159.2953476851085372700953047,0,199.2268323273007565227476085,6,True,19.93148464219221925265230381,11.55889078531533155159138229,0,330.2181015133401868391296879,318.6592107280248552875383056,940.6361369570836819825569997,79.67313011199601540834395763,79.67313011199601540834395733,0E-16,79.67313011199601540834395763,0E-26,0,0,0,0,0,159.3638630429163180174430009,179.2953476851085372700953047,179.2953476851085372700953047,179.2953476851085372700953047,0,False,179.2953476851085372700953047,179.2953476851085372700953047,False,179.2953476851085372700953047,0.0,0.06851535780778074734769619,0,0,99.69073293092030260909904332,79.69073293092030260909904332,47.81443975855218156545942599,31.87629317236812104363961733,47.81443975855218156545942599,31.87629317236812104363961733,79.72593856876887701060921524,0,0,0,79.72593856876887701060921524,1.000000000000000000000000000,0E-32,0.079917947270940478162862147,0.0,0.0,0.0,0.0,0.0,0.0,0.0,0.0,0,0,0,2,6.65600000000,0.0,0.0,39.83656505599800770417197866,0.0,0.0,0.0,0.0,0.0,0,0,3E-25,0,0,0,0,0,0,0,0.00000,0.00000,0,0,0,0,0,0,0,0,0.0,0,0,0,0,0,0,0,0,0,0,0,0,0,0,0,0,0,0,0,0,0,0,0,False,0,0,0,0,0,0,0,0,0,0,0,0,0,0,0,0,0,0,0E-26,0E-26,0,0,0,0,0,0,False,0,0,0,0,0,0,0,0,0,0,0,0,0,0,0,0,0,0,0,0,0,0,0,0,0,0,0,0,0,0,0,0,0,0,0,0,0,0,0,0,2,0,0,79.67313011199601540834395733,0,0,0,79.67313011199601540834395733,6.65600000000,0.0,0.0,39.83656505599800770417197866,0,0,0,0,0,0,0,0,0,0,0,0,89.64767384255426863504765225,0E-26,0E-26,89.64767384255426863504765225,0,0,0,0,0,0,0.45,0,0,0,0,0,0,0,0,0,0,920.6361369570836819825569994,920.6361369570836819825569991,19.93148464219221925265230381,0.0,0.0,0.0,yield_seeking,0.1578947368421052631578947368,0.1578912156718107583226618627,-0.0004736736470154322749679855881,0,0,0,0,0,0,0,0,0,0,0,0,0,0,0,0,0,0,0,0,0,0,0,0,0,0,0,0,0,0,0,0,0,0,0,0,0,0,0.0,0.0,0.0,0.0,0.0,0.0,0.0,0.0,0.0,0.0,0.0,0.0,0,0,0,0,0,0,0,0,0,0,0,0,0,0,0,0,0,0,0,0,0,0,0,0,0,0,0,0,0,0,0,0,0,0,0,0E-26,0E-26,2,2,0,0,0,0,1,1,0E-26,0E-26,0,0,1,1,0E-26,0E-26,0,0,0,0,0,0,0,0,0,0,0,0,0,0,0,0,0,0,0,0,0,0,2,2,0,0,2,0,0,0,0,0,0,0,0,0,0,50.0,0.0,50.0,50.0,0.0,50.0,0,0,0,0,0,0,0.0,0.0,0.0
54,0.0,20,20,0.20,0.0,historical,19.93814658618406052181980866,0.20,0.1350,normal,0,1,0,0,,False,0,0.00,159.4257164567322574956231922,0.06185341381593947818019133,159.3638630429163180174430009,179.3638630429163180174430009,179.3638630429163180174430009,1.0,1,79.70491260509210607991806824,0,19.93814658618406052181980867,0,0,0,0,0,0,0,0,0,0,0,0,0,0,0,0,0,0,0,0,179.3638630429163180174430009,0E-26,2E-25,159.4257164567322574956231920,159.4257164567322574956231920,0E-26,0E-27,0.0,20.00,0,0E-26,960.5742835432677425043768084,0,20,20,159.3638630429163180174430009,19.93814658618406052181980867,179.3638630429163180174430009,159.4257164567322574956231922,-19.9381465861840605218198087,960.5742835432677425043768084,0E-26,0,19.93814658618406052181980867,0,20,19.93814658618406052181980867,179.3638630429163180174430009,159.3638630429163180174430009,0,199.3020096291003785392628096,6,True,19.93814658618406052181980867,11.56288795171043631309188520,0,330.3524674513590118261580783,318.7895794996485755130661931,960.5742835432677425043768084,79.70491260509210607991806844,79.70491260509210607991806824,0E-16,79.70491260509210607991806844,0E-26,0,0,0,0,0,159.4257164567322574956231922,179.3638630429163180174430009,179.3638630429163180174430009,179.3638630429163180174430009,0,False,179.3638630429163180174430009,179.3638630429163180174430009,False,179.3638630429163180174430009,0.0,0.06185341381593947818019133,0,0,99.72080385164015141570512372,79.72080385164015141570512372,47.83248231098409084942307423,31.88832154065606056628204949,47.83248231098409084942307423,31.88832154065606056628204949,79.75258634473624208727923465,0,0,0,79.75258634473624208727923465,1.000000000000000000000000000,0E-32,0.079925955029567710706913911,0.0,0.0,0.0,0.0,0.0,0.0,0.0,0.0,0,0,0,2,6.65600000000,0.0,0.0,39.85245630254605303995903412,0.0,0.0,0.0,0.0,0.0,0,0,2E-25,0,0,0,0,0,0,0,0.00000,0.00000,0,0,0,0,0,0,0,0,0.0,0,0,0,0,0,0,0,0,0,0,0,0,0,0,0,0,0,0,0,0,0,0,0,False,0,0,0,0,0,0,0,0,0,0,0,0,0,0,0,0,0,0,0E-26,0E-26,0,0,0,0,0,0,False,0,0,0,0,0,0,0,0,0,0,0,0,0,0,0,0,0,0,0,0,0,0,0,0,0,0,0,0,0,0,0,0,0,0,0,0,0,0,0,0,2,0,0,79.70491260509210607991806824,0,0,0,79.70491260509210607991806824,6.65600000000,0.0,0.0,39.85245630254605303995903412,0,0,0,0,0,0,0,0,0,0,0,0,89.6819315214581590087215003,0E-26,0E-26,89.6819315214581590087215003,0,0,0,0,0,0,0.45,0,0,0,0,0,0,0,0,0,0,940.5742835432677425043768081,940.5742835432677425043768078,19.93814658618406052181980867,0.0,0.0,0.0,yield_seeking,0.1578947368421052631578947368,0.1578919199058696592897084375,-0.0004736757597176089778691253125,0,0,0,0,0,0,0,0,0,0,0,0,0,0,0,0,0,0,0,0,0,0,0,0,0,0,0,0,0,0,0,0,0,0,0,0,0,0,0.0,0.0,0.0,0.0,0.0,0.0,0.0,0.0,0.0,0.0,0.0,0.0,0,0,0,0,0,0,0,0,0,0,0,0,0,0,0,0,0,0,0,0,0,0,0,0,0,0,0,0,0,0,0,0,0,0,0,0E-26,0E-26,2,2,0,0,0,0,1,1,0E-26,0E-26,0,0,1,1,0E-26,0E-26,0,0,0,0,0,0,0,0,0,0,0,0,0,0,0,0,0,0,0,0,0,0,2,2,0,0,2,0,0,0,0,0,0,0,0,0,0,50.0,0.0,50.0,50.0,0.0,50.0,0,0,0,0,0,0,0.0,0.0,0.0
55,0.0,20,20,0.20,0.0,historical,19.94416077032803028314102474,0.20,0.1375,normal,0,1,0,0,,False,0,0.00,159.4815556864042272124821674,0.05583922967196971685897525,159.4257164567322574956231922,179.4257164567322574956231922,179.4257164567322574956231922,1.0,1,79.73360479558011210097648050,0,19.94416077032803028314102475,0,0,0,0,0,0,0,0,0,0,0,0,0,0,0,0,0,0,0,0,179.4257164567322574956231922,0E-27,2E-25,159.4815556864042272124821672,159.4815556864042272124821672,0E-26,0E-27,0.0,20.00,0,0E-27,980.5184443135957727875178331,0,20,20,159.4257164567322574956231922,19.94416077032803028314102475,179.4257164567322574956231922,159.4815556864042272124821674,-19.9441607703280302831410248,980.5184443135957727875178331,0E-27,0,19.94416077032803028314102475,0,20,19.94416077032803028314102475,179.4257164567322574956231922,159.4257164567322574956231922,0,199.3698772270602877787642170,6,True,19.94416077032803028314102475,8.377664308131212113256409898,0,327.2849364512676968213617695,318.9072721431364847081053596,980.5184443135957727875178331,79.73360479558011210097648070,79.73360479558011210097648050,0E-16,79.73360479558011210097648070,0E-26,0,0,0,0,0,159.4815556864042272124821674,179.4257164567322574956231922,179.4257164567322574956231922,179.4257164567322574956231922,0,False,179.4257164567322574956231922,179.4257164567322574956231922,False,179.4257164567322574956231922,0.0,0.05583922967196971685897525,0,0,99.74795089082411511150568668,79.74795089082411511150568668,47.84877053449446906690341201,31.89918035632964604460227467,47.84877053449446906690341201,31.89918035632964604460227467,79.77664308131212113256409897,0,0,0,79.77664308131212113256409897,1.000000000000000000000000000,0E-32,0.079933178687938994049488361,0.0,0.0,0.0,0.0,0.0,0.0,0.0,0.0,0,0,0,2,6.65600000000,0.0,0.0,39.86680239779005605048824025,0.0,0.0,0.0,0.0,0.0,0,0,2E-25,0,0,0,0,0,0,0,0.00000,0.00000,0,0,0,0,0,0,0,0,0.0,0,0,0,0,0,0,0,0,0,0,0,0,0,0,0,0,0,0,0,0,0,0,0,False,0,0,0,0,0,0,0,0,0,0,0,0,0,0,0,0,0,0,0E-26,0E-27,0,0,0,0,0,0,False,0,0,0,0,0,0,0,0,0,0,0,0,0,0,0,0,0,0,0,0,0,0,0,0,0,0,0,0,0,0,0,0,0,0,0,0,0,0,0,0,2,0,0,79.73360479558011210097648050,0,0,0,79.73360479558011210097648050,6.65600000000,0.0,0.0,39.86680239779005605048824025,0,0,0,0,0,0,0,0,0,0,0,0,89.71285822836612874781159595,0E-26,0E-26,89.71285822836612874781159595,0,0,0,0,0,0,0.45,0,0,0,0,0,0,0,0,0,0,960.5184443135957727875178328,960.5184443135957727875178326,19.94416077032803028314102475,0.0,0.0,0.0,yield_seeking,0.1578947368421052631578947368,0.1578924832931167800633456974,-0.0004736774498793503401900370922,0,0,0,0,0,0,0,0,0,0,0,0,0,0,0,0,0,0,0,0,0,0,0,0,0,0,0,0,0,0,0,0,0,0,0,0,0,0,0.0,0.0,0.0,0.0,0.0,0.0,0.0,0.0,0.0,0.0,0.0,0.0,0,0,0,0,0,0,0,0,0,0,0,0,0,0,0,0,0,0,0,0,0,0,0,0,0,0,0,0,0,0,0,0,0,0,0,0E-26,0E-26,2,2,0,0,0,0,1,1,0E-26,0E-26,0,0,1,1,0E-26,0E-26,0,0,0,0,0,0,0,0,0,0,0,0,0,0,0,0,0,0,0,0,0,0,2,2,0,0,2,0,0,0,0,0,0,0,0,0,0,50.0,0.0,50.0,50.0,0.0,50.0,0,0,0,0,0,0,0.0,0.0,0.0
56,0.0,20,20,0.20,0.0,historical,19.94959017816482302230113734,0.20,0.1400,normal,0,1,0,0,,False,0,0.00,159.5319655082394041901810301,0.05040982183517697769886267,159.4815556864042272124821674,179.4815556864042272124821674,179.4815556864042272124821674,1.0,1,79.75950716241178409626770801,0,19.94959017816482302230113733,0,0,0,0,0,0,0,0,0,0,0,0,0,0,0,0,0,0,0,0,179.4815556864042272124821674,0E-27,3E-25,159.5319655082394041901810298,159.5319655082394041901810298,0E-26,0E-27,0.0,20.00,0,0E-27,1000.468034491760595809818970,0,20,20,159.4815556864042272124821674,19.94959017816482302230113733,179.4815556864042272124821674,159.5319655082394041901810301,-19.9495901781648230223011373,1000.468034491760595809818970,0E-27,0,19.94959017816482302230113733,0,20,19.94959017816482302230113733,179.4815556864042272124821674,159.4815556864042272124821674,0,199.4311458645690502347833047,6,True,19.94959017816482302230113733,8.379836071265929208920454934,0,327.3933572659095606115836524,319.0135211946436314026631975,1000.468034491760595809818970,79.75950716241178409626770831,79.75950716241178409626770801,0E-16,79.75950716241178409626770831,0E-26,0,0,0,0,0,159.5319655082394041901810301,179.4815556864042272124821674,179.4815556864042272124821674,179.4815556864042272124821674,0,False,179.4815556864042272124821674,179.4815556864042272124821674,False,179.4815556864042272124821674,0.0,0.05040982183517697769886267,0,0,99.77245834582762009391332181,79.77245834582762009391332181,47.86347500749657205634799308,31.90898333833104803756532873,47.86347500749657205634799308,31.90898333833104803756532873,79.79836071265929208920454935,0,0,0,79.79836071265929208920454935,1.000000000000000000000000000,0E-32,0.079939695505620312694396217,0.0,0.0,0.0,0.0,0.0,0.0,0.0,0.0,0,0,0,2,6.65600000000,0.0,0.0,39.87975358120589204813385400,0.0,0.0,0.0,0.0,0.0,0,0,3E-25,0,0,0,0,0,0,0,0.00000,0.00000,0,0,0,0,0,0,0,0,0.0,0,0,0,0,0,0,0,0,0,0,0,0,0,0,0,0,0,0,0,0,0,0,0,False,0,0,0,0,0,0,0,0,0,0,0,0,0,0,0,0,0,0,0E-26,0E-27,0,0,0,0,0,0,False,0,0,0,0,0,0,0,0,0,0,0,0,0,0,0,0,0,0,0,0,0,0,0,0,0,0,0,0,0,0,0,0,0,0,0,0,0,0,0,0,2,0,0,79.75950716241178409626770801,0,0,0,79.75950716241178409626770801,6.65600000000,0.0,0.0,39.87975358120589204813385400,0,0,0,0,0,0,0,0,0,0,0,0,89.7407778432021136062410836,0E-26,0E-26,89.7407778432021136062410836,0,0,0,0,0,0,0.45,0,0,0,0,0,0,0,0,0,0,980.4680344917605958098189701,980.4680344917605958098189699,19.94959017816482302230113733,0.0,0.0,0.0,yield_seeking,0.1578947368421052631578947368,0.1578929340029144766822555053,-0.0004736788020087434300467665159,0,0,0,0,0,0,0,0,0,0,0,0,0,0,0,0,0,0,0,0,0,0,0,0,0,0,0,0,0,0,0,0,0,0,0,0,0,0,0.0,0.0,0.0,0.0,0.0,0.0,0.0,0.0,0.0,0.0,0.0,0.0,0,0,0,0,0,0,0,0,0,0,0,0,0,0,0,0,0,0,0,0,0,0,0,0,0,0,0,0,0,0,0,0,0,0,0,0E-26,0E-26,2,2,0,0,0,0,1,1,0E-26,0E-26,0,0,1,1,0E-26,0E-26,0,0,0,0,0,0,0,0,0,0,0,0,0,0,0,0,0,0,0,0,0,0,2,2,0,0,2,0,0,0,0,0,0,0,0,0,0,50.0,0.0,50.0,50.0,0.0,50.0,0,0,0,0,0,0,0.0,0.0,0.0
57,0.0,20,20,0.20,0.0,historical,19.95449166916552401878266436,0.20,0.1425,normal,0,1,0,0,,False,0,0.00,159.5774738390738801713983657,0.04550833083447598121733563,159.5319655082394041901810301,179.5319655082394041901810301,179.5319655082394041901810301,1.0,1,79.78289096811190888781288782,0,19.95449166916552401878266437,0,0,0,0,0,0,0,0,0,0,0,0,0,0,0,0,0,0,0,0,179.5319655082394041901810301,0E-27,2E-25,159.5774738390738801713983655,159.5774738390738801713983655,0E-26,0E-27,0.0,20.00,0,0E-27,1020.422526160926119828601635,0,20,20,159.5319655082394041901810301,19.95449166916552401878266437,179.5319655082394041901810301,159.5774738390738801713983657,-19.9544916691655240187826644,1020.422526160926119828601635,0E-27,0,19.95449166916552401878266437,0,20,19.95449166916552401878266437,179.5319655082394041901810301,159.5319655082394041901810301,0,199.4864571774049282089636945,6,True,19.95449166916552401878266437,8.381796667666209607513065746,0,327.4912360149794939690924616,319.1094393473132843615793958,1020.422526160926119828601635,79.78289096811190888781288802,79.78289096811190888781288782,0E-16,79.78289096811190888781288802,0E-26,0,0,0,0,0,159.5774738390738801713983657,179.5319655082394041901810301,179.5319655082394041901810301,179.5319655082394041901810301,0,False,179.5319655082394041901810301,179.5319655082394041901810301,False,179.5319655082394041901810301,0.0,0.04550833083447598121733563,0,0,99.79458287096197128358547767,79.79458287096197128358547767,47.87674972257718277015128660,31.91783314838478851343419107,47.87674972257718277015128660,31.91783314838478851343419107,79.81796667666209607513065744,0,0,0,79.81796667666209607513065744,1.000000000000000000000000000,0E-32,0.079945575040151401458044549,0.0,0.0,0.0,0.0,0.0,0.0,0.0,0.0,0,0,0,2,6.65600000000,0.0,0.0,39.89144548405595444390644391,0.0,0.0,0.0,0.0,0.0,0,0,2E-25,0,0,0,0,0,0,0,0.00000,0.00000,0,0,0,0,0,0,0,0,0.0,0,0,0,0,0,0,0,0,0,0,0,0,0,0,0,0,0,0,0,0,0,0,0,False,0,0,0,0,0,0,0,0,0,0,0,0,0,0,0,0,0,0,0E-26,0E-27,0,0,0,0,0,0,False,0,0,0,0,0,0,0,0,0,0,0,0,0,0,0,0,0,0,0,0,0,0,0,0,0,0,0,0,0,0,0,0,0,0,0,0,0,0,0,0,2,0,0,79.78289096811190888781288782,0,0,0,79.78289096811190888781288782,6.65600000000,0.0,0.0,39.89144548405595444390644391,0,0,0,0,0,0,0,0,0,0,0,0,89.76598275411970209509051495,0E-26,0E-26,89.76598275411970209509051495,0,0,0,0,0,0,0.45,0,0,0,0,0,0,0,0,0,0,1000.422526160926119828601634,1000.422526160926119828601634,19.95449166916552401878266437,0.0,0.0,0.0,yield_seeking,0.1578947368421052631578947368,0.1578932945707526339773833516,-0.0004736798837122579019321500548,0,0,0,0,0,0,0,0,0,0,0,0,0,0,0,0,0,0,0,0,0,0,0,0,0,0,0,0,0,0,0,0,0,0,0,0,0,0,0.0,0.0,0.0,0.0,0.0,0.0,0.0,0.0,0.0,0.0,0.0,0.0,0,0,0,0,0,0,0,0,0,0,0,0,0,0,0,0,0,0,0,0,0,0,0,0,0,0,0,0,0,0,0,0,0,0,0,0E-26,0E-26,2,2,0,0,0,0,1,1,0E-26,0E-26,0,0,1,1,0E-26,0E-26,0,0,0,0,0,0,0,0,0,0,0,0,0,0,0,0,0,0,0,0,0,0,2,2,0,0,2,0,0,0,0,0,0,0,0,0,0,50.0,0.0,50.0,50.0,0.0,50.0,0,0,0,0,0,0,0.0,0.0,0.0
58,0.0,20,20,0.20,0.0,historical,19.95891657419239425671709553,0.20,0.1450,normal,0,1,0,0,,False,0,0.00,159.6185572648814859146812702,0.04108342580760574328290447,159.5774738390738801713983657,179.5774738390738801713983657,179.5774738390738801713983657,1.0,1,79.80400109957497614343508551,0,19.95891657419239425671709553,0,0,0,0,0,0,0,0,0,0,0,0,0,0,0,0,0,0,0,0,179.5774738390738801713983657,0E-26,2E-25,159.6185572648814859146812700,159.6185572648814859146812700,0E-26,0E-27,0.0,20.00,0,0E-26,1040.381442735118514085318730,0,20,20,159.5774738390738801713983657,19.95891657419239425671709553,179.5774738390738801713983657,159.6185572648814859146812702,-19.9589165741923942567170955,1040.381442735118514085318730,0E-26,0,19.95891657419239425671709553,0,20,19.95891657419239425671709553,179.5774738390738801713983657,159.5774738390738801713983657,0,199.5363904132662744281154612,6,True,19.95891657419239425671709553,11.57534994451543655403025732,0,330.7713810484708026401098932,319.1960311039553660860796358,1040.381442735118514085318730,79.80400109957497614343508571,79.80400109957497614343508551,0E-16,79.80400109957497614343508571,0E-26,0,0,0,0,0,159.6185572648814859146812702,179.5774738390738801713983657,179.5774738390738801713983657,179.5774738390738801713983657,0,False,179.5774738390738801713983657,179.5774738390738801713983657,False,179.5774738390738801713983657,0.0,0.04108342580760574328290447,0,0,99.81455616530650977124618442,79.81455616530650977124618442,47.88873369918390586274771065,31.92582246612260390849847377,47.88873369918390586274771065,31.92582246612260390849847377,79.83566629676957702686838214,0,0,0,79.83566629676957702686838214,1.000000000000000000000000000,0E-32,0.079950879931402449137047843,0.0,0.0,0.0,0.0,0.0,0.0,0.0,0.0,0,0,0,2,6.65600000000,0.0,0.0,39.90200054978748807171754276,0.0,0.0,0.0,0.0,0.0,0,0,2E-25,0,0,0,0,0,0,0,0.00000,0.00000,0,0,0,0,0,0,0,0,0.0,0,0,0,0,0,0,0,0,0,0,0,0,0,0,0,0,0,0,0,0,0,0,0,False,0,0,0,0,0,0,0,0,0,0,0,0,0,0,0,0,0,0,0E-26,0E-26,0,0,0,0,0,0,False,0,0,0,0,0,0,0,0,0,0,0,0,0,0,0,0,0,0,0,0,0,0,0,0,0,0,0,0,0,0,0,0,0,0,0,0,0,0,0,0,2,0,0,79.80400109957497614343508551,0,0,0,79.80400109957497614343508551,6.65600000000,0.0,0.0,39.90200054978748807171754276,0,0,0,0,0,0,0,0,0,0,0,0,89.78873691953694008569918275,0E-26,0E-26,89.78873691953694008569918275,0,0,0,0,0,0,0.45,0,0,0,0,0,0,0,0,0,0,1020.381442735118514085318730,1020.381442735118514085318730,19.95891657419239425671709553,0.0,0.0,0.0,yield_seeking,0.1578947368421052631578947368,0.1578935830250231598134856286,-0.0004736807490750694794404568858,0,0,0,0,0,0,0,0,0,0,0,0,0,0,0,0,0,0,0,0,0,0,0,0,0,0,0,0,0,0,0,0,0,0,0,0,0,0,0.0,0.0,0.0,0.0,0.0,0.0,0.0,0.0,0.0,0.0,0.0,0.0,0,0,0,0,0,0,0,0,0,0,0,0,0,0,0,0,0,0,0,0,0,0,0,0,0,0,0,0,0,0,0,0,0,0,0,0E-26,0E-26,2,2,0,0,0,0,1,1,0E-26,0E-26,0,0,1,1,0E-26,0E-26,0,0,0,0,0,0,0,0,0,0,0,0,0,0,0,0,0,0,0,0,0,0,2,2,0,0,2,0,0,0,0,0,0,0,0,0,0,50.0,0.0,50.0,50.0,0.0,50.0,0,0,0,0,0,0,0.0,0.0,0.0
59,0.0,20,20,0.20,0.0,historical,19.96291123306130195424923688,0.20,0.1475,normal,0,1,0,0,,False,0,0.00,159.6556460318201839604320333,0.03708876693869804575076312,159.6185572648814859146812702,179.6185572648814859146812702,179.6185572648814859146812702,1.0,1,79.82305863264306881285983028,0,19.96291123306130195424923688,0,0,0,0,0,0,0,0,0,0,0,0,0,0,0,0,0,0,0,0,179.6185572648814859146812702,0E-27,3E-25,159.6556460318201839604320330,159.6556460318201839604320330,0E-26,0E-27,0.0,20.00,0,0E-27,1060.344353968179816039567967,0,20,20,159.6185572648814859146812702,19.96291123306130195424923688,179.6185572648814859146812702,159.6556460318201839604320333,-19.9629112330613019542492369,1060.344353968179816039567967,0E-27,0,19.96291123306130195424923688,0,20,19.96291123306130195424923688,179.6185572648814859146812702,159.6185572648814859146812702,0,199.5814684979427878689305071,6,True,19.96291123306130195424923688,8.385164493224520781699694754,0,327.6593677899261906568129982,319.2742032967016698751133036,1060.344353968179816039567967,79.82305863264306881285983058,79.82305863264306881285983028,0E-16,79.82305863264306881285983058,0E-26,0,0,0,0,0,159.6556460318201839604320333,179.6185572648814859146812702,179.6185572648814859146812702,179.6185572648814859146812702,0,False,179.6185572648814859146812702,179.6185572648814859146812702,False,179.6185572648814859146812702,0.0,0.03708876693869804575076312,0,0,99.83258739917711514757220272,79.83258739917711514757220272,47.89955243950626908854332163,31.93303495967084605902888109,47.89955243950626908854332163,31.93303495967084605902888109,79.85164493224520781699694754,0,0,0,79.85164493224520781699694754,1.000000000000000000000000000,0E-32,0.079955666603013214433135154,0.0,0.0,0.0,0.0,0.0,0.0,0.0,0.0,0,0,0,2,6.65600000000,0.0,0.0,39.91152931632153440642991514,0.0,0.0,0.0,0.0,0.0,0,0,3E-25,0,0,0,0,0,0,0,0.00000,0.00000,0,0,0,0,0,0,0,1,0.0,0,0,0,0,0,0,0,0,0,0,0,0,0,0,0,0,0,0,0,0,0,0,0,False,0,0,0,0,0,0,0,0,0,0,0,0,0,0,0,0,0,0,0E-26,0E-27,0,0,0,0,0,0,False,0,0,0,0,0,0,0,0,0,0,0,0,0,0,0,0,0,0,0,0,0,0,0,0,0,0,0,0,0,0,0,0,0,0,0,0,0,0,0,0,2,0,0,79.82305863264306881285983028,0,0,0,79.82305863264306881285983028,6.65600000000,0.0,0.0,39.91152931632153440642991514,0,0,0,0,0,0,0,0,0,0,0,0,89.80927863244074295734063495,0E-26,0E-26,89.80927863244074295734063495,0,0,0,0,0,0,0.45,0,0,0,0,0,0,0,0,0,0,1040.344353968179816039567967,1040.344353968179816039567967,19.96291123306130195424923688,0.0,0.0,0.0,yield_seeking,0.1578947368421052631578947368,0.1578938137884395804823674502,-0.0004736814413653187414471023506,0,0,0,0,0,0,0,0,0,0,0,0,0,0,0,0,0,0,0,0,0,0,0,0,0,0,0,0,0,0,0,0,0,0,0,0,0,0,0.0,0.0,0.0,0.0,0.0,0.0,0.0,0.0,0.0,0.0,0.0,0.0,0,0,0,0,0,0,0,0,0,0,0,0,0,0,0,0,0,0,0,0,0,0,0,0,0,0,0,0,0,0,0,0,0,0,0,0E-26,0E-26,2,2,0,0,0,0,1,1,0E-26,0E-26,0,0,1,1,0E-26,0E-26,0,0,0,0,0,0,0,0,0,0,0,0,0,0,0,0,0,0,0,0,0,0,2,2,0,0,2,0,0,0,0,0,0,0,0,0,0,50.0,0.0,50.0,50.0,0.0,50.0,0,0,0,0,0,0,0.0,0.0,0.0
60,0.0,20,20,0.20,0.0,historical,19.96651747983542302951444054,0.20,0.1500,normal,0,1,0,0,,False,0,0.00,159.6891285519847609309175928,0.03348252016457697048555945,159.6556460318201839604320333,179.6556460318201839604320333,179.6556460318201839604320333,1.0,1,79.84026314732251813493900306,0,19.96651747983542302951444055,0,0,0,0,0,0,0,0,0,0,0,0,0,0,0,0,0,0,0,0,179.6556460318201839604320334,0E-27,3E-25,159.6891285519847609309175925,159.6891285519847609309175925,0E-26,0E-27,0.0,20.00,0,0E-27,1080.310871448015239069082407,0,20,20,159.6556460318201839604320333,19.96651747983542302951444055,179.6556460318201839604320333,159.6891285519847609309175928,-19.9665174798354230295144405,1080.310871448015239069082407,0E-27,0,19.96651747983542302951444055,0,20,19.96651747983542302951444055,179.6556460318201839604320333,159.6556460318201839604320333,0,199.6221635116556069899464738,6,True,19.96651747983542302951444055,8.386606991934169211805776218,0,327.7313815757391141031554023,319.3447745838049448913496261,1080.310871448015239069082407,79.84026314732251813493900336,79.84026314732251813493900306,0E-16,79.84026314732251813493900336,0E-26,0,0,0,0,0,159.6891285519847609309175928,179.6556460318201839604320333,179.6556460318201839604320333,179.6556460318201839604320333,0,False,179.6556460318201839604320333,179.6556460318201839604320333,False,179.6556460318201839604320333,0.0,0.03348252016457697048555945,0,0,99.84886540466224279597858942,79.84886540466224279597858942,47.90931924279734567758715365,31.93954616186489711839143577,47.90931924279734567758715365,31.93954616186489711839143577,79.86606991934169211805776217,0,0,0,79.86606991934169211805776217,1.000000000000000000000000000,0E-32,0.079959985890231752628891360,0.0,0.0,0.0,0.0,0.0,0.0,0.0,0.0,0,0,0,2,6.65600000000,0.0,0.0,39.92013157366125906746950153,0.0,0.0,0.0,0.0,0.0,0,0,3E-25,0,0,0,0,0,0,0,0.000000,0.000000,0,0,0,0,0,0,0,0,0.0,0,0,0,0,0,0,0,0,0,0,0,0,0,0,0,0,0,0,0,0,0,0,0,False,0,0,0,0,0,0,0,0,0,0,0,0,0,0,0,0,0,0,0E-26,0E-27,0,0,0,0,0,0,False,0,0,0,0,0,0,0,0,0,0,0,0,0,0,0,0,0,0,0,0,0,0,0,0,0,0,0,0,0,0,0,0,0,0,0,0,0,0,0,0,2,0,0,79.84026314732251813493900306,0,0,0,79.84026314732251813493900306,6.65600000000,0.0,0.0,39.92013157366125906746950153,0,0,0,0,0,0,0,0,0,0,0,0,89.8278230159100919802160165,0E-26,0E-26,89.8278230159100919802160165,0,0,0,0,0,0,0.45,0,0,0,0,0,0,0,0,0,0,1060.310871448015239069082407,1060.310871448015239069082408,19.96651747983542302951444055,0.0,0.0,0.0,yield_seeking,0.1578947368421052631578947368,0.1578939983991727170174729075,-0.0004736819951975181510524187225,0,0,0,0,0,0,0,0,0,0,0,0,0,0,0,0,0,0,0,0,0,0,0,0,0,0,0,0,0,0,0,0,0,0,0,0,0,0,0.0,0.0,0.0,0.0,0.0,0.0,0.0,0.0,0.0,0.0,0.0,0.0,0,0,0,0,0,0,0,0,0,0,0,0,0,0,0,0,0,0,0,0,0,0,0,0,0,0,0,0,0,0,0,0,0,0,0,0E-26,0E-26,2,2,0,0,0,0,1,1,0E-26,0E-26,0,0,1,1,0E-26,0E-26,0,0,0,0,0,0,0,0,0,0,0,0,0,0,0,0,0,0,0,0,0,0,2,2,0,0,2,0,0,0,0,0,0,0,0,0,0,50.0,0.0,50.0,50.0,0.0,50.0,0,0,0,0,0,0,0.0,0.0,0.0
61,0.0,20,20,0.20,0.0,historical,19.96977308093244855919571788,0.20,0.1525,normal,0,1,0,0,,False,0,0.00,159.7193554710523123717218749,0.03022691906755144080428212,159.6891285519847609309175928,179.6891285519847609309175928,179.6891285519847609309175928,1.0,1,79.85579481788542857567655041,0,19.96977308093244855919571788,0,0,0,0,0,0,0,0,0,0,0,0,0,0,0,0,0,0,0,0,179.6891285519847609309175928,0E-26,3E-25,159.7193554710523123717218746,159.7193554710523123717218746,0E-26,0E-27,0.0,20.00,0,0E-26,1100.280644528947687628278125,0,20,20,159.6891285519847609309175928,19.96977308093244855919571788,179.6891285519847609309175928,159.7193554710523123717218749,-19.9697730809324485591957179,1100.280644528947687628278125,0E-26,0,19.96977308093244855919571788,0,20,19.96977308093244855919571788,179.6891285519847609309175928,159.6891285519847609309175928,0,199.6589016329172094901133107,6,True,19.96977308093244855919571788,11.58186384855946913551743073,0,330.9903478715965424381568985,319.4084840230370733026394678,1100.280644528947687628278125,79.85579481788542857567655071,79.85579481788542857567655041,0E-16,79.85579481788542857567655071,0E-26,0,0,0,0,0,159.7193554710523123717218749,179.6891285519847609309175928,179.6891285519847609309175928,179.6891285519847609309175928,0,False,179.6891285519847609309175928,179.6891285519847609309175928,False,179.6891285519847609309175928,0.0,0.03022691906755144080428212,0,0,99.86356065316688379604532415,79.86356065316688379604532415,47.91813639190013027762719449,31.94542426126675351841812966,47.91813639190013027762719449,31.94542426126675351841812966,79.87909232372979423678287154,0,0,0,79.87909232372979423678287154,1.000000000000000000000000000,0E-32,0.079963883602325409201275240,0.0,0.0,0.0,0.0,0.0,0.0,0.0,0.0,0,0,0,2,6.65600000000,0.0,0.0,39.92789740894271428783827520,0.0,0.0,0.0,0.0,0.0,0,0,3E-25,0,0,0,0,0,0,0,0.000000,0.000000,0,0,0,0,0,0,0,0,0.0,0,0,0,0,0,0,0,0,0,0,0,0,0,0,0,0,0,0,0,0,0,0,0,False,0,0,0,0,0,0,0,0,0,0,0,0,0,0,0,0,0,0,0E-26,0E-26,0,0,0,0,0,0,False,0,0,0,0,0,0,0,0,0,0,0,0,0,0,0,0,0,0,0,0,0,0,0,0,0,0,0,0,0,0,0,0,0,0,0,0,0,0,0,0,2,0,0,79.85579481788542857567655041,0,0,0,79.85579481788542857567655041,6.65600000000,0.0,0.0,39.92789740894271428783827520,0,0,0,0,0,0,0,0,0,0,0,0,89.8445642759923804654587962,0E-26,0E-26,89.8445642759923804654587962,0,0,0,0,0,0,0.45,0,0,0,0,0,0,0,0,0,0,1080.280644528947687628278125,1080.280644528947687628278126,19.96977308093244855919571788,0.0,0.0,0.0,yield_seeking,0.1578947368421052631578947368,0.1578941460877592262455572734,-0.0004736824382632776787366718202,0,0,0,0,0,0,0,0,0,0,0,0,0,0,0,0,0,0,0,0,0,0,0,0,0,0,0,0,0,0,0,0,0,0,0,0,0,0,0.0,0.0,0.0,0.0,0.0,0.0,0.0,0.0,0.0,0.0,0.0,0.0,0,0,0,0,0,0,0,0,0,0,0,0,0,0,0,0,0,0,0,0,0,0,0,0,0,0,0,0,0,0,0,0,0,0,0,0E-26,0E-26,2,2,0,0,0,0,1,1,0E-26,0E-26,0,0,1,1,0E-26,0E-26,0,0,0,0,0,0,0,0,0,0,0,0,0,0,0,0,0,0,0,0,0,0,2,2,0,0,2,0,0,0,0,0,0,0,0,0,0,50.0,0.0,50.0,50.0,0.0,50.0,0,0,0,0,0,0,0.0,0.0,0.0
62,0.0,20,20,0.20,0.0,historical,19.97271213063337675920906483,0.20,0.1550,normal,0,1,0,0,,False,0,0.00,159.7466433404189356125128101,0.02728786936662324079093517,159.7193554710523123717218749,179.7193554710523123717218749,179.7193554710523123717218749,1.0,1,79.86981629974465996014043399,0,19.97271213063337675920906483,0,0,0,0,0,0,0,0,0,0,0,0,0,0,0,0,0,0,0,0,179.7193554710523123717218749,0E-27,4E-25,159.7466433404189356125128097,159.7466433404189356125128097,0E-26,0E-27,0.0,20.00,0,0E-27,1120.253356659581064387487190,0,20,20,159.7193554710523123717218749,19.97271213063337675920906483,179.7193554710523123717218749,159.7466433404189356125128101,-19.9727121306333767592090648,1120.253356659581064387487190,0E-27,0,19.97271213063337675920906483,0,20,19.97271213063337675920906483,179.7193554710523123717218749,159.7193554710523123717218749,0,199.6920676016856891309309397,6,True,19.97271213063337675920906483,8.389084852253350703683625932,0,327.8550836637245986879183109,319.4659988114712479842346850,1120.253356659581064387487190,79.86981629974465996014043439,79.86981629974465996014043399,0E-16,79.86981629974465996014043439,0E-26,0,0,0,0,0,159.7466433404189356125128101,179.7193554710523123717218749,179.7193554710523123717218749,179.7193554710523123717218749,0,False,179.7193554710523123717218749,179.7193554710523123717218749,False,179.7193554710523123717218749,0.0,0.02728786936662324079093517,0,0,99.87682704067427565237237575,79.87682704067427565237237575,47.92609622440456539142342545,31.95073081626971026094895030,47.92609622440456539142342545,31.95073081626971026094895030,79.89084852253350703683625932,0,0,0,79.89084852253350703683625932,1.000000000000000000000000000,0E-32,0.079967401026749347439312811,0.0,0.0,0.0,0.0,0.0,0.0,0.0,0.0,0,0,0,2,6.65600000000,0.0,0.0,39.93490814987232998007021700,0.0,0.0,0.0,0.0,0.0,0,0,4E-25,0,0,0,0,0,0,0,0.000000,0.000000,0,0,0,0,0,0,0,0,0.0,0,0,0,0,0,0,0,0,0,0,0,0,0,0,0,0,0,0,0,0,0,0,0,False,0,0,0,0,0,0,0,0,0,0,0,0,0,0,0,0,0,0,0E-26,0E-27,0,0,0,0,0,0,False,0,0,0,0,0,0,0,0,0,0,0,0,0,0,0,0,0,0,0,0,0,0,0,0,0,0,0,0,0,0,0,0,0,0,0,0,0,0,0,0,2,0,0,79.86981629974465996014043399,0,0,0,79.86981629974465996014043399,6.65600000000,0.0,0.0,39.93490814987232998007021700,0,0,0,0,0,0,0,0,0,0,0,0,89.8596777355261561858609373,0E-26,0E-26,89.8596777355261561858609373,0,0,0,0,0,0,0.45,0,0,0,0,0,0,0,0,0,0,1100.253356659581064387487190,1100.253356659581064387487191,19.97271213063337675920906483,0.0,0.0,0.0,yield_seeking,0.1578947368421052631578947368,0.1578942642386284336280247661,-0.0004736827927158853008840742983,0,0,0,0,0,0,0,0,0,0,0,0,0,0,0,0,0,0,0,0,0,0,0,0,0,0,0,0,0,0,0,0,0,0,0,0,0,0,0.0,0.0,0.0,0.0,0.0,0.0,0.0,0.0,0.0,0.0,0.0,0.0,0,0,0,0,0,0,0,0,0,0,0,0,0,0,0,0,0,0,0,0,0,0,0,0,0,0,0,0,0,0,0,0,0,0,0,0E-26,0E-26,2,2,0,0,0,0,1,1,0E-26,0E-26,0,0,1,1,0E-26,0E-26,0,0,0,0,0,0,0,0,0,0,0,0,0,0,0,0,0,0,0,0,0,0,2,2,0,0,2,0,0,0,0,0,0,0,0,0,0,50.0,0.0,50.0,50.0,0.0,50.0,0,0,0,0,0,0,0.0,0.0,0.0
63,0.0,20,20,0.20,0.0,historical,19.97536540813485513047447515,0.20,0.1575,normal,0,1,0,0,,False,0,0.00,159.7712779322840804820383350,0.02463459186514486952552485,159.7466433404189356125128101,179.7466433404189356125128101,179.7466433404189356125128101,1.0,1,79.88247443286256418484342068,0,19.97536540813485513047447515,0,0,0,0,0,0,0,0,0,0,0,0,0,0,0,0,0,0,0,0,179.7466433404189356125128102,0E-26,4E-25,159.7712779322840804820383346,159.7712779322840804820383346,0E-26,0E-27,0.0,20.00,0,0E-26,1140.228722067715919517961665,0,20,20,159.7466433404189356125128101,19.97536540813485513047447515,179.7466433404189356125128101,159.7712779322840804820383350,-19.9753654081348551304744751,1140.228722067715919517961665,0E-26,0,19.97536540813485513047447515,0,20,19.97536540813485513047447515,179.7466433404189356125128101,159.7466433404189356125128101,0,199.7220087485537907429872852,6,True,19.97536540813485513047447515,11.58521924488091307828468509,0,331.1031405175839291728358302,319.5179212727030160945511450,1140.228722067715919517961665,79.88247443286256418484342108,79.88247443286256418484342068,0E-16,79.88247443286256418484342108,0E-26,0,0,0,0,0,159.7712779322840804820383350,179.7466433404189356125128101,179.7466433404189356125128101,179.7466433404189356125128101,0,False,179.7466433404189356125128101,179.7466433404189356125128101,False,179.7466433404189356125128101,0.0,0.02463459186514486952552485,0,0,99.88880349942151629719491395,79.88880349942151629719491395,47.93328209965290977831694837,31.95552139976860651887796558,47.93328209965290977831694837,31.95552139976860651887796558,79.90146163253942052189790060,0,0,0,79.90146163253942052189790060,1.000000000000000000000000000,0E-32,0.079970575381403413144147415,0.0,0.0,0.0,0.0,0.0,0.0,0.0,0.0,0,0,0,2,6.65600000000,0.0,0.0,39.94123721643128209242171034,0.0,0.0,0.0,0.0,0.0,0,0,4E-25,0,0,0,0,0,0,0,0.000000,0.000000,0,0,0,0,0,0,0,0,0.0,0,0,0,0,0,0,0,0,0,0,0,0,0,0,0,0,0,0,0,0,0,0,0,False,0,0,0,0,0,0,0,0,0,0,0,0,0,0,0,0,0,0,0E-26,0E-26,0,0,0,0,0,0,False,0,0,0,0,0,0,0,0,0,0,0,0,0,0,0,0,0,0,0,0,0,0,0,0,0,0,0,0,0,0,0,0,0,0,0,0,0,0,0,0,2,0,0,79.88247443286256418484342068,0,0,0,79.88247443286256418484342068,6.65600000000,0.0,0.0,39.94123721643128209242171034,0,0,0,0,0,0,0,0,0,0,0,0,89.8733216702094678062564049,0E-26,0E-26,89.8733216702094678062564049,0,0,0,0,0,0,0.45,0,0,0,0,0,0,0,0,0,0,1120.228722067715919517961665,1120.228722067715919517961666,19.97536540813485513047447515,0.0,0.0,0.0,yield_seeking,0.1578947368421052631578947368,0.1578943587593237995339987602,-0.0004736830762779713986019962806,0,0,0,0,0,0,0,0,0,0,0,0,0,0,0,0,0,0,0,0,0,0,0,0,0,0,0,0,0,0,0,0,0,0,0,0,0,0,0.0,0.0,0.0,0.0,0.0,0.0,0.0,0.0,0.0,0.0,0.0,0.0,0,0,0,0,0,0,0,0,0,0,0,0,0,0,0,0,0,0,0,0,0,0,0,0,0,0,0,0,0,0,0,0,0,0,0,0E-26,0E-26,2,2,0,0,0,0,1,1,0E-26,0E-26,0,0,1,1,0E-26,0E-26,0,0,0,0,0,0,0,0,0,0,0,0,0,0,0,0,0,0,0,0,0,0,2,2,0,0,2,0,0,0,0,0,0,0,0,0,0,50.0,0.0,50.0,50.0,0.0,50.0,0,0,0,0,0,0,0.0,0.0,0.0
64,0.0,20,20,0.20,0.0,historical,19.97776069988430325943898279,0.20,0.1600,normal,0,1,0,0,,False,0,0.00,159.7935172323997772225993522,0.02223930011569674056101721,159.7712779322840804820383350,179.7712779322840804820383350,179.7712779322840804820383350,1.0,1,79.89390177953242372600842490,0,19.97776069988430325943898279,0,0,0,0,0,0,0,0,0,0,0,0,0,0,0,0,0,0,0,0,179.7712779322840804820383350,0E-27,3E-25,159.7935172323997772225993519,159.7935172323997772225993519,0E-26,0E-27,0.0,20.00,0,0E-27,1160.206482767600222777400648,0,20,20,159.7712779322840804820383350,19.97776069988430325943898279,179.7712779322840804820383350,159.7935172323997772225993522,-19.9777606998843032594389828,1160.206482767600222777400648,0E-27,0,19.97776069988430325943898279,0,20,19.97776069988430325943898279,179.7712779322840804820383350,159.7712779322840804820383350,0,199.7490386321683837414773178,6,True,19.97776069988430325943898279,8.391104279953721303775593116,0,327.9558994446375790084132803,319.5647951646838577046376872,1160.206482767600222777400648,79.89390177953242372600842520,79.89390177953242372600842490,0E-16,79.89390177953242372600842520,0E-26,0,0,0,0,0,159.7935172323997772225993522,179.7712779322840804820383350,179.7712779322840804820383350,179.7712779322840804820383350,0,False,179.7712779322840804820383350,179.7712779322840804820383350,False,179.7712779322840804820383350,0.0,0.02223930011569674056101721,0,0,99.89961545286735349659092698,79.89961545286735349659092698,47.93976927172041209795455619,31.95984618114694139863637079,47.93976927172041209795455619,31.95984618114694139863637079,79.91104279953721303775593116,0,0,0,79.91104279953721303775593116,1.000000000000000000000000000,0E-32,0.079973440220566508129614378,0.0,0.0,0.0,0.0,0.0,0.0,0.0,0.0,0,0,0,2,6.65600000000,0.0,0.0,39.94695088976621186300421245,0.0,0.0,0.0,0.0,0.0,0,0,3E-25,0,0,0,0,0,0,0,0.000000,0.000000,0,0,0,0,0,0,0,0,0.0,0,0,0,0,0,0,0,0,0,0,0,0,0,0,0,0,0,0,0,0,0,0,0,False,0,0,0,0,0,0,0,0,0,0,0,0,0,0,0,0,0,0,0E-26,0E-27,0,0,0,0,0,0,False,0,0,0,0,0,0,0,0,0,0,0,0,0,0,0,0,0,0,0,0,0,0,0,0,0,0,0,0,0,0,0,0,0,0,0,0,0,0,0,0,2,0,0,79.89390177953242372600842490,0,0,0,79.89390177953242372600842490,6.65600000000,0.0,0.0,39.94695088976621186300421245,0,0,0,0,0,0,0,0,0,0,0,0,89.88563896614204024101916735,0E-26,0E-26,89.88563896614204024101916735,0,0,0,0,0,0,0.45,0,0,0,0,0,0,0,0,0,0,1140.206482767600222777400648,1140.206482767600222777400649,19.97776069988430325943898279,0.0,0.0,0.0,yield_seeking,0.1578947368421052631578947368,0.1578944343758800922587779555,-0.0004736833031276402767763338665,0,0,0,0,0,0,0,0,0,0,0,0,0,0,0,0,0,0,0,0,0,0,0,0,0,0,0,0,0,0,0,0,0,0,0,0,0,0,0.0,0.0,0.0,0.0,0.0,0.0,0.0,0.0,0.0,0.0,0.0,0.0,0,0,0,0,0,0,0,0,0,0,0,0,0,0,0,0,0,0,0,0,0,0,0,0,0,0,0,0,0,0,0,0,0,0,0,0E-26,0E-26,2,2,0,0,0,0,1,1,0E-26,0E-26,0,0,1,1,0E-26,0E-26,0,0,0,0,0,0,0,0,0,0,0,0,0,0,0,0,0,0,0,0,0,0,2,2,0,0,2,0,0,0,0,0,0,0,0,0,0,50.0,0.0,50.0,50.0,0.0,50.0,0,0,0,0,0,0,0.0,0.0,0.0
65,0.0,20,20,0.20,0.0,historical,19.97992309057347069931818540,0.20,0.1625,normal,0,1,0,0,,False,0,0.00,159.8135941418263065232811668,0.02007690942652930068181460,159.7935172323997772225993522,179.7935172323997772225993522,179.7935172323997772225993522,1.0,1,79.90421801263700735451415157,0,19.97992309057347069931818540,0,0,0,0,0,0,0,0,0,0,0,0,0,0,0,0,0,0,0,0,179.7935172323997772225993522,0E-27,3E-25,159.8135941418263065232811665,159.8135941418263065232811665,0E-26,0E-27,0.0,20.00,0,0E-27,1180.186405858173693476718833,0,20,20,159.7935172323997772225993522,19.97992309057347069931818540,179.7935172323997772225993522,159.8135941418263065232811668,-19.9799230905734706993181854,1180.186405858173693476718833,0E-27,0,19.97992309057347069931818540,0,20,19.97992309057347069931818540,179.7935172323997772225993522,159.7935172323997772225993522,0,199.7734403229732479219175376,6,True,19.97992309057347069931818540,8.391969236229388279727274158,0,327.9990806104554720256077932,319.6071113742260837458805190,1180.186405858173693476718833,79.90421801263700735451415187,79.90421801263700735451415157,0E-16,79.90421801263700735451415187,0E-26,0,0,0,0,0,159.8135941418263065232811668,179.7935172323997772225993522,179.7935172323997772225993522,179.7935172323997772225993522,0,False,179.7935172323997772225993522,179.7935172323997772225993522,False,179.7935172323997772225993522,0.0,0.02007690942652930068181460,0,0,99.90937612918929916876701491,79.90937612918929916876701491,47.94562567751357950126020895,31.96375045167571966750680596,47.94562567751357950126020895,31.96375045167571966750680596,79.91969236229388279727274158,0,0,0,79.91969236229388279727274158,1.000000000000000000000000000,0E-32,0.079976025799452123511670397,0.0,0.0,0.0,0.0,0.0,0.0,0.0,0.0,0,0,0,2,6.65600000000,0.0,0.0,39.95210900631850367725707578,0.0,0.0,0.0,0.0,0.0,0,0,3E-25,0,0,0,0,0,0,0,0.000000,0.000000,0,0,0,0,0,0,0,0,0.0,0,0,0,0,0,0,0,0,0,0,0,0,0,0,0,0,0,0,0,0,0,0,0,False,0,0,0,0,0,0,0,0,0,0,0,0,0,0,0,0,0,0,0E-26,0E-27,0,0,0,0,0,0,False,0,0,0,0,0,0,0,0,0,0,0,0,0,0,0,0,0,0,0,0,0,0,0,0,0,0,0,0,0,0,0,0,0,0,0,0,0,0,0,0,2,0,0,79.90421801263700735451415157,0,0,0,79.90421801263700735451415157,6.65600000000,0.0,0.0,39.95210900631850367725707578,0,0,0,0,0,0,0,0,0,0,0,0,89.89675861619988861129967595,0E-26,0E-26,89.89675861619988861129967595,0,0,0,0,0,0,0.45,0,0,0,0,0,0,0,0,0,0,1160.186405858173693476718833,1160.186405858173693476718834,19.97992309057347069931818540,0.0,0.0,0.0,yield_seeking,0.1578947368421052631578947368,0.1578944948691251264386013118,-0.0004736834846073753793158039354,0,0,0,0,0,0,0,0,0,0,0,0,0,0,0,0,0,0,0,0,0,0,0,0,0,0,0,0,0,0,0,0,0,0,0,0,0,0,0.0,0.0,0.0,0.0,0.0,0.0,0.0,0.0,0.0,0.0,0.0,0.0,0,0,0,0,0,0,0,0,0,0,0,0,0,0,0,0,0,0,0,0,0,0,0,0,0,0,0,0,0,0,0,0,0,0,0,0E-26,0E-26,2,2,0,0,0,0,1,1,0E-26,0E-26,0,0,1,1,0E-26,0E-26,0,0,0,0,0,0,0,0,0,0,0,0,0,0,0,0,0,0,0,0,0,0,2,2,0,0,2,0,0,0,0,0,0,0,0,0,0,50.0,0.0,50.0,50.0,0.0,50.0,0,0,0,0,0,0,0.0,0.0,0.0
66,0.0,20,20,0.20,0.0,historical,19.98187522583785983375340298,0.20,0.1650,normal,0,1,0,0,,False,0,0.00,159.8317189159884466895277638,0.01812477416214016624659702,159.8135941418263065232811668,179.8135941418263065232811668,179.8135941418263065232811668,1.0,1,79.91353116892278014671393571,0,19.98187522583785983375340298,0,0,0,0,0,0,0,0,0,0,0,0,0,0,0,0,0,0,0,0,179.8135941418263065232811668,0E-27,3E-25,159.8317189159884466895277635,159.8317189159884466895277635,0E-26,0E-27,0.0,20.00,0,0E-27,1200.168281084011553310472235,0,20,20,159.8135941418263065232811668,19.98187522583785983375340298,179.8135941418263065232811668,159.8317189159884466895277638,-19.9818752258378598337534030,1200.168281084011553310472235,0E-27,0,19.98187522583785983375340298,0,20,19.98187522583785983375340298,179.8135941418263065232811668,159.8135941418263065232811668,0,199.7954693676641663570345698,6,True,19.98187522583785983375340298,8.392750090335143933501361192,0,328.0380631481498971463102918,319.6453130578147532128089306,1200.168281084011553310472235,79.91353116892278014671393601,79.91353116892278014671393571,0E-16,79.91353116892278014671393601,0E-26,0,0,0,0,0,159.8317189159884466895277638,179.8135941418263065232811668,179.8135941418263065232811668,179.8135941418263065232811668,0,False,179.8135941418263065232811668,179.8135941418263065232811668,False,179.8135941418263065232811668,0.0,0.01812477416214016624659702,0,0,99.91818774706566654281382779,79.91818774706566654281382779,47.95091264823939992568829667,31.96727509882626661712553112,47.95091264823939992568829667,31.96727509882626661712553112,79.92750090335143933501361193,0,0,0,79.92750090335143933501361193,1.000000000000000000000000000,0E-33,0.079978359401765307829939689,0.0,0.0,0.0,0.0,0.0,0.0,0.0,0.0,0,0,0,2,6.65600000000,0.0,0.0,39.95676558446139007335696786,0.0,0.0,0.0,0.0,0.0,0,0,3E-25,0,0,0,0,0,0,0,0.000000,0.000000,0,0,0,0,0,0,0,0,0.0,0,0,0,0,0,0,0,0,0,0,0,0,0,0,0,0,0,0,0,0,0,0,0,False,0,0,0,0,0,0,0,0,0,0,0,0,0,0,0,0,0,0,0E-26,0E-27,0,0,0,0,0,0,False,0,0,0,0,0,0,0,0,0,0,0,0,0,0,0,0,0,0,0,0,0,0,0,0,0,0,0,0,0,0,0,0,0,0,0,0,0,0,0,0,2,0,0,79.91353116892278014671393571,0,0,0,79.91353116892278014671393571,6.65600000000,0.0,0.0,39.95676558446139007335696786,0,0,0,0,0,0,0,0,0,0,0,0,89.90679707091315326164058325,0E-26,0E-26,89.90679707091315326164058325,0,0,0,0,0,0,0.45,0,0,0,0,0,0,0,0,0,0,1180.168281084011553310472236,1180.168281084011553310472237,19.98187522583785983375340298,0.0,0.0,0.0,yield_seeking,0.1578947368421052631578947368,0.1578945432637211537824599968,-0.0004736836297911634613473799904,0,0,0,0,0,0,0,0,0,0,0,0,0,0,0,0,0,0,0,0,0,0,0,0,0,0,0,0,0,0,0,0,0,0,0,0,0,0,0.0,0.0,0.0,0.0,0.0,0.0,0.0,0.0,0.0,0.0,0.0,0.0,0,0,0,0,0,0,0,0,0,0,0,0,0,0,0,0,0,0,0,0,0,0,0,0,0,0,0,0,0,0,0,0,0,0,0,0E-26,0E-26,2,2,0,0,0,0,1,1,0E-26,0E-26,0,0,1,1,0E-26,0E-26,0,0,0,0,0,0,0,0,0,0,0,0,0,0,0,0,0,0,0,0,0,0,2,2,0,0,2,0,0,0,0,0,0,0,0,0,0,50.0,0.0,50.0,50.0,0.0,50.0,0,0,0,0,0,0,0.0,0.0,0.0
67,0.0,20,20,0.20,0.0,historical,19.98363754941313330856276556,0.20,0.1675,normal,0,1,0,0,,False,0,0.00,159.8480813665753133809649982,0.01636245058686669143723445,159.8317189159884466895277638,179.8317189159884466895277638,179.8317189159884466895277638,1.0,1,79.92193878041468138172878635,0,19.98363754941313330856276555,0,0,0,0,0,0,0,0,0,0,0,0,0,0,0,0,0,0,0,0,179.8317189159884466895277638,0E-27,2E-25,159.8480813665753133809649980,159.8480813665753133809649980,0E-26,0E-27,0.0,20.00,0,0E-27,1220.151918633424686619035001,0,20,20,159.8317189159884466895277638,19.98363754941313330856276555,179.8317189159884466895277638,159.8480813665753133809649982,-19.9836375494131333085627656,1220.151918633424686619035001,0E-27,0,19.98363754941313330856276555,0,20,19.98363754941313330856276555,179.8317189159884466895277638,159.8317189159884466895277638,0,199.8153564654015799980905294,6,True,19.98363754941313330856276555,8.393455019765253323425106224,0,328.0732553023290133939178683,319.6798002825637600704927621,1220.151918633424686619035001,79.92193878041468138172878655,79.92193878041468138172878635,0E-16,79.92193878041468138172878655,0E-26,0,0,0,0,0,159.8480813665753133809649982,179.8317189159884466895277638,179.8317189159884466895277638,179.8317189159884466895277638,0,False,179.8317189159884466895277638,179.8317189159884466895277638,False,179.8317189159884466895277638,0.0,0.01636245058686669143723446,1E-26,0,99.92614258616063199923621162,79.92614258616063199923621162,47.95568555169637919954172697,31.97045703446425279969448465,47.95568555169637919954172697,31.97045703446425279969448465,79.93455019765253323425106224,0,0,0,79.93455019765253323425106224,1.000000000000000000000000000,0E-33,0.079980465634148409251047232,0.0,0.0,0.0,0.0,0.0,0.0,0.0,0.0,0,0,0,2,6.65600000000,0.0,0.0,39.96096939020734069086439318,0.0,0.0,0.0,0.0,0.0,0,0,2E-25,0,0,0,0,0,0,0,0.000000,0.000000,0,0,0,0,0,0,0,0,0.0,0,0,0,0,0,0,0,0,0,0,0,0,0,0,0,0,0,0,0,0,0,0,0,False,0,0,0,0,0,0,0,0,0,0,0,0,0,0,0,0,0,0,0E-26,0E-27,0,0,0,0,0,0,False,0,0,0,0,0,0,0,0,0,0,0,0,0,0,0,0,0,0,0,0,0,0,0,0,0,0,0,0,0,0,0,0,0,0,0,0,0,0,0,0,2,0,0,79.92193878041468138172878635,0,0,0,79.92193878041468138172878635,6.65600000000,0.0,0.0,39.96096939020734069086439318,0,0,0,0,0,0,0,0,0,0,0,0,89.91585945799422334476388175,0E-26,0E-26,89.91585945799422334476388175,0,0,0,0,0,0,0.45,0,0,0,0,0,0,0,0,0,0,1200.151918633424686619035002,1200.151918633424686619035003,19.98363754941313330856276555,0.0,0.0,0.0,yield_seeking,0.1578947368421052631578947368,0.1578945819793979756575469448,-0.0004736837459381939269726408344,0,0,0,0,0,0,0,0,0,0,0,0,0,0,0,0,0,0,0,0,0,0,0,0,0,0,0,0,0,0,0,0,0,0,0,0,0,0,0.0,0.0,0.0,0.0,0.0,0.0,0.0,0.0,0.0,0.0,0.0,0.0,0,0,0,0,0,0,0,0,0,0,0,0,0,0,0,0,0,0,0,0,0,0,0,0,0,0,0,0,0,0,0,0,0,0,0,0E-26,0E-26,2,2,0,0,0,0,1,1,0E-26,0E-26,0,0,1,1,0E-26,0E-26,0,0,0,0,0,0,0,0,0,0,0,0,0,0,0,0,0,0,0,0,0,0,2,2,0,0,2,0,0,0,0,0,0,0,0,0,0,50.0,0.0,50.0,50.0,0.0,50.0,0,0,0,0,0,0,0.0,0.0,0.0
68,0.0,20,20,0.20,0.0,historical,19.98522851723212639984724232,0.20,0.1700,normal,0,1,0,0,,False,0,0.00,159.8628528493431869811177559,0.01477148276787360015275768,159.8480813665753133809649982,179.8480813665753133809649982,179.8480813665753133809649982,1.0,1,79.92952889582021106879285949,0,19.98522851723212639984724232,0,0,0,0,0,0,0,0,0,0,0,0,0,0,0,0,0,0,0,0,179.8480813665753133809649982,0E-26,3E-25,159.8628528493431869811177556,159.8628528493431869811177556,0E-26,0E-27,0.0,20.00,0,0E-26,1240.137147150656813018882243,0,20,20,159.8480813665753133809649982,19.98522851723212639984724232,179.8480813665753133809649982,159.8628528493431869811177559,-19.9852285172321263998472423,1240.137147150656813018882243,0E-26,0,19.98522851723212639984724232,0,20,19.98522851723212639984724232,179.8480813665753133809649982,159.8480813665753133809649982,0,199.8333098838074397808122405,6,True,19.98522851723212639984724232,11.59113711033927583990834539,0,331.3020713262577762019910995,319.7109342159185003620827541,1240.137147150656813018882243,79.92952889582021106879285979,79.92952889582021106879285949,0E-16,79.92952889582021106879285979,0E-26,0,0,0,0,0,159.8628528493431869811177559,179.8480813665753133809649982,179.8480813665753133809649982,179.8480813665753133809649982,0,False,179.8480813665753133809649982,179.8480813665753133809649982,False,179.8480813665753133809649982,0.0,0.01477148276787360015275768,0,0,99.93332395352297591232489612,79.93332395352297591232489612,47.95999437211378554739493767,31.97332958140919036492995845,47.95999437211378554739493767,31.97332958140919036492995845,79.94091406892850559938896930,0,0,0,79.94091406892850559938896930,1.000000000000000000000000000,0E-33,0.079982366690970592045119210,0.0,0.0,0.0,0.0,0.0,0.0,0.0,0.0,0,0,0,2,6.65600000000,0.0,0.0,39.96476444791010553439642974,0.0,0.0,0.0,0.0,0.0,0,0,3E-25,0,0,0,0,0,0,0,0.000000,0.000000,0,0,0,0,0,0,0,0,0.0,0,0,0,0,0,0,0,0,0,0,0,0,0,0,0,0,0,0,0,0,0,0,0,False,0,0,0,0,0,0,0,0,0,0,0,0,0,0,0,0,0,0,0E-26,0E-26,0,0,0,0,0,0,False,0,0,0,0,0,0,0,0,0,0,0,0,0,0,0,0,0,0,0,0,0,0,0,0,0,0,0,0,0,0,0,0,0,0,0,0,0,0,0,0,2,0,0,79.92952889582021106879285949,0,0,0,79.92952889582021106879285949,6.65600000000,0.0,0.0,39.96476444791010553439642974,0,0,0,0,0,0,0,0,0,0,0,0,89.92404068328765669048249895,0E-26,0E-26,89.92404068328765669048249895,0,0,0,0,0,0,0.45,0,0,0,0,0,0,0,0,0,0,1220.137147150656813018882244,1220.137147150656813018882245,19.98522851723212639984724232,0.0,0.0,0.0,yield_seeking,0.1578947368421052631578947368,0.1578946129519394331576165032,-0.0004736838388558182994728495096,0,0,0,0,0,0,0,0,0,0,0,0,0,0,0,0,0,0,0,0,0,0,0,0,0,0,0,0,0,0,0,0,0,0,0,0,0,0,0.0,0.0,0.0,0.0,0.0,0.0,0.0,0.0,0.0,0.0,0.0,0.0,0,0,0,0,0,0,0,0,0,0,0,0,0,0,0,0,0,0,0,0,0,0,0,0,0,0,0,0,0,0,0,0,0,0,0,0E-26,0E-26,2,2,0,0,0,0,1,1,0E-26,0E-26,0,0,1,1,0E-26,0E-26,0,0,0,0,0,0,0,0,0,0,0,0,0,0,0,0,0,0,0,0,0,0,2,2,0,0,2,0,0,0,0,0,0,0,0,0,0,50.0,0.0,50.0,50.0,0.0,50.0,0,0,0,0,0,0,0.0,0.0,0.0
69,0.0,20,20,0.20,0.0,historical,19.98666479070459518246497922,0.20,0.1725,normal,0,1,0,0,,False,0,0.00,159.8761880586385917986527767,0.01333520929540481753502078,159.8628528493431869811177559,179.8628528493431869811177559,179.8628528493431869811177559,1.0,1,79.93638100261947893321968246,0,19.98666479070459518246497922,0,0,0,0,0,0,0,0,0,0,0,0,0,0,0,0,0,0,0,0,179.8628528493431869811177559,0E-27,3E-25,159.8761880586385917986527764,159.8761880586385917986527764,0E-26,0E-27,0.0,20.00,0,0E-27,1260.123811941361408201347223,0,20,20,159.8628528493431869811177559,19.98666479070459518246497922,179.8628528493431869811177559,159.8761880586385917986527767,-19.9866647907045951824649792,1260.123811941361408201347223,0E-27,0,19.98666479070459518246497922,0,20,19.98666479070459518246497922,179.8628528493431869811177559,159.8628528493431869811177559,0,199.8495176400477821635827351,6,True,19.98666479070459518246497922,8.394665916281838072985991690,0,328.1337068242636168527565243,319.7390409079817787797705326,1260.123811941361408201347223,79.93638100261947893321968276,79.93638100261947893321968246,0E-16,79.93638100261947893321968276,0E-26,0,0,0,0,0,159.8761880586385917986527767,179.8628528493431869811177559,179.8628528493431869811177559,179.8628528493431869811177559,0,False,179.8628528493431869811177559,179.8628528493431869811177559,False,179.8628528493431869811177559,0.0,0.01333520929540481753502078,0,0,99.93980705601911286543309393,79.93980705601911286543309393,47.96388423361146771925985636,31.97592282240764514617323757,47.96388423361146771925985636,31.97592282240764514617323757,79.94665916281838072985991690,0,0,0,79.94665916281838072985991690,1.000000000000000000000000000,0E-33,0.079984082592536078745053810,0.0,0.0,0.0,0.0,0.0,0.0,0.0,0.0,0,0,0,2,6.65600000000,0.0,0.0,39.96819050130973946660984123,0.0,0.0,0.0,0.0,0.0,0,0,3E-25,0,0,0,0,0,0,0,0.000000,0.000000,0,0,0,0,0,0,0,0,0.0,0,0,0,0,0,0,0,0,0,0,0,0,0,0,0,0,0,0,0,0,0,0,0,False,0,0,0,0,0,0,0,0,0,0,0,0,0,0,0,0,0,0,0E-26,0E-27,0,0,0,0,0,0,False,0,0,0,0,0,0,0,0,0,0,0,0,0,0,0,0,0,0,0,0,0,0,0,0,0,0,0,0,0,0,0,0,0,0,0,0,0,0,0,0,2,0,0,79.93638100261947893321968246,0,0,0,79.93638100261947893321968246,6.65600000000,0.0,0.0,39.96819050130973946660984123,0,0,0,0,0,0,0,0,0,0,0,0,89.9314264246715934905588778,0E-26,0E-26,89.9314264246715934905588778,0,0,0,0,0,0,0.45,0,0,0,0,0,0,0,0,0,0,1240.123811941361408201347223,1240.123811941361408201347224,19.98666479070459518246497922,0.0,0.0,0.0,yield_seeking,0.1578947368421052631578947368,0.1578946377299725991576721499,-0.0004736839131899177974730164497,0,0,0,0,0,0,0,0,0,0,0,0,0,0,0,0,0,0,0,0,0,0,0,0,0,0,0,0,0,0,0,0,0,0,0,0,0,0,0.0,0.0,0.0,0.0,0.0,0.0,0.0,0.0,0.0,0.0,0.0,0.0,0,0,0,0,0,0,0,0,0,0,0,0,0,0,0,0,0,0,0,0,0,0,0,0,0,0,0,0,0,0,0,0,0,0,0,0E-26,0E-26,2,2,0,0,0,0,1,1,0E-26,0E-26,0,0,1,1,0E-26,0E-26,0,0,0,0,0,0,0,0,0,0,0,0,0,0,0,0,0,0,0,0,0,0,2,2,0,0,2,0,0,0,0,0,0,0,0,0,0,50.0,0.0,50.0,50.0,0.0,50.0,0,0,0,0,0,0,0.0,0.0,0.0
70,0.0,20,20,0.20,0.0,historical,19.98796141120382257308661879,0.20,0.1750,normal,0,1,0,0,,False,0,0.00,159.8882266474347692255661579,0.01203858879617742691338122,159.8761880586385917986527767,179.8761880586385917986527767,179.8761880586385917986527767,1.0,1,79.94256685949780347687039958,0,19.98796141120382257308661878,0,0,0,0,0,0,0,0,0,0,0,0,0,0,0,0,0,0,0,0,179.8761880586385917986527767,0E-26,3E-25,159.8882266474347692255661576,159.8882266474347692255661576,0E-26,0E-27,0.0,20.00,0,0E-26,1280.111773352565230774433842,0,20,20,159.8761880586385917986527767,19.98796141120382257308661878,179.8761880586385917986527767,159.8882266474347692255661579,-19.9879614112038225730866188,1280.111773352565230774433842,0E-26,0,19.98796141120382257308661878,0,20,19.98796141120382257308661878,179.8761880586385917986527767,159.8761880586385917986527767,0,199.8641494698424143717393955,6,True,19.98796141120382257308661878,11.59277684672229354385197127,0,331.3571915527956545680709059,319.7644147060733610242189346,1280.111773352565230774433842,79.94256685949780347687039988,79.94256685949780347687039958,0E-16,79.94256685949780347687039988,0E-26,0,0,0,0,0,159.8882266474347692255661579,179.8761880586385917986527767,179.8761880586385917986527767,179.8761880586385917986527767,0,False,179.8761880586385917986527767,179.8761880586385917986527767,False,179.8761880586385917986527767,0.0,0.01203858879617742691338122,0,0,99.94565978793696574869575807,79.94565978793696574869575807,47.96739587276217944921745484,31.97826391517478629947830323,47.96739587276217944921745484,31.97826391517478629947830323,79.95184564481529029234647515,0,0,0,79.95184564481529029234647515,1.000000000000000000000000000,0E-33,0.079985631399451277731661693,0.0,0.0,0.0,0.0,0.0,0.0,0.0,0.0,0,0,0,2,6.65600000000,0.0,0.0,39.97128342974890173843519979,0.0,0.0,0.0,0.0,0.0,0,0,3E-25,0,0,0,0,0,0,0,0.000000,0.000000,0,0,0,0,0,0,0,0,0.0,0,0,0,0,0,0,0,0,0,0,0,0,0,0,0,0,0,0,0,0,0,0,0,False,0,0,0,0,0,0,0,0,0,0,0,0,0,0,0,0,0,0,0E-26,0E-26,0,0,0,0,0,0,False,0,0,0,0,0,0,0,0,0,0,0,0,0,0,0,0,0,0,0,0,0,0,0,0,0,0,0,0,0,0,0,0,0,0,0,0,0,0,0,0,2,0,0,79.94256685949780347687039958,0,0,0,79.94256685949780347687039958,6.65600000000,0.0,0.0,39.97128342974890173843519979,0,0,0,0,0,0,0,0,0,0,0,0,89.9380940293192958993263882,0E-26,0E-26,89.9380940293192958993263882,0,0,0,0,0,0,0.45,0,0,0,0,0,0,0,0,0,0,1260.111773352565230774433842,1260.111773352565230774433843,19.98796141120382257308661878,0.0,0.0,0.0,yield_seeking,0.1578947368421052631578947368,0.1578946575523991319577166673,-0.0004736839726571973958731500019,0,0,0,0,0,0,0,0,0,0,0,0,0,0,0,0,0,0,0,0,0,0,0,0,0,0,0,0,0,0,0,0,0,0,0,0,0,0,0.0,0.0,0.0,0.0,0.0,0.0,0.0,0.0,0.0,0.0,0.0,0.0,0,0,0,0,0,0,0,0,0,0,0,0,0,0,0,0,0,0,0,0,0,0,0,0,0,0,0,0,0,0,0,0,0,0,0,0E-26,0E-26,2,2,0,0,0,0,1,1,0E-26,0E-26,0,0,1,1,0E-26,0E-26,0,0,0,0,0,0,0,0,0,0,0,0,0,0,0,0,0,0,0,0,0,0,2,2,0,0,2,0,0,0,0,0,0,0,0,0,0,50.0,0.0,50.0,50.0,0.0,50.0,0,0,0,0,0,0,0.0,0.0,0.0
71,0.0,20,20,0.20,0.0,historical,19.98913195758739314973915161,0.20,0.1775,normal,0,1,0,0,,False,0,0.00,159.8990946898473760758270063,0.01086804241260685026084838,159.8882266474347692255661579,179.8882266474347692255661579,179.8882266474347692255661579,1.0,1,79.94815124783851112570488233,0,19.98913195758739314973915162,0,0,0,0,0,0,0,0,0,0,0,0,0,0,0,0,0,0,0,0,179.8882266474347692255661579,0E-27,2E-25,159.8990946898473760758270061,159.8990946898473760758270061,0E-26,0E-27,0.0,20.00,0,0E-27,1300.100905310152623924172994,0,20,20,159.8882266474347692255661579,19.98913195758739314973915162,179.8882266474347692255661579,159.8990946898473760758270063,-19.9891319575873931497391516,1300.100905310152623924172994,0E-27,0,19.98913195758739314973915162,0,20,19.98913195758739314973915162,179.8882266474347692255661579,159.8882266474347692255661579,0,199.8773586050221623753053095,6,True,19.98913195758739314973915162,8.395652783034957259895660646,0,328.1829741203171025612888248,319.7873213372821453013931641,1300.100905310152623924172994,79.94815124783851112570488253,79.94815124783851112570488233,0E-16,79.94815124783851112570488253,0E-26,0,0,0,0,0,159.8990946898473760758270063,179.8882266474347692255661579,179.8882266474347692255661579,179.8882266474347692255661579,0,False,179.8882266474347692255661579,179.8882266474347692255661579,False,179.8882266474347692255661579,0.0,0.01086804241260685026084838,0,0,99.95094344200886495012212370,79.95094344200886495012212370,47.97056606520531897007327422,31.98037737680354598004884948,47.97056606520531897007327422,31.98037737680354598004884948,79.95652783034957259895660645,0,0,0,79.95652783034957259895660645,1.000000000000000000000000000,0E-33,0.079987029405595446548094800,0.0,0.0,0.0,0.0,0.0,0.0,0.0,0.0,0,0,0,2,6.65600000000,0.0,0.0,39.97407562391925556285244116,0.0,0.0,0.0,0.0,0.0,0,0,2E-25,0,0,0,0,0,0,0,0.000000,0.000000,0,0,0,0,0,0,0,1,0.0,0,0,0,0,0,0,0,0,0,0,0,0,0,0,0,0,0,0,0,0,0,0,0,False,0,0,0,0,0,0,0,0,0,0,0,0,0,0,0,0,0,0,0E-26,0E-27,0,0,0,0,0,0,False,0,0,0,0,0,0,0,0,0,0,0,0,0,0,0,0,0,0,0,0,0,0,0,0,0,0,0,0,0,0,0,0,0,0,0,0,0,0,0,0,2,0,0,79.94815124783851112570488233,0,0,0,79.94815124783851112570488233,6.65600000000,0.0,0.0,39.97407562391925556285244116,0,0,0,0,0,0,0,0,0,0,0,0,89.9441133237173846127830788,0E-26,0E-26,89.9441133237173846127830788,0,0,0,0,0,0,0.45,0,0,0,0,0,0,0,0,0,0,1280.100905310152623924172994,1280.100905310152623924172995,19.98913195758739314973915162,0.0,0.0,0.0,yield_seeking,0.1578947368421052631578947368,0.1578946734103403581977522812,-0.0004736840202310210745932568436,0,0,0,0,0,0,0,0,0,0,0,0,0,0,0,0,0,0,0,0,0,0,0,0,0,0,0,0,0,0,0,0,0,0,0,0,0,0,0.0,0.0,0.0,0.0,0.0,0.0,0.0,0.0,0.0,0.0,0.0,0.0,0,0,0,0,0,0,0,0,0,0,0,0,0,0,0,0,0,0,0,0,0,0,0,0,0,0,0,0,0,0,0,0,0,0,0,0E-26,0E-26,2,2,0,0,0,0,1,1,0E-26,0E-26,0,0,1,1,0E-26,0E-26,0,0,0,0,0,0,0,0,0,0,0,0,0,0,0,0,0,0,0,0,0,0,2,2,0,0,2,0,0,0,0,0,0,0,0,0,0,50.0,0.0,50.0,50.0,0.0,50.0,0,0,0,0,0,0,0.0,0.0,0.0
72,0.0,20,20,0.20,0.0,historical,19.99018868840177299002442474,0.20,0.1800,normal,0,1,0,0,,False,0,0.00,159.9089060014456030858025816,0.00981131159822700997557526,159.8990946898473760758270063,179.8990946898473760758270063,179.8990946898473760758270063,1.0,1,79.95319265014594345946200896,0,19.99018868840177299002442474,0,0,0,0,0,0,0,0,0,0,0,0,0,0,0,0,0,0,0,0,179.8990946898473760758270063,0E-27,3E-25,159.9089060014456030858025813,159.9089060014456030858025813,0E-26,0E-27,0.0,20.00,0,0E-27,1320.091093998554396914197420,0,20,20,159.8990946898473760758270063,19.99018868840177299002442474,179.8990946898473760758270063,159.9089060014456030858025816,-19.9901886884017729900244247,1320.091093998554396914197420,0E-27,0,19.99018868840177299002442474,0,20,19.99018868840177299002442474,179.8990946898473760758270063,159.8990946898473760758270063,0,199.8892833782491490658514310,6,True,19.99018868840177299002442474,8.396075475360709196009769896,0,328.2040761666536883576393578,319.8080006912929791616295879,1320.091093998554396914197420,79.95319265014594345946200926,79.95319265014594345946200896,0E-16,79.95319265014594345946200926,0E-26,0,0,0,0,0,159.9089060014456030858025816,179.8990946898473760758270063,179.8990946898473760758270063,179.8990946898473760758270063,0,False,179.8990946898473760758270063,179.8990946898473760758270063,False,179.8990946898473760758270063,0.0,0.00981131159822700997557526,0,0,99.95571335129965962634057232,79.95571335129965962634057232,47.97342801077979577580434340,31.98228534051986385053622892,47.97342801077979577580434340,31.98228534051986385053622892,79.96075475360709196009769896,0,0,0,79.96075475360709196009769896,1.000000000000000000000000000,0E-33,0.079988291311878221540006945,0.0,0.0,0.0,0.0,0.0,0.0,0.0,0.0,0,0,0,2,6.65600000000,0.0,0.0,39.97659632507297172973100448,0.0,0.0,0.0,0.0,0.0,0,0,3E-25,0,0,0,0,0,0,0,0E-7,0E-7,0,0,0,0,0,0,0,0,0.0,0,0,0,0,0,0,0,0,0,0,0,0,0,0,0,0,0,0,0,0,0,0,0,False,0,0,0,0,0,0,0,0,0,0,0,0,0,0,0,0,0,0,0E-26,0E-27,0,0,0,0,0,0,False,0,0,0,0,0,0,0,0,0,0,0,0,0,0,0,0,0,0,0,0,0,0,0,0,0,0,0,0,0,0,0,0,0,0,0,0,0,0,0,0,2,0,0,79.95319265014594345946200896,0,0,0,79.95319265014594345946200896,6.65600000000,0.0,0.0,39.97659632507297172973100448,0,0,0,0,0,0,0,0,0,0,0,0,89.9495473449236880379135030,0E-26,0E-26,89.9495473449236880379135030,0,0,0,0,0,0,0.45,0,0,0,0,0,0,0,0,0,0,1300.091093998554396914197418,1300.091093998554396914197420,19.99018868840177299002442474,0.0,0.0,0.0,yield_seeking,0.1578947368421052631578947368,0.1578946860966933391897807723,-0.0004736840582900800175693423169,0,0,0,0,0,0,0,0,0,0,0,0,0,0,0,0,0,0,0,0,0,0,0,0,0,0,0,0,0,0,0,0,0,0,0,0,0,0,0.0,0.0,0.0,0.0,0.0,0.0,0.0,0.0,0.0,0.0,0.0,0.0,0,0,0,0,0,0,0,0,0,0,0,0,0,0,0,0,0,0,0,0,0,0,0,0,0,0,0,0,0,0,0,0,0,0,0,0E-26,0E-26,2,2,0,0,0,0,1,1,0E-26,0E-26,0,0,1,1,0E-26,0E-26,0,0,0,0,0,0,0,0,0,0,0,0,0,0,0,0,0,0,0,0,0,0,2,2,0,0,2,0,0,0,0,0,0,0,0,0,0,50.0,0.0,50.0,50.0,0.0,50.0,0,0,0,0,0,0,0.0,0.0,0.0
73,0.0,20,20,0.20,0.0,historical,19.99114267025993192526811446,0.20,0.1825,normal,0,1,0,0,,False,0,0.00,159.9177633311856711605344671,0.00885732974006807473188554,159.9089060014456030858025816,179.9089060014456030858025816,179.9089060014456030858025816,1.0,1,79.95774386250345715610618858,0,19.99114267025993192526811446,0,0,0,0,0,0,0,0,0,0,0,0,0,0,0,0,0,0,0,0,179.9089060014456030858025816,0E-26,2E-25,159.9177633311856711605344669,159.9177633311856711605344669,0E-26,0E-27,0.0,20.00,0,0E-26,1340.082236668814328839465535,0,20,20,159.9089060014456030858025816,19.99114267025993192526811446,179.9089060014456030858025816,159.9177633311856711605344671,-19.9911426702599319252681145,1340.082236668814328839465535,0E-26,0,19.99114267025993192526811446,0,20,19.99114267025993192526811446,179.9089060014456030858025816,159.9089060014456030858025816,0,199.9000486717055350110706961,6,True,19.99114267025993192526811446,11.59468560215595915516086868,0,331.4213549347872334014979174,319.8266693326312742463370488,1340.082236668814328839465535,79.95774386250345715610618878,79.95774386250345715610618858,0E-16,79.95774386250345715610618878,0E-26,0,0,0,0,0,159.9177633311856711605344671,179.9089060014456030858025816,179.9089060014456030858025816,179.9089060014456030858025816,0,False,179.9089060014456030858025816,179.9089060014456030858025816,False,179.9089060014456030858025816,0.0,0.00885732974006807473188554,0,0,99.96001946868221400442827829,79.96001946868221400442827829,47.97601168120932840265696698,31.98400778747288560177131131,47.97601168120932840265696698,31.98400778747288560177131131,79.96457068103972770107245786,0,0,0,79.96457068103972770107245786,1.000000000000000000000000000,0E-33,0.079989430382735860063388485,0.0,0.0,0.0,0.0,0.0,0.0,0.0,0.0,0,0,0,2,6.65600000000,0.0,0.0,39.97887193125172857805309429,0.0,0.0,0.0,0.0,0.0,0,0,2E-25,0,0,0,0,0,0,0,0E-7,0E-7,0,0,0,0,0,0,0,0,0.0,0,0,0,0,0,0,0,0,0,0,0,0,0,0,0,0,0,0,0,0,0,0,0,False,0,0,0,0,0,0,0,0,0,0,0,0,0,0,0,0,0,0,0E-26,0E-26,0,0,0,0,0,0,False,0,0,0,0,0,0,0,0,0,0,0,0,0,0,0,0,0,0,0,0,0,0,0,0,0,0,0,0,0,0,0,0,0,0,0,0,0,0,0,0,2,0,0,79.95774386250345715610618858,0,0,0,79.95774386250345715610618858,6.65600000000,0.0,0.0,39.97887193125172857805309429,0,0,0,0,0,0,0,0,0,0,0,0,89.95445300072280154290129065,0E-26,0E-26,89.95445300072280154290129065,0,0,0,0,0,0,0.45,0,0,0,0,0,0,0,0,0,0,1320.082236668814328839465533,1320.082236668814328839465534,19.99114267025993192526811446,0.0,0.0,0.0,yield_seeking,0.1578947368421052631578947368,0.1578946962457757239834035652,-0.0004736840887373271719502106956,0,0,0,0,0,0,0,0,0,0,0,0,0,0,0,0,0,0,0,0,0,0,0,0,0,0,0,0,0,0,0,0,0,0,0,0,0,0,0.0,0.0,0.0,0.0,0.0,0.0,0.0,0.0,0.0,0.0,0.0,0.0,0,0,0,0,0,0,0,0,0,0,0,0,0,0,0,0,0,0,0,0,0,0,0,0,0,0,0,0,0,0,0,0,0,0,0,0E-26,0E-26,2,2,0,0,0,0,1,1,0E-26,0E-26,0,0,1,1,0E-26,0E-26,0,0,0,0,0,0,0,0,0,0,0,0,0,0,0,0,0,0,0,0,0,0,2,2,0,0,2,0,0,0,0,0,0,0,0,0,0,50.0,0.0,50.0,50.0,0.0,50.0,0,0,0,0,0,0,0.0,0.0,0.0
74,0.0,20,20,0.20,0.0,historical,19.99200389373644280088565566,0.20,0.1850,normal,0,1,0,0,,False,0,0.00,159.9257594374492283596488114,0.00799610626355719911434434,159.9177633311856711605344671,179.9177633311856711605344671,179.9177633311856711605344671,1.0,1,79.96185254748038277508076221,0,19.99200389373644280088565566,0,0,0,0,0,0,0,0,0,0,0,0,0,0,0,0,0,0,0,0,179.9177633311856711605344671,0E-26,2E-25,159.9257594374492283596488112,159.9257594374492283596488112,0E-26,0E-27,0.0,20.00,0,0E-26,1360.074240562550771640351190,0,20,20,159.9177633311856711605344671,19.99200389373644280088565566,179.9177633311856711605344671,159.9257594374492283596488114,-19.9920038937364428008856557,1360.074240562550771640351190,0E-26,0,19.99200389373644280088565566,0,20,19.99200389373644280088565566,179.9177633311856711605344671,159.9177633311856711605344671,0,199.9097672249221139614201228,6,True,19.99200389373644280088565566,11.59520233624186568053139340,0,331.4387251048767652007146719,319.8435227686348995201832785,1360.074240562550771640351190,79.96185254748038277508076241,79.96185254748038277508076221,0E-16,79.96185254748038277508076241,0E-26,0,0,0,0,0,159.9257594374492283596488114,179.9177633311856711605344671,179.9177633311856711605344671,179.9177633311856711605344671,0,False,179.9177633311856711605344671,179.9177633311856711605344671,False,179.9177633311856711605344671,0.0,0.00799610626355719911434434,0,0,99.96390688996884558456804901,79.96390688996884558456804901,47.97834413398130735074082941,31.98556275598753823382721960,47.97834413398130735074082941,31.98556275598753823382721960,79.96801557494577120354262263,0,0,0,79.96801557494577120354262263,1.000000000000000000000000000,0E-33,0.079990458587112657528853432,0.0,0.0,0.0,0.0,0.0,0.0,0.0,0.0,0,0,0,2,6.65600000000,0.0,0.0,39.98092627374019138754038110,0.0,0.0,0.0,0.0,0.0,0,0,2E-25,0,0,0,0,0,0,0,0E-7,0E-7,0,0,0,0,0,0,0,0,0.0,0,0,0,0,0,0,0,0,0,0,0,0,0,0,0,0,0,0,0,0,0,0,0,False,0,0,0,0,0,0,0,0,0,0,0,0,0,0,0,0,0,0,0E-26,0E-26,0,0,0,0,0,0,False,0,0,0,0,0,0,0,0,0,0,0,0,0,0,0,0,0,0,0,0,0,0,0,0,0,0,0,0,0,0,0,0,0,0,0,0,0,0,0,0,2,0,0,79.96185254748038277508076221,0,0,0,79.96185254748038277508076221,6.65600000000,0.0,0.0,39.98092627374019138754038110,0,0,0,0,0,0,0,0,0,0,0,0,89.95888166559283558026723345,0E-26,0E-26,89.95888166559283558026723345,0,0,0,0,0,0,0.45,0,0,0,0,0,0,0,0,0,0,1340.074240562550771640351189,1340.074240562550771640351190,19.99200389373644280088565566,0.0,0.0,0.0,yield_seeking,0.1578947368421052631578947368,0.1578947043650416318183017995,-0.0004736841130951248954549053985,0,0,0,0,0,0,0,0,0,0,0,0,0,0,0,0,0,0,0,0,0,0,0,0,0,0,0,0,0,0,0,0,0,0,0,0,0,0,0.0,0.0,0.0,0.0,0.0,0.0,0.0,0.0,0.0,0.0,0.0,0.0,0,0,0,0,0,0,0,0,0,0,0,0,0,0,0,0,0,0,0,0,0,0,0,0,0,0,0,0,0,0,0,0,0,0,0,0E-26,0E-26,2,2,0,0,0,0,1,1,0E-26,0E-26,0,0,1,1,0E-26,0E-26,0,0,0,0,0,0,0,0,0,0,0,0,0,0,0,0,0,0,0,0,0,0,2,2,0,0,2,0,0,0,0,0,0,0,0,0,0,50.0,0.0,50.0,50.0,0.0,50.0,0,0,0,0,0,0,0.0,0.0,0.0
75,0.0,20,20,0.20,0.0,historical,19.99278137799376911691360980,0.20,0.1875,normal,0,1,0,0,,False,0,0.00,159.9329780594554592427352016,0.00721862200623088308639020,159.9257594374492283596488114,179.9257594374492283596488114,179.9257594374492283596488114,1.0,1,79.96556173327826025211023300,0,19.99278137799376911691360980,0,0,0,0,0,0,0,0,0,0,0,0,0,0,0,0,0,0,0,0,179.9257594374492283596488114,0E-27,1E-25,159.9329780594554592427352015,159.9329780594554592427352015,0E-26,0E-27,0.0,20.00,0,0E-27,1380.067021940544540757264800,0,20,20,159.9257594374492283596488114,19.99278137799376911691360980,179.9257594374492283596488114,159.9329780594554592427352016,-19.9927813779937691169136098,1380.067021940544540757264800,0E-27,0,19.99278137799376911691360980,0,20,19.99278137799376911691360980,179.9257594374492283596488114,159.9257594374492283596488114,0,199.9185408154429974765624212,6,True,19.99278137799376911691360980,8.397112551197507646765443920,0,328.2558500481021952491494570,319.8587374969046876023840130,1380.067021940544540757264800,79.96556173327826025211023310,79.96556173327826025211023300,0E-16,79.96556173327826025211023310,0E-26,0,0,0,0,0,159.9329780594554592427352016,179.9257594374492283596488114,179.9257594374492283596488114,179.9257594374492283596488114,0,False,179.9257594374492283596488114,179.9257594374492283596488114,False,179.9257594374492283596488114,0.0,0.00721862200623088308639020,0,0,99.96741632617719899062496842,79.96741632617719899062496842,47.98044979570631939437498106,31.98696653047087959624998736,47.98044979570631939437498106,31.98696653047087959624998736,79.97112551197507646765443921,0,0,0,79.97112551197507646765443921,1.000000000000000000000000000,0E-33,0.079991386725491504449638650,0.0,0.0,0.0,0.0,0.0,0.0,0.0,0.0,0,0,0,2,6.65600000000,0.0,0.0,39.98278086663913012605511650,0.0,0.0,0.0,0.0,0.0,0,0,1E-25,0,0,0,0,0,0,0,0E-7,0E-7,0,0,0,0,0,0,0,0,0.0,0,0,0,0,0,0,0,0,0,0,0,0,0,0,0,0,0,0,0,0,0,0,0,False,0,0,0,0,0,0,0,0,0,0,0,0,0,0,0,0,0,0,0E-26,0E-27,0,0,0,0,0,0,False,0,0,0,0,0,0,0,0,0,0,0,0,0,0,0,0,0,0,0,0,0,0,0,0,0,0,0,0,0,0,0,0,0,0,0,0,0,0,0,0,2,0,0,79.96556173327826025211023300,0,0,0,79.96556173327826025211023300,6.65600000000,0.0,0.0,39.98278086663913012605511650,0,0,0,0,0,0,0,0,0,0,0,0,89.9628797187246141798244056,0E-26,0E-26,89.9628797187246141798244056,0,0,0,0,0,0,0.45,0,0,0,0,0,0,0,0,0,0,1360.067021940544540757264798,1360.067021940544540757264800,19.99278137799376911691360980,0.0,0.0,0.0,yield_seeking,0.1578947368421052631578947368,0.1578947108604543580862203870,-0.0004736841325813630742586611610,0,0,0,0,0,0,0,0,0,0,0,0,0,0,0,0,0,0,0,0,0,0,0,0,0,0,0,0,0,0,0,0,0,0,0,0,0,0,0.0,0.0,0.0,0.0,0.0,0.0,0.0,0.0,0.0,0.0,0.0,0.0,0,0,0,0,0,0,0,0,0,0,0,0,0,0,0,0,0,0,0,0,0,0,0,0,0,0,0,0,0,0,0,0,0,0,0,0E-26,0E-26,2,2,0,0,0,0,1,1,0E-26,0E-26,0,0,1,1,0E-26,0E-26,0,0,0,0,0,0,0,0,0,0,0,0,0,0,0,0,0,0,0,0,0,0,2,2,0,0,2,0,0,0,0,0,0,0,0,0,0,50.0,0.0,50.0,50.0,0.0,50.0,0,0,0,0,0,0,0.0,0.0,0.0
76,0.0,20,20,0.20,0.0,historical,19.99348326523543979812499368,0.20,0.1900,normal,0,1,0,0,,False,0,0.00,159.9394947942200194446102079,0.00651673476456020187500632,159.9329780594554592427352016,179.9329780594554592427352016,179.9329780594554592427352016,1.0,1,79.96891026434365982826612968,0,19.99348326523543979812499368,0,0,0,0,0,0,0,0,0,0,0,0,0,0,0,0,0,0,0,0,179.9329780594554592427352016,0E-26,2E-25,159.9394947942200194446102077,159.9394947942200194446102077,0E-26,0E-27,0.0,20.00,0,0E-26,1400.060505205779980555389793,0,20,20,159.9329780594554592427352016,19.99348326523543979812499368,179.9329780594554592427352016,159.9394947942200194446102079,-19.9934832652354397981249937,1400.060505205779980555389793,0E-26,0,19.99348326523543979812499368,0,20,19.99348326523543979812499368,179.9329780594554592427352016,159.9329780594554592427352016,0,199.9264613246908990408601953,6,True,19.99348326523543979812499368,11.59608995914126387887499621,0,331.4685628128167425662204058,319.8724728536754786873454096,1400.060505205779980555389793,79.96891026434365982826612988,79.96891026434365982826612968,0E-16,79.96891026434365982826612988,0E-26,0,0,0,0,0,159.9394947942200194446102079,179.9329780594554592427352016,179.9329780594554592427352016,179.9329780594554592427352016,0,False,179.9329780594554592427352016,179.9329780594554592427352016,False,179.9329780594554592427352016,0.0,0.00651673476456020187500632,0,0,99.97058452987635961634407804,79.97058452987635961634407804,47.98235071792581576980644683,31.98823381195054384653763121,47.98235071792581576980644683,31.98823381195054384653763121,79.97393306094175919249997474,0,0,0,79.97393306094175919249997474,1.000000000000000000000000000,0E-33,0.079992224544375165326103774,0.0,0.0,0.0,0.0,0.0,0.0,0.0,0.0,0,0,0,2,6.65600000000,0.0,0.0,39.98445513217182991413306484,0.0,0.0,0.0,0.0,0.0,0,0,2E-25,0,0,0,0,0,0,0,0E-7,0E-7,0,0,0,0,0,0,0,0,0.0,0,0,0,0,0,0,0,0,0,0,0,0,0,0,0,0,0,0,0,0,0,0,0,False,0,0,0,0,0,0,0,0,0,0,0,0,0,0,0,0,0,0,0E-26,0E-26,0,0,0,0,0,0,False,0,0,0,0,0,0,0,0,0,0,0,0,0,0,0,0,0,0,0,0,0,0,0,0,0,0,0,0,0,0,0,0,0,0,0,0,0,0,0,0,2,0,0,79.96891026434365982826612968,0,0,0,79.96891026434365982826612968,6.65600000000,0.0,0.0,39.98445513217182991413306484,0,0,0,0,0,0,0,0,0,0,0,0,89.9664890297277296213676007,0E-26,0E-26,89.9664890297277296213676007,0,0,0,0,0,0,0.45,0,0,0,0,0,0,0,0,0,0,1380.060505205779980555389792,1380.060505205779980555389794,19.99348326523543979812499368,0.0,0.0,0.0,yield_seeking,0.1578947368421052631578947368,0.1578947160567845391005552570,-0.0004736841481703536173016657710,0,0,0,0,0,0,0,0,0,0,0,0,0,0,0,0,0,0,0,0,0,0,0,0,0,0,0,0,0,0,0,0,0,0,0,0,0,0,0.0,0.0,0.0,0.0,0.0,0.0,0.0,0.0,0.0,0.0,0.0,0.0,0,0,0,0,0,0,0,0,0,0,0,0,0,0,0,0,0,0,0,0,0,0,0,0,0,0,0,0,0,0,0,0,0,0,0,0E-26,0E-26,2,2,0,0,0,0,1,1,0E-26,0E-26,0,0,1,1,0E-26,0E-26,0,0,0,0,0,0,0,0,0,0,0,0,0,0,0,0,0,0,0,0,0,0,2,2,0,0,2,0,0,0,0,0,0,0,0,0,0,50.0,0.0,50.0,50.0,0.0,50.0,0,0,0,0,0,0,0.0,0.0,0.0
77,0.0,20,20,0.20,0.0,historical,19.99411690597527192326881561,0.20,0.1925,normal,0,1,0,0,,False,0,0.00,159.9453778882447475213413923,0.00588309402472807673118439,159.9394947942200194446102079,179.9394947942200194446102079,179.9394947942200194446102079,1.0,1,79.97193320816663097418978279,0,19.99411690597527192326881561,0,0,0,0,0,0,0,0,0,0,0,0,0,0,0,0,0,0,0,0,179.9394947942200194446102079,0E-27,2E-25,159.9453778882447475213413921,159.9453778882447475213413921,0E-26,0E-27,0.0,20.00,0,0E-27,1420.054622111755252478658608,0,20,20,159.9394947942200194446102079,19.99411690597527192326881561,179.9394947942200194446102079,159.9453778882447475213413923,-19.9941169059752719232688156,1420.054622111755252478658608,0E-27,0,19.99411690597527192326881561,0,20,19.99411690597527192326881561,179.9394947942200194446102079,159.9394947942200194446102079,0,199.9336117001952913678790235,6,True,19.99411690597527192326881561,8.397646762390108769307526242,0,328.2825194448548757352591264,319.8848726824647669659516002,1420.054622111755252478658608,79.97193320816663097418978299,79.97193320816663097418978279,0E-16,79.97193320816663097418978299,0E-26,0,0,0,0,0,159.9453778882447475213413923,179.9394947942200194446102079,179.9394947942200194446102079,179.9394947942200194446102079,0,False,179.9394947942200194446102079,179.9394947942200194446102079,False,179.9394947942200194446102079,0.0,0.00588309402472807673118439,0,0,99.97344468007811654715160933,79.97344468007811654715160933,47.98406680804686992829096560,31.98937787203124661886064373,47.98406680804686992829096560,31.98937787203124661886064373,79.97646762390108769307526243,0,0,0,79.97646762390108769307526243,1.000000000000000000000000000,0E-33,0.079992980839475191657856837,0.0,0.0,0.0,0.0,0.0,0.0,0.0,0.0,0,0,0,2,6.65600000000,0.0,0.0,39.98596660408331548709489140,0.0,0.0,0.0,0.0,0.0,0,0,2E-25,0,0,0,0,0,0,0,0E-7,0E-7,0,0,0,0,0,0,0,0,0.0,0,0,0,0,0,0,0,0,0,0,0,0,0,0,0,0,0,0,0,0,0,0,0,False,0,0,0,0,0,0,0,0,0,0,0,0,0,0,0,0,0,0,0E-26,0E-27,0,0,0,0,0,0,False,0,0,0,0,0,0,0,0,0,0,0,0,0,0,0,0,0,0,0,0,0,0,0,0,0,0,0,0,0,0,0,0,0,0,0,0,0,0,0,0,2,0,0,79.97193320816663097418978279,0,0,0,79.97193320816663097418978279,6.65600000000,0.0,0.0,39.98596660408331548709489140,0,0,0,0,0,0,0,0,0,0,0,0,89.96974739711000972230510385,0E-26,0E-26,89.96974739711000972230510385,0,0,0,0,0,0,0.45,0,0,0,0,0,0,0,0,0,0,1400.054622111755252478658608,1400.054622111755252478658610,19.99411690597527192326881561,0.0,0.0,0.0,yield_seeking,0.1578947368421052631578947368,0.1578947202138486839120231530,-0.0004736841606415460517360694590,0,0,0,0,0,0,0,0,0,0,0,0,0,0,0,0,0,0,0,0,0,0,0,0,0,0,0,0,0,0,0,0,0,0,0,0,0,0,0.0,0.0,0.0,0.0,0.0,0.0,0.0,0.0,0.0,0.0,0.0,0.0,0,0,0,0,0,0,0,0,0,0,0,0,0,0,0,0,0,0,0,0,0,0,0,0,0,0,0,0,0,0,0,0,0,0,0,0E-26,0E-26,2,2,0,0,0,0,1,1,0E-26,0E-26,0,0,1,1,0E-26,0E-26,0,0,0,0,0,0,0,0,0,0,0,0,0,0,0,0,0,0,0,0,0,0,2,2,0,0,2,0,0,0,0,0,0,0,0,0,0,50.0,0.0,50.0,50.0,0.0,50.0,0,0,0,0,0,0,0.0,0.0,0.0
78,0.0,20,20,0.20,0.0,historical,19.99468893601562330943032187,0.20,0.1950,normal,0,1,0,0,,False,0,0.00,159.9506889522291242119110704,0.00531106398437669056967813,159.9453778882447475213413923,179.9453778882447475213413923,179.9453778882447475213413923,1.0,1,79.97466222252497587960238468,0,19.99468893601562330943032187,0,0,0,0,0,0,0,0,0,0,0,0,0,0,0,0,0,0,0,0,179.9453778882447475213413923,0E-27,2E-25,159.9506889522291242119110702,159.9506889522291242119110702,0E-26,0E-27,0.0,20.00,0,0E-27,1440.049311047770875788088929,0,20,20,159.9453778882447475213413923,19.99468893601562330943032187,179.9453778882447475213413923,159.9506889522291242119110704,-19.9946889360156233094303219,1440.049311047770875788088929,0E-27,0,19.99468893601562330943032187,0,20,19.99468893601562330943032187,179.9453778882447475213413923,159.9453778882447475213413923,0,199.9400668242603708307717142,6,True,19.99468893601562330943032187,8.397875574406249323772128746,0,328.2939424148801210570245915,319.8960668404738717332524627,1440.049311047770875788088929,79.97466222252497587960238488,79.97466222252497587960238468,0E-16,79.97466222252497587960238488,0E-26,0,0,0,0,0,159.9506889522291242119110704,179.9453778882447475213413923,179.9453778882447475213413923,179.9453778882447475213413923,0,False,179.9453778882447475213413923,179.9453778882447475213413923,False,179.9453778882447475213413923,0.0,0.00531106398437669056967813,0,0,99.97602672970414833230868560,79.97602672970414833230868560,47.98561603782248899938521136,31.99041069188165933292347424,47.98561603782248899938521136,31.99041069188165933292347424,79.97875574406249323772128746,0,0,0,79.97875574406249323772128746,1.000000000000000000000000000,0E-33,0.079993663548736342780938787,0.0,0.0,0.0,0.0,0.0,0.0,0.0,0.0,0,0,0,2,6.65600000000,0.0,0.0,39.98733111126248793980119234,0.0,0.0,0.0,0.0,0.0,0,0,2E-25,0,0,0,0,0,0,0,0E-7,0E-7,0,0,0,0,0,0,0,0,0.0,0,0,0,0,0,0,0,0,0,0,0,0,0,0,0,0,0,0,0,0,0,0,0,False,0,0,0,0,0,0,0,0,0,0,0,0,0,0,0,0,0,0,0E-26,0E-27,0,0,0,0,0,0,False,0,0,0,0,0,0,0,0,0,0,0,0,0,0,0,0,0,0,0,0,0,0,0,0,0,0,0,0,0,0,0,0,0,0,0,0,0,0,0,0,2,0,0,79.97466222252497587960238468,0,0,0,79.97466222252497587960238468,6.65600000000,0.0,0.0,39.98733111126248793980119234,0,0,0,0,0,0,0,0,0,0,0,0,89.9726889441223737606706961,0E-26,0E-26,89.9726889441223737606706961,0,0,0,0,0,0,0.45,0,0,0,0,0,0,0,0,0,0,1420.049311047770875788088930,1420.049311047770875788088932,19.99468893601562330943032187,0.0,0.0,0.0,yield_seeking,0.1578947368421052631578947368,0.1578947235394999997611974698,-0.0004736841706184999992835924094,0,0,0,0,0,0,0,0,0,0,0,0,0,0,0,0,0,0,0,0,0,0,0,0,0,0,0,0,0,0,0,0,0,0,0,0,0,0,0.0,0.0,0.0,0.0,0.0,0.0,0.0,0.0,0.0,0.0,0.0,0.0,0,0,0,0,0,0,0,0,0,0,0,0,0,0,0,0,0,0,0,0,0,0,0,0,0,0,0,0,0,0,0,0,0,0,0,0E-26,0E-26,2,2,0,0,0,0,1,1,0E-26,0E-26,0,0,1,1,0E-26,0E-26,0,0,0,0,0,0,0,0,0,0,0,0,0,0,0,0,0,0,0,0,0,0,2,2,0,0,2,0,0,0,0,0,0,0,0,0,0,50.0,0.0,50.0,50.0,0.0,50.0,0,0,0,0,0,0,0.0,0.0,0.0
79,0.0,20,20,0.20,0.0,historical,19.99520534594082966646173712,0.20,0.1975,normal,0,1,0,0,,False,0,0.00,159.9554836062882945454493333,0.00479465405917033353826288,159.9506889522291242119110704,179.9506889522291242119110704,179.9506889522291242119110704,1.0,1,79.97712588702031299410021025,0,19.99520534594082966646173712,0,0,0,0,0,0,0,0,0,0,0,0,0,0,0,0,0,0,0,0,179.9506889522291242119110704,0E-27,1E-25,159.9554836062882945454493332,159.9554836062882945454493332,0E-26,0E-27,0.0,20.00,0,0E-27,1460.044516393711705454550667,0,20,20,159.9506889522291242119110704,19.99520534594082966646173712,179.9506889522291242119110704,159.9554836062882945454493333,-19.9952053459408296664617371,1460.044516393711705454550667,0E-27,0,19.99520534594082966646173712,0,20,19.99520534594082966646173712,179.9506889522291242119110704,159.9506889522291242119110704,0,199.9458942981699538783728075,6,True,19.99520534594082966646173712,8.398082138376331866584694848,0,328.3042546968937506239450985,319.9061725585174187573604037,1460.044516393711705454550667,79.97712588702031299410021035,79.97712588702031299410021025,0E-16,79.97712588702031299410021035,0E-26,0,0,0,0,0,159.9554836062882945454493333,179.9506889522291242119110704,179.9506889522291242119110704,179.9506889522291242119110704,0,False,179.9506889522291242119110704,179.9506889522291242119110704,False,179.9506889522291242119110704,0.0,0.00479465405917033353826288,0,0,99.97835771926798155134912295,79.97835771926798155134912295,47.98701463156078893080947377,31.99134308770719262053964918,47.98701463156078893080947377,31.99134308770719262053964918,79.98082138376331866584694848,0,0,0,79.98082138376331866584694848,1.000000000000000000000000000,0E-33,0.079994279836209168111721495,0.0,0.0,0.0,0.0,0.0,0.0,0.0,0.0,0,0,0,2,6.65600000000,0.0,0.0,39.98856294351015649705010512,0.0,0.0,0.0,0.0,0.0,0,0,1E-25,0,0,0,0,0,0,0,0E-7,0E-7,0,0,0,0,0,0,0,0,0.0,0,0,0,0,0,0,0,0,0,0,0,0,0,0,0,0,0,0,0,0,0,0,0,False,0,0,0,0,0,0,0,0,0,0,0,0,0,0,0,0,0,0,0E-26,0E-27,0,0,0,0,0,0,False,0,0,0,0,0,0,0,0,0,0,0,0,0,0,0,0,0,0,0,0,0,0,0,0,0,0,0,0,0,0,0,0,0,0,0,0,0,0,0,0,2,0,0,79.97712588702031299410021025,0,0,0,79.97712588702031299410021025,6.65600000000,0.0,0.0,39.98856294351015649705010512,0,0,0,0,0,0,0,0,0,0,0,0,89.97534447611456210595553515,0E-26,0E-26,89.97534447611456210595553515,0,0,0,0,0,0,0.45,0,0,0,0,0,0,0,0,0,0,1440.044516393711705454550667,1440.044516393711705454550669,19.99520534594082966646173712,0.0,0.0,0.0,yield_seeking,0.1578947368421052631578947368,0.1578947262000210524405369232,-0.0004736841786000631573216107696,0,0,0,0,0,0,0,0,0,0,0,0,0,0,0,0,0,0,0,0,0,0,0,0,0,0,0,0,0,0,0,0,0,0,0,0,0,0,0.0,0.0,0.0,0.0,0.0,0.0,0.0,0.0,0.0,0.0,0.0,0.0,0,0,0,0,0,0,0,0,0,0,0,0,0,0,0,0,0,0,0,0,0,0,0,0,0,0,0,0,0,0,0,0,0,0,0,0E-26,0E-26,2,2,0,0,0,0,1,1,0E-26,0E-26,0,0,1,1,0E-26,0E-26,0,0,0,0,0,0,0,0,0,0,0,0,0,0,0,0,0,0,0,0,0,0,2,2,0,0,2,0,0,0,0,0,0,0,0,0,0,50.0,0.0,50.0,50.0,0.0,50.0,0,0,0,0,0,0,0.0,0.0,0.0
80,0.0,20,20,0.20,0.0,historical,19.99567154385359631026982459,0.20,0.2000,normal,0,1,0,0,,False,0,0.00,159.9598120624346982351795087,0.00432845614640368973017541,159.9554836062882945454493333,179.9554836062882945454493333,179.9554836062882945454493333,1.0,1,79.97935000237794189289184549,0,19.99567154385359631026982459,0,0,0,0,0,0,0,0,0,0,0,0,0,0,0,0,0,0,0,0,179.9554836062882945454493333,0E-26,1E-25,159.9598120624346982351795086,159.9598120624346982351795086,0E-26,0E-27,0.0,20.00,0,0E-26,1480.040187937565301764820491,0,20,20,159.9554836062882945454493333,19.99567154385359631026982459,179.9554836062882945454493333,159.9598120624346982351795087,-19.9956715438535963102698246,1480.040187937565301764820491,0E-26,0,19.99567154385359631026982459,0,20,19.99567154385359631026982459,179.9554836062882945454493333,159.9554836062882945454493333,0,199.9511551501418908557191579,6,True,19.99567154385359631026982459,11.59740292631215778616189475,0,331.5126985950351505667907368,319.9152956687229927806288420,1480.040187937565301764820491,79.97935000237794189289184559,79.97935000237794189289184549,0E-16,79.97935000237794189289184559,0E-26,0,0,0,0,0,159.9598120624346982351795087,179.9554836062882945454493333,179.9554836062882945454493333,179.9554836062882945454493333,0,False,179.9554836062882945454493333,179.9554836062882945454493333,False,179.9554836062882945454493333,0.0,0.00432845614640368973017541,0,0,99.98046206005675634228766311,79.98046206005675634228766311,47.98827723603405380537259787,31.99218482402270253691506524,47.98827723603405380537259787,31.99218482402270253691506524,79.98268617541438524107929836,0,0,0,79.98268617541438524107929836,1.000000000000000000000000000,0E-33,0.079994836167680421494629060,0.0,0.0,0.0,0.0,0.0,0.0,0.0,0.0,0,0,0,2,6.65600000000,0.0,0.0,39.98967500118897094644592274,0.0,0.0,0.0,0.0,0.0,0,0,1E-25,0,0,0,0,0,0,0,0E-7,0E-7,0,0,0,0,0,0,0,0,0.0,0,0,0,0,0,0,0,0,0,0,0,0,0,0,0,0,0,0,0,0,0,0,0,False,0,0,0,0,0,0,0,0,0,0,0,0,0,0,0,0,0,0,0E-26,0E-26,0,0,0,0,0,0,False,0,0,0,0,0,0,0,0,0,0,0,0,0,0,0,0,0,0,0,0,0,0,0,0,0,0,0,0,0,0,0,0,0,0,0,0,0,0,0,0,2,0,0,79.97935000237794189289184549,0,0,0,79.97935000237794189289184549,6.65600000000,0.0,0.0,39.98967500118897094644592274,0,0,0,0,0,0,0,0,0,0,0,0,89.9777418031441472727246666,0E-26,0E-26,89.9777418031441472727246666,0,0,0,0,0,0,0.45,0,0,0,0,0,0,0,0,0,0,1460.040187937565301764820491,1460.040187937565301764820494,19.99567154385359631026982459,0.0,0.0,0.0,yield_seeking,0.1578947368421052631578947368,0.1578947283284378945840084859,-0.0004736841849853136837520254577,0,0,0,0,0,0,0,0,0,0,0,0,0,0,0,0,0,0,0,0,0,0,0,0,0,0,0,0,0,0,0,0,0,0,0,0,0,0,0.0,0.0,0.0,0.0,0.0,0.0,0.0,0.0,0.0,0.0,0.0,0.0,0,0,0,0,0,0,0,0,0,0,0,0,0,0,0,0,0,0,0,0,0,0,0,0,0,0,0,0,0,0,0,0,0,0,0,0E-26,0E-26,2,2,0,0,0,0,1,1,0E-26,0E-26,0,0,1,1,0E-26,0E-26,0,0,0,0,0,0,0,0,0,0,0,0,0,0,0,0,0,0,0,0,0,0,2,2,0,0,2,0,0,0,0,0,0,0,0,0,0,50.0,0.0,50.0,50.0,0.0,50.0,0,0,0,0,0,0,0.0,0.0,0.0
81,0.0,20,20,0.20,0.0,historical,19.99609241201135126845753262,0.20,0.2025,normal,0,1,0,0,,False,0,0.00,159.9637196504233469667219761,0.00390758798864873154246738,159.9598120624346982351795087,179.9598120624346982351795087,179.9598120624346982351795087,1.0,1,79.98135786064492716526715948,0,19.99609241201135126845753262,0,0,0,0,0,0,0,0,0,0,0,0,0,0,0,0,0,0,0,0,179.9598120624346982351795087,0E-27,1E-25,159.9637196504233469667219760,159.9637196504233469667219760,0E-26,0E-27,0.0,20.00,0,0E-27,1500.036280349576653033278024,0,20,20,159.9598120624346982351795087,19.99609241201135126845753262,179.9598120624346982351795087,159.9637196504233469667219761,-19.9960924120113512684575326,1500.036280349576653033278024,0E-27,0,19.99609241201135126845753262,0,20,19.99609241201135126845753262,179.9598120624346982351795087,159.9598120624346982351795087,0,199.9559044744460495036370413,6,True,19.99609241201135126845753262,8.398436964804540507383013048,0,328.3219686776625857092844978,319.9235317128580452019014847,1500.036280349576653033278024,79.98135786064492716526715958,79.98135786064492716526715948,0E-16,79.98135786064492716526715958,0E-26,0,0,0,0,0,159.9637196504233469667219761,179.9598120624346982351795087,179.9598120624346982351795087,179.9598120624346982351795087,0,False,179.9598120624346982351795087,179.9598120624346982351795087,False,179.9598120624346982351795087,0.0,0.00390758798864873154246738,0,0,99.98236178977841980145481649,79.98236178977841980145481649,47.98941707386705188087288990,31.99294471591136792058192659,47.98941707386705188087288990,31.99294471591136792058192659,79.98436964804540507383013049,0,0,0,79.98436964804540507383013049,1.000000000000000000000000000,0E-33,0.079995338378878849791269251,0.0,0.0,0.0,0.0,0.0,0.0,0.0,0.0,0,0,0,2,6.65600000000,0.0,0.0,39.99067893032246358263357974,0.0,0.0,0.0,0.0,0.0,0,0,1E-25,0,0,0,0,0,0,0,0E-7,0E-7,0,0,0,0,0,0,0,0,0.0,0,0,0,0,0,0,0,0,0,0,0,0,0,0,0,0,0,0,0,0,0,0,0,False,0,0,0,0,0,0,0,0,0,0,0,0,0,0,0,0,0,0,0E-26,0E-27,0,0,0,0,0,0,False,0,0,0,0,0,0,0,0,0,0,0,0,0,0,0,0,0,0,0,0,0,0,0,0,0,0,0,0,0,0,0,0,0,0,0,0,0,0,0,0,2,0,0,79.98135786064492716526715948,0,0,0,79.98135786064492716526715948,6.65600000000,0.0,0.0,39.99067893032246358263357974,0,0,0,0,0,0,0,0,0,0,0,0,89.9799060312173491175897543,0E-26,0E-26,89.9799060312173491175897543,0,0,0,0,0,0,0.45,0,0,0,0,0,0,0,0,0,0,1480.036280349576653033278024,1480.036280349576653033278027,19.99609241201135126845753262,0.0,0.0,0.0,yield_seeking,0.1578947368421052631578947368,0.1578947300311713682987857361,-0.0004736841900935141048963572083,0,0,0,0,0,0,0,0,0,0,0,0,0,0,0,0,0,0,0,0,0,0,0,0,0,0,0,0,0,0,0,0,0,0,0,0,0,0,0.0,0.0,0.0,0.0,0.0,0.0,0.0,0.0,0.0,0.0,0.0,0.0,0,0,0,0,0,0,0,0,0,0,0,0,0,0,0,0,0,0,0,0,0,0,0,0,0,0,0,0,0,0,0,0,0,0,0,0E-26,0E-26,2,2,0,0,0,0,1,1,0E-26,0E-26,0,0,1,1,0E-26,0E-26,0,0,0,0,0,0,0,0,0,0,0,0,0,0,0,0,0,0,0,0,0,0,2,2,0,0,2,0,0,0,0,0,0,0,0,0,0,50.0,0.0,50.0,50.0,0.0,50.0,0,0,0,0,0,0,0.0,0.0,0.0
82,0.0,20,20,0.20,0.0,historical,19.99647235795568396029096330,0.20,0.2050,normal,0,1,0,0,,False,0,0.00,159.9672472924676630064310128,0.00352764204431603970903670,159.9637196504233469667219761,179.9637196504233469667219761,179.9637196504233469667219761,1.0,1,79.98317048911605063562583700,0,19.99647235795568396029096330,0,0,0,0,0,0,0,0,0,0,0,0,0,0,0,0,0,0,0,0,179.9637196504233469667219761,0E-27,1E-25,159.9672472924676630064310127,159.9672472924676630064310127,0E-26,0E-27,0.0,20.00,0,0E-27,1520.032752707532336993568987,0,20,20,159.9637196504233469667219761,19.99647235795568396029096330,179.9637196504233469667219761,159.9672472924676630064310128,-19.9964723579556839602909633,1520.032752707532336993568987,0E-27,0,19.99647235795568396029096330,0,20,19.99647235795568396029096330,179.9637196504233469667219761,159.9637196504233469667219761,0,199.9601920083790309270129394,6,True,19.99647235795568396029096330,8.398588943182273584116385318,0,328.3295558860732835572693742,319.9309669428910099731529888,1520.032752707532336993568987,79.98317048911605063562583710,79.98317048911605063562583700,0E-16,79.98317048911605063562583710,0E-26,0,0,0,0,0,159.9672472924676630064310128,179.9637196504233469667219761,179.9637196504233469667219761,179.9637196504233469667219761,0,False,179.9637196504233469667219761,179.9637196504233469667219761,False,179.9637196504233469667219761,0.0,0.00352764204431603970903670,0,0,99.98407680335161237080517570,79.98407680335161237080517570,47.99044608201096742248310542,31.99363072134064494832207028,47.99044608201096742248310542,31.99363072134064494832207028,79.98588943182273584116385319,0,0,0,79.98588943182273584116385319,1.000000000000000000000000000,0E-33,0.079995791736991411347072964,0.0,0.0,0.0,0.0,0.0,0.0,0.0,0.0,0,0,0,2,6.65600000000,0.0,0.0,39.99158524455802531781291850,0.0,0.0,0.0,0.0,0.0,0,0,1E-25,0,0,0,0,0,0,0,0E-7,0E-7,0,0,0,0,0,0,0,0,0.0,0,0,0,0,0,0,0,0,0,0,0,0,0,0,0,0,0,0,0,0,0,0,0,False,0,0,0,0,0,0,0,0,0,0,0,0,0,0,0,0,0,0,0E-26,0E-27,0,0,0,0,0,0,False,0,0,0,0,0,0,0,0,0,0,0,0,0,0,0,0,0,0,0,0,0,0,0,0,0,0,0,0,0,0,0,0,0,0,0,0,0,0,0,0,2,0,0,79.98317048911605063562583700,0,0,0,79.98317048911605063562583700,6.65600000000,0.0,0.0,39.99158524455802531781291850,0,0,0,0,0,0,0,0,0,0,0,0,89.9818598252116734833609880,0E-26,0E-26,89.9818598252116734833609880,0,0,0,0,0,0,0.45,0,0,0,0,0,0,0,0,0,0,1500.032752707532336993568987,1500.032752707532336993568990,19.99647235795568396029096330,0.0,0.0,0.0,yield_seeking,0.1578947368421052631578947368,0.1578947313933581472706075362,-0.0004736841941800744418118226086,0,0,0,0,0,0,0,0,0,0,0,0,0,0,0,0,0,0,0,0,0,0,0,0,0,0,0,0,0,0,0,0,0,0,0,0,0,0,0.0,0.0,0.0,0.0,0.0,0.0,0.0,0.0,0.0,0.0,0.0,0.0,0,0,0,0,0,0,0,0,0,0,0,0,0,0,0,0,0,0,0,0,0,0,0,0,0,0,0,0,0,0,0,0,0,0,0,0E-26,0E-26,2,2,0,0,0,0,1,1,0E-26,0E-26,0,0,1,1,0E-26,0E-26,0,0,0,0,0,0,0,0,0,0,0,0,0,0,0,0,0,0,0,0,0,0,2,2,0,0,2,0,0,0,0,0,0,0,0,0,0,50.0,0.0,50.0,50.0,0.0,50.0,0,0,0,0,0,0,0.0,0.0,0.0
83,0.0,20,20,0.20,0.0,historical,19.99681536067032247416103514,0.20,0.2075,normal,0,1,0,0,,False,0,0.00,159.9704319317973405322699777,0.00318463932967752583896486,159.9672472924676630064310128,179.9672472924676630064310128,179.9672472924676630064310128,1.0,1,79.98480687054214634003315847,0,19.99681536067032247416103514,0,0,0,0,0,0,0,0,0,0,0,0,0,0,0,0,0,0,0,0,179.9672472924676630064310128,0E-26,1E-25,159.9704319317973405322699776,159.9704319317973405322699776,0E-26,0E-27,0.0,20.00,0,0E-26,1540.029568068202659467730022,0,20,20,159.9672472924676630064310128,19.99681536067032247416103514,179.9672472924676630064310128,159.9704319317973405322699777,-19.9968153606703224741610351,1540.029568068202659467730022,0E-26,0,19.99681536067032247416103514,0,20,19.99681536067032247416103514,179.9672472924676630064310128,159.9672472924676630064310128,0,199.9640626531379854805920479,6,True,19.99681536067032247416103514,11.59808921640219348449662108,0,331.5357684406671970231976115,319.9376792242650035387009905,1540.029568068202659467730022,79.98480687054214634003315857,79.98480687054214634003315847,0E-16,79.98480687054214634003315857,0E-26,0,0,0,0,0,159.9704319317973405322699777,179.9672472924676630064310128,179.9672472924676630064310128,179.9672472924676630064310128,0,False,179.9672472924676630064310128,179.9672472924676630064310128,False,179.9672472924676630064310128,0.0,0.00318463932967752583896486,0,0,99.98562506125519419223681913,79.98562506125519419223681913,47.99137503675311651534209148,31.99425002450207767689472765,47.99137503675311651534209148,31.99425002450207767689472765,79.98726144268128989664414056,0,0,0,79.98726144268128989664414056,1.000000000000000000000000000,0E-33,0.079996200996151070493760974,0.0,0.0,0.0,0.0,0.0,0.0,0.0,0.0,0,0,0,2,6.65600000000,0.0,0.0,39.99240343527107317001657924,0.0,0.0,0.0,0.0,0.0,0,0,1E-25,0,0,0,0,0,0,0,0E-7,0E-7,0,0,0,0,0,0,0,1,0.0,0,0,0,0,0,0,0,0,0,0,0,0,0,0,0,0,0,0,0,0,0,0,0,False,0,0,0,0,0,0,0,0,0,0,0,0,0,0,0,0,0,0,0E-26,0E-26,0,0,0,0,0,0,False,0,0,0,0,0,0,0,0,0,0,0,0,0,0,0,0,0,0,0,0,0,0,0,0,0,0,0,0,0,0,0,0,0,0,0,0,0,0,0,0,2,0,0,79.98480687054214634003315847,0,0,0,79.98480687054214634003315847,6.65600000000,0.0,0.0,39.99240343527107317001657924,0,0,0,0,0,0,0,0,0,0,0,0,89.98362364623383150321550635,0E-26,0E-26,89.98362364623383150321550635,0,0,0,0,0,0,0.45,0,0,0,0,0,0,0,0,0,0,1520.029568068202659467730022,1520.029568068202659467730025,19.99681536067032247416103514,0.0,0.0,0.0,yield_seeking,0.1578947368421052631578947368,0.1578947324831075704480649763,-0.0004736841974493227113441949289,0,0,0,0,0,0,0,0,0,0,0,0,0,0,0,0,0,0,0,0,0,0,0,0,0,0,0,0,0,0,0,0,0,0,0,0,0,0,0.0,0.0,0.0,0.0,0.0,0.0,0.0,0.0,0.0,0.0,0.0,0.0,0,0,0,0,0,0,0,0,0,0,0,0,0,0,0,0,0,0,0,0,0,0,0,0,0,0,0,0,0,0,0,0,0,0,0,0E-26,0E-26,2,2,0,0,0,0,1,1,0E-26,0E-26,0,0,1,1,0E-26,0E-26,0,0,0,0,0,0,0,0,0,0,0,0,0,0,0,0,0,0,0,0,0,0,2,2,0,0,2,0,0,0,0,0,0,0,0,0,0,50.0,0.0,50.0,50.0,0.0,50.0,0,0,0,0,0,0,0.0,0.0,0.0
84,0.0,20,20,0.20,0.0,historical,19.99712501225103883844736383,0.20,0.2100,normal,0,1,0,0,,False,0,0.00,159.9733069195463016938226139,0.00287498774896116155263617,159.9704319317973405322699777,179.9704319317973405322699777,179.9704319317973405322699777,1.0,1,79.98628414192694994553567722,0,19.99712501225103883844736383,0,0,0,0,0,0,0,0,0,0,0,0,0,0,0,0,0,0,0,0,179.9704319317973405322699777,0E-27,1E-25,159.9733069195463016938226138,159.9733069195463016938226138,0E-26,0E-27,0.0,20.00,0,0E-27,1560.026693080453698306177387,0,20,20,159.9704319317973405322699777,19.99712501225103883844736383,179.9704319317973405322699777,159.9733069195463016938226139,-19.9971250122510388384473638,1560.026693080453698306177387,0E-27,0,19.99712501225103883844736383,0,20,19.99712501225103883844736383,179.9704319317973405322699777,159.9704319317973405322699777,0,199.9675569440483793707173415,6,True,19.99712501225103883844736383,8.398850004900415535378945530,0,328.3425888562440577614715371,319.9437388513436422260925915,1560.026693080453698306177387,79.98628414192694994553567732,79.98628414192694994553567722,0E-16,79.98628414192694994553567732,0E-26,0,0,0,0,0,159.9733069195463016938226139,179.9704319317973405322699777,179.9704319317973405322699777,179.9704319317973405322699777,0,False,179.9704319317973405322699777,179.9704319317973405322699777,False,179.9704319317973405322699777,0.0,0.00287498774896116155263617,0,0,99.98702277761935174828693657,79.98702277761935174828693657,47.99221366657161104897216195,31.99480911104774069931477462,47.99221366657161104897216195,31.99480911104774069931477462,79.98850004900415535378945530,0,0,0,79.98850004900415535378945530,1.000000000000000000000000000,0E-33,0.079996570447491044152773825,0.0,0.0,0.0,0.0,0.0,0.0,0.0,0.0,0,0,0,2,6.65600000000,0.0,0.0,39.99314207096347497276783861,0.0,0.0,0.0,0.0,0.0,0,0,1E-25,0,0,0,0,0,0,0,0E-8,0E-8,0,0,0,0,0,0,0,0,0.0,0,0,0,0,0,0,0,0,0,0,0,0,0,0,0,0,0,0,0,0,0,0,0,False,0,0,0,0,0,0,0,0,0,0,0,0,0,0,0,0,0,0,0E-26,0E-27,0,0,0,0,0,0,False,0,0,0,0,0,0,0,0,0,0,0,0,0,0,0,0,0,0,0,0,0,0,0,0,0,0,0,0,0,0,0,0,0,0,0,0,0,0,0,0,2,0,0,79.98628414192694994553567722,0,0,0,79.98628414192694994553567722,6.65600000000,0.0,0.0,39.99314207096347497276783861,0,0,0,0,0,0,0,0,0,0,0,0,89.9852159658986702661349888,0E-26,0E-26,89.9852159658986702661349888,0,0,0,0,0,0,0.45,0,0,0,0,0,0,0,0,0,0,1540.026693080453698306177386,1540.026693080453698306177389,19.99712501225103883844736383,0.0,0.0,0.0,yield_seeking,0.1578947368421052631578947368,0.1578947333549071089900309284,-0.0004736842000647213269700927852,0,0,0,0,0,0,0,0,0,0,0,0,0,0,0,0,0,0,0,0,0,0,0,0,0,0,0,0,0,0,0,0,0,0,0,0,0,0,0.0,0.0,0.0,0.0,0.0,0.0,0.0,0.0,0.0,0.0,0.0,0.0,0,0,0,0,0,0,0,0,0,0,0,0,0,0,0,0,0,0,0,0,0,0,0,0,0,0,0,0,0,0,0,0,0,0,0,0E-26,0E-26,2,2,0,0,0,0,1,1,0E-26,0E-26,0,0,1,1,0E-26,0E-26,0,0,0,0,0,0,0,0,0,0,0,0,0,0,0,0,0,0,0,0,0,0,2,2,0,0,2,0,0,0,0,0,0,0,0,0,0,50.0,0.0,50.0,50.0,0.0,50.0,0,0,0,0,0,0,0.0,0.0,0.0
85,0.0,20,20,0.20,0.0,historical,19.99740455552387034965738731,0.20,0.2125,normal,0,1,0,0,,False,0,0.00,159.9759023640224313441652266,0.00259544447612965034261269,159.9733069195463016938226139,179.9733069195463016938226139,179.9733069195463016938226139,1.0,1,79.98761777399436252677322599,0,19.99740455552387034965738731,0,0,0,0,0,0,0,0,0,0,0,0,0,0,0,0,0,0,0,0,179.9733069195463016938226139,0E-27,1E-25,159.9759023640224313441652265,159.9759023640224313441652265,0E-26,0E-27,0.0,20.00,0,0E-27,1580.024097635977568655834774,0,20,20,159.9733069195463016938226139,19.99740455552387034965738731,179.9733069195463016938226139,159.9759023640224313441652266,-19.9974045555238703496573873,1580.024097635977568655834774,0E-27,0,19.99740455552387034965738731,0,20,19.99740455552387034965738731,179.9733069195463016938226139,159.9733069195463016938226139,0,199.9707114750701720434800012,6,True,19.99740455552387034965738731,8.398961822209548139862954924,0,328.3481711057782811778507954,319.9492092835687330379878405,1580.024097635977568655834774,79.98761777399436252677322609,79.98761777399436252677322599,0E-16,79.98761777399436252677322609,0E-26,0,0,0,0,0,159.9759023640224313441652266,179.9733069195463016938226139,179.9733069195463016938226139,179.9733069195463016938226139,0,False,179.9733069195463016938226139,179.9733069195463016938226139,False,179.9733069195463016938226139,0.0,0.00259544447612965034261269,0,0,99.98828459002806881739200045,79.98828459002806881739200045,47.99297075401684129043520027,31.99531383601122752695680018,47.99297075401684129043520027,31.99531383601122752695680018,79.98961822209548139862954926,0,0,0,79.98961822209548139862954926,1.000000000000000000000000000,0E-33,0.079996903964300918789043638,0.0,0.0,0.0,0.0,0.0,0.0,0.0,0.0,0,0,0,2,6.65600000000,0.0,0.0,39.99380888699718126338661300,0.0,0.0,0.0,0.0,0.0,0,0,1E-25,0,0,0,0,0,0,0,0E-8,0E-8,0,0,0,0,0,0,0,0,0.0,0,0,0,0,0,0,0,0,0,0,0,0,0,0,0,0,0,0,0,0,0,0,0,False,0,0,0,0,0,0,0,0,0,0,0,0,0,0,0,0,0,0,0E-26,0E-27,0,0,0,0,0,0,False,0,0,0,0,0,0,0,0,0,0,0,0,0,0,0,0,0,0,0,0,0,0,0,0,0,0,0,0,0,0,0,0,0,0,0,0,0,0,0,0,2,0,0,79.98761777399436252677322599,0,0,0,79.98761777399436252677322599,6.65600000000,0.0,0.0,39.99380888699718126338661300,0,0,0,0,0,0,0,0,0,0,0,0,89.9866534597731508469113069,0E-26,0E-26,89.9866534597731508469113069,0,0,0,0,0,0,0.45,0,0,0,0,0,0,0,0,0,0,1560.024097635977568655834774,1560.024097635977568655834776,19.99740455552387034965738731,0.0,0.0,0.0,yield_seeking,0.1578947368421052631578947368,0.1578947340523467398236036901,-0.0004736842021570402194708110703,0,0,0,0,0,0,0,0,0,0,0,0,0,0,0,0,0,0,0,0,0,0,0,0,0,0,0,0,0,0,0,0,0,0,0,0,0,0,0.0,0.0,0.0,0.0,0.0,0.0,0.0,0.0,0.0,0.0,0.0,0.0,0,0,0,0,0,0,0,0,0,0,0,0,0,0,0,0,0,0,0,0,0,0,0,0,0,0,0,0,0,0,0,0,0,0,0,0E-26,0E-26,2,2,0,0,0,0,1,1,0E-26,0E-26,0,0,1,1,0E-26,0E-26,0,0,0,0,0,0,0,0,0,0,0,0,0,0,0,0,0,0,0,0,0,0,2,2,0,0,2,0,0,0,0,0,0,0,0,0,0,50.0,0.0,50.0,50.0,0.0,50.0,0,0,0,0,0,0,0.0,0.0,0.0
86,0.0,20,20,0.20,0.0,historical,19.99765691800561376347840009,0.20,0.2150,normal,0,1,0,0,,False,0,0.00,159.9782454460168175806868265,0.00234308199438623652159991,159.9759023640224313441652266,179.9759023640224313441652266,179.9759023640224313441652266,1.0,1,79.98882173320559953762937578,0,19.99765691800561376347840009,0,0,0,0,0,0,0,0,0,0,0,0,0,0,0,0,0,0,0,0,179.9759023640224313441652266,0E-27,1E-25,159.9782454460168175806868264,159.9782454460168175806868264,0E-26,0E-27,0.0,20.00,0,0E-27,1600.021754553983182419313174,0,20,20,159.9759023640224313441652266,19.99765691800561376347840009,179.9759023640224313441652266,159.9782454460168175806868265,-19.9976569180056137634784001,1600.021754553983182419313174,0E-27,0,19.99765691800561376347840009,0,20,19.99765691800561376347840009,179.9759023640224313441652266,159.9759023640224313441652266,0,199.9735592820280451076436267,6,True,19.99765691800561376347840009,8.399062767202245505391360036,0,328.3532105772414944302434132,319.9541478100392489248520531,1600.021754553983182419313174,79.98882173320559953762937588,79.98882173320559953762937578,0E-16,79.98882173320559953762937588,0E-26,0,0,0,0,0,159.9782454460168175806868265,179.9759023640224313441652266,179.9759023640224313441652266,179.9759023640224313441652266,0,False,179.9759023640224313441652266,179.9759023640224313441652266,False,179.9759023640224313441652266,0.0,0.00234308199438623652159991,0,0,99.98942371281121804305745061,79.98942371281121804305745061,47.99365422768673082583447036,31.99576948512448721722298025,47.99365422768673082583447036,31.99576948512448721722298025,79.99062767202245505391360036,0,0,0,79.99062767202245505391360036,1.000000000000000000000000000,0E-33,0.079997205042766679472954866,0.0,0.0,0.0,0.0,0.0,0.0,0.0,0.0,0,0,0,2,6.65600000000,0.0,0.0,39.99441086660279976881468789,0.0,0.0,0.0,0.0,0.0,0,0,1E-25,0,0,0,0,0,0,0,0E-8,0E-8,0,0,0,0,0,0,0,0,0.0,0,0,0,0,0,0,0,0,0,0,0,0,0,0,0,0,0,0,0,0,0,0,0,False,0,0,0,0,0,0,0,0,0,0,0,0,0,0,0,0,0,0,0E-26,0E-27,0,0,0,0,0,0,False,0,0,0,0,0,0,0,0,0,0,0,0,0,0,0,0,0,0,0,0,0,0,0,0,0,0,0,0,0,0,0,0,0,0,0,0,0,0,0,0,2,0,0,79.98882173320559953762937578,0,0,0,79.98882173320559953762937578,6.65600000000,0.0,0.0,39.99441086660279976881468789,0,0,0,0,0,0,0,0,0,0,0,0,89.98795118201121567208261325,0E-26,0E-26,89.98795118201121567208261325,0,0,0,0,0,0,0.45,0,0,0,0,0,0,0,0,0,0,1580.021754553983182419313174,1580.021754553983182419313176,19.99765691800561376347840009,0.0,0.0,0.0,yield_seeking,0.1578947368421052631578947368,0.1578947346102984444904618994,-0.0004736842038308953334713856982,0,0,0,0,0,0,0,0,0,0,0,0,0,0,0,0,0,0,0,0,0,0,0,0,0,0,0,0,0,0,0,0,0,0,0,0,0,0,0.0,0.0,0.0,0.0,0.0,0.0,0.0,0.0,0.0,0.0,0.0,0.0,0,0,0,0,0,0,0,0,0,0,0,0,0,0,0,0,0,0,0,0,0,0,0,0,0,0,0,0,0,0,0,0,0,0,0,0E-26,0E-26,2,2,0,0,0,0,1,1,0E-26,0E-26,0,0,1,1,0E-26,0E-26,0,0,0,0,0,0,0,0,0,0,0,0,0,0,0,0,0,0,0,0,0,0,2,2,0,0,2,0,0,0,0,0,0,0,0,0,0,50.0,0.0,50.0,50.0,0.0,50.0,0,0,0,0,0,0,0.0,0.0,0.0
87,0.0,20,20,0.20,0.0,historical,19.99788474256224360861149012,0.20,0.2175,normal,0,1,0,0,,False,0,0.00,159.9803607034545739720753364,0.00211525743775639138850988,159.9782454460168175806868265,179.9782454460168175806868265,179.9782454460168175806868265,1.0,1,79.98990862802294949635600965,0,19.99788474256224360861149012,0,0,0,0,0,0,0,0,0,0,0,0,0,0,0,0,0,0,0,0,179.9782454460168175806868265,0E-26,2E-25,159.9803607034545739720753362,159.9803607034545739720753362,0E-26,0E-27,0.0,20.00,0,0E-26,1620.019639296545426027924664,0,20,20,159.9782454460168175806868265,19.99788474256224360861149012,179.9782454460168175806868265,159.9803607034545739720753364,-19.9978847425622436086114901,1620.019639296545426027924664,0E-26,0,19.99788474256224360861149012,0,20,19.99788474256224360861149012,179.9782454460168175806868265,159.9782454460168175806868265,0,199.9761301885790611892983166,6,True,19.99788474256224360861149012,11.59873084553734616516689407,0,331.5573369950087377179290570,319.9586061494713915527621628,1620.019639296545426027924664,79.98990862802294949635600985,79.98990862802294949635600965,0E-16,79.98990862802294949635600985,0E-26,0,0,0,0,0,159.9803607034545739720753364,179.9782454460168175806868265,179.9782454460168175806868265,179.9782454460168175806868265,0,False,179.9782454460168175806868265,179.9782454460168175806868265,False,179.9782454460168175806868265,0.0,0.00211525743775639138850988,0,0,99.99045207543162447571932660,79.99045207543162447571932660,47.99427124525897468543159596,31.99618083017264979028773064,47.99427124525897468543159596,31.99618083017264979028773064,79.99153897024897443444596049,0,0,0,79.99153897024897443444596049,1.000000000000000000000000000,0E-33,0.079997476838728750546366001,0.0,0.0,0.0,0.0,0.0,0.0,0.0,0.0,0,0,0,2,6.65600000000,0.0,0.0,39.99495431401147474817800482,0.0,0.0,0.0,0.0,0.0,0,0,2E-25,0,0,0,0,0,0,0,0E-8,0E-8,0,0,0,0,0,0,0,0,0.0,0,0,0,0,0,0,0,0,0,0,0,0,0,0,0,0,0,0,0,0,0,0,0,False,0,0,0,0,0,0,0,0,0,0,0,0,0,0,0,0,0,0,0E-26,0E-26,0,0,0,0,0,0,False,0,0,0,0,0,0,0,0,0,0,0,0,0,0,0,0,0,0,0,0,0,0,0,0,0,0,0,0,0,0,0,0,0,0,0,0,0,0,0,0,2,0,0,79.98990862802294949635600965,0,0,0,79.98990862802294949635600965,6.65600000000,0.0,0.0,39.99495431401147474817800482,0,0,0,0,0,0,0,0,0,0,0,0,89.9891227230084087903434132,0E-26,0E-26,89.9891227230084087903434132,0,0,0,0,0,0,0.45,0,0,0,0,0,0,0,0,0,0,1600.019639296545426027924664,1600.019639296545426027924666,19.99788474256224360861149012,0.0,0.0,0.0,yield_seeking,0.1578947368421052631578947368,0.1578947350566598082239484669,-0.0004736842051699794246718454007,0,0,0,0,0,0,0,0,0,0,0,0,0,0,0,0,0,0,0,0,0,0,0,0,0,0,0,0,0,0,0,0,0,0,0,0,0,0,0.0,0.0,0.0,0.0,0.0,0.0,0.0,0.0,0.0,0.0,0.0,0.0,0,0,0,0,0,0,0,0,0,0,0,0,0,0,0,0,0,0,0,0,0,0,0,0,0,0,0,0,0,0,0,0,0,0,0,0E-26,0E-26,2,2,0,0,0,0,1,1,0E-26,0E-26,0,0,1,1,0E-26,0E-26,0,0,0,0,0,0,0,0,0,0,0,0,0,0,0,0,0,0,0,0,0,0,2,2,0,0,2,0,0,0,0,0,0,0,0,0,0,50.0,0.0,50.0,50.0,0.0,50.0,0,0,0,0,0,0,0.0,0.0,0.0
88,0.0,20,20,0.20,0.0,historical,19.99809041508632489514386532,0.20,0.2200,normal,0,1,0,0,,False,0,0.00,159.9822702883682490769314711,0.00190958491367510485613468,159.9803607034545739720753364,179.9803607034545739720753364,179.9803607034545739720753364,1.0,1,79.99088984095188953004379028,0,19.99809041508632489514386532,0,0,0,0,0,0,0,0,0,0,0,0,0,0,0,0,0,0,0,0,179.9803607034545739720753364,0E-27,1E-25,159.9822702883682490769314710,159.9822702883682490769314710,0E-26,0E-27,0.0,20.00,0,0E-27,1640.017729711631750923068529,0,20,20,159.9803607034545739720753364,19.99809041508632489514386532,179.9803607034545739720753364,159.9822702883682490769314711,-19.9980904150863248951438653,1640.017729711631750923068529,0E-27,0,19.99809041508632489514386532,0,20,19.99809041508632489514386532,179.9803607034545739720753364,159.9803607034545739720753364,0,199.9784511185408988672192017,6,True,19.99809041508632489514386532,8.399236166034529958057546128,0,328.3618671578573530070643536,319.9626309918228230490068075,1640.017729711631750923068529,79.99088984095188953004379038,79.99088984095188953004379028,0E-16,79.99088984095188953004379038,0E-26,0,0,0,0,0,159.9822702883682490769314711,179.9803607034545739720753364,179.9803607034545739720753364,179.9803607034545739720753364,0,False,179.9803607034545739720753364,179.9803607034545739720753364,False,179.9803607034545739720753364,0.0,0.00190958491367510485613468,0,0,99.99138044741635954688768063,79.99138044741635954688768063,47.99482826844981572813260838,31.99655217896654381875507225,47.99482826844981572813260838,31.99655217896654381875507225,79.99236166034529958057546128,0,0,0,79.99236166034529958057546128,1.000000000000000000000000000,0E-33,0.079997722200849065574576082,0.0,0.0,0.0,0.0,0.0,0.0,0.0,0.0,0,0,0,2,6.65600000000,0.0,0.0,39.99544492047594476502189514,0.0,0.0,0.0,0.0,0.0,0,0,1E-25,0,0,0,0,0,0,0,0E-8,0E-8,0,0,0,0,0,0,0,0,0.0,0,0,0,0,0,0,0,0,0,0,0,0,0,0,0,0,0,0,0,0,0,0,0,False,0,0,0,0,0,0,0,0,0,0,0,0,0,0,0,0,0,0,0E-26,0E-27,0,0,0,0,0,0,False,0,0,0,0,0,0,0,0,0,0,0,0,0,0,0,0,0,0,0,0,0,0,0,0,0,0,0,0,0,0,0,0,0,0,0,0,0,0,0,0,2,0,0,79.99088984095188953004379028,0,0,0,79.99088984095188953004379028,6.65600000000,0.0,0.0,39.99544492047594476502189514,0,0,0,0,0,0,0,0,0,0,0,0,89.9901803517272869860376681,0E-26,0E-26,89.9901803517272869860376681,0,0,0,0,0,0,0.45,0,0,0,0,0,0,0,0,0,0,1620.017729711631750923068529,1620.017729711631750923068531,19.99809041508632489514386532,0.0,0.0,0.0,yield_seeking,0.1578947368421052631578947368,0.1578947354137488992107377209,-0.0004736842062412466976322131627,0,0,0,0,0,0,0,0,0,0,0,0,0,0,0,0,0,0,0,0,0,0,0,0,0,0,0,0,0,0,0,0,0,0,0,0,0,0,0.0,0.0,0.0,0.0,0.0,0.0,0.0,0.0,0.0,0.0,0.0,0.0,0,0,0,0,0,0,0,0,0,0,0,0,0,0,0,0,0,0,0,0,0,0,0,0,0,0,0,0,0,0,0,0,0,0,0,0E-26,0E-26,2,2,0,0,0,0,1,1,0E-26,0E-26,0,0,1,1,0E-26,0E-26,0,0,0,0,0,0,0,0,0,0,0,0,0,0,0,0,0,0,0,0,0,0,2,2,0,0,2,0,0,0,0,0,0,0,0,0,0,50.0,0.0,50.0,50.0,0.0,50.0,0,0,0,0,0,0,0.0,0.0,0.0
89,0.0,20,20,0.20,0.0,historical,19.99827608948327190937753613,0.20,0.2225,normal,0,1,0,0,,False,0,0.00,159.9839941988849771675539350,0.00172391051672809062246387,159.9822702883682490769314711,179.9822702883682490769314711,179.9822702883682490769314711,1.0,1,79.99177564774436877303033199,0,19.99827608948327190937753613,0,0,0,0,0,0,0,0,0,0,0,0,0,0,0,0,0,0,0,0,179.9822702883682490769314711,0E-27,2E-25,159.9839941988849771675539348,159.9839941988849771675539348,0E-26,0E-27,0.0,20.00,0,0E-27,1660.016005801115022832446065,0,20,20,159.9822702883682490769314711,19.99827608948327190937753613,179.9822702883682490769314711,159.9839941988849771675539350,-19.9982760894832719093775361,1660.016005801115022832446065,0E-27,0,19.99827608948327190937753613,0,20,19.99827608948327190937753613,179.9822702883682490769314711,159.9822702883682490769314711,0,199.9805463778515209863090072,6,True,19.99827608948327190937753613,8.399310435793308763751014450,0,328.3655749230465350082364205,319.9662644872532262444854061,1660.016005801115022832446065,79.99177564774436877303033219,79.99177564774436877303033199,0E-16,79.99177564774436877303033219,0E-26,0,0,0,0,0,159.9839941988849771675539350,179.9822702883682490769314711,179.9822702883682490769314711,179.9822702883682490769314711,0,False,179.9822702883682490769314711,179.9822702883682490769314711,False,179.9822702883682490769314711,0.0,0.00172391051672809062246387,0,0,99.99221855114060839452360282,79.99221855114060839452360282,47.99533113068436503671416169,31.99688742045624335780944113,47.99533113068436503671416169,31.99688742045624335780944113,79.99310435793308763751014450,0,0,0,79.99310435793308763751014450,1.000000000000000000000000000,0E-34,0.079997943700539453360973353,0.0,0.0,0.0,0.0,0.0,0.0,0.0,0.0,0,0,0,2,6.65600000000,0.0,0.0,39.99588782387218438651516600,0.0,0.0,0.0,0.0,0.0,0,0,2E-25,0,0,0,0,0,0,0,0E-8,0E-8,0,0,0,0,0,0,0,0,0.0,0,0,0,0,0,0,0,0,0,0,0,0,0,0,0,0,0,0,0,0,0,0,0,False,0,0,0,0,0,0,0,0,0,0,0,0,0,0,0,0,0,0,0E-26,0E-27,0,0,0,0,0,0,False,0,0,0,0,0,0,0,0,0,0,0,0,0,0,0,0,0,0,0,0,0,0,0,0,0,0,0,0,0,0,0,0,0,0,0,0,0,0,0,0,2,0,0,79.99177564774436877303033199,0,0,0,79.99177564774436877303033199,6.65600000000,0.0,0.0,39.99588782387218438651516600,0,0,0,0,0,0,0,0,0,0,0,0,89.99113514418412453846573545,0E-26,0E-26,89.99113514418412453846573545,0,0,0,0,0,0,0.45,0,0,0,0,0,0,0,0,0,0,1640.016005801115022832446065,1640.016005801115022832446067,19.99827608948327190937753613,0.0,0.0,0.0,yield_seeking,0.1578947368421052631578947368,0.1578947356994201720001691241,-0.0004736842070982605160005073723,0,0,0,0,0,0,0,0,0,0,0,0,0,0,0,0,0,0,0,0,0,0,0,0,0,0,0,0,0,0,0,0,0,0,0,0,0,0,0.0,0.0,0.0,0.0,0.0,0.0,0.0,0.0,0.0,0.0,0.0,0.0,0,0,0,0,0,0,0,0,0,0,0,0,0,0,0,0,0,0,0,0,0,0,0,0,0,0,0,0,0,0,0,0,0,0,0,0E-26,0E-26,2,2,0,0,0,0,1,1,0E-26,0E-26,0,0,1,1,0E-26,0E-26,0,0,0,0,0,0,0,0,0,0,0,0,0,0,0,0,0,0,0,0,0,0,2,2,0,0,2,0,0,0,0,0,0,0,0,0,0,50.0,0.0,50.0,50.0,0.0,50.0,0,0,0,0,0,0,0.0,0.0,0.0
90,0.0,20,20,0.20,0.0,historical,19.99844371022812167890472056,0.20,0.2250,normal,0,1,0,0,,False,0,0.00,159.9855504886568554886492144,0.00155628977187832109527943,159.9839941988849771675539350,179.9839941988849771675539350,179.9839941988849771675539350,1.0,1,79.99257532501161595006575208,0,19.99844371022812167890472057,0,0,0,0,0,0,0,0,0,0,0,0,0,0,0,0,0,0,0,0,179.9839941988849771675539350,0E-27,1E-25,159.9855504886568554886492143,159.9855504886568554886492143,0E-26,0E-27,0.0,20.00,0,0E-27,1680.014449511343144511350785,0,20,20,159.9839941988849771675539350,19.99844371022812167890472057,179.9839941988849771675539350,159.9855504886568554886492144,-19.9984437102281216789047206,1680.014449511343144511350785,0E-27,0,19.99844371022812167890472057,0,20,19.99844371022812167890472057,179.9839941988849771675539350,159.9839941988849771675539350,0,199.9824379091130988464586556,6,True,19.99844371022812167890472057,8.399377484091248671561888226,0,328.3689221716330813277650377,319.9695446875418326562031495,1680.014449511343144511350785,79.99257532501161595006575218,79.99257532501161595006575208,0E-16,79.99257532501161595006575218,0E-26,0,0,0,0,0,159.9855504886568554886492144,179.9839941988849771675539350,179.9839941988849771675539350,179.9839941988849771675539350,0,False,179.9839941988849771675539350,179.9839941988849771675539350,False,179.9839941988849771675539350,0.0,0.00155628977187832109527943,0,0,99.99297516364523953858346215,79.99297516364523953858346215,47.99578509818714372315007729,31.99719006545809581543338486,47.99578509818714372315007729,31.99719006545809581543338486,79.99377484091248671561888225,0,0,0,79.99377484091248671561888225,1.000000000000000000000000000,0E-34,0.079998143658968793683788706,0.0,0.0,0.0,0.0,0.0,0.0,0.0,0.0,0,0,0,2,6.65600000000,0.0,0.0,39.99628766250580797503287604,0.0,0.0,0.0,0.0,0.0,0,0,1E-25,0,0,0,0,0,0,0,0E-8,0E-8,0,0,0,0,0,0,0,0,0.0,0,0,0,0,0,0,0,0,0,0,0,0,0,0,0,0,0,0,0,0,0,0,0,False,0,0,0,0,0,0,0,0,0,0,0,0,0,0,0,0,0,0,0E-26,0E-27,0,0,0,0,0,0,False,0,0,0,0,0,0,0,0,0,0,0,0,0,0,0,0,0,0,0,0,0,0,0,0,0,0,0,0,0,0,0,0,0,0,0,0,0,0,0,0,2,0,0,79.99257532501161595006575208,0,0,0,79.99257532501161595006575208,6.65600000000,0.0,0.0,39.99628766250580797503287604,0,0,0,0,0,0,0,0,0,0,0,0,89.9919970994424885837769674,0E-26,0E-26,89.9919970994424885837769674,0,0,0,0,0,0,0.45,0,0,0,0,0,0,0,0,0,0,1660.014449511343144511350786,1660.014449511343144511350788,19.99844371022812167890472057,0.0,0.0,0.0,yield_seeking,0.1578947368421052631578947368,0.1578947359279571902317142466,-0.0004736842077838715706951427398,0,0,0,0,0,0,0,0,0,0,0,0,0,0,0,0,0,0,0,0,0,0,0,0,0,0,0,0,0,0,0,0,0,0,0,0,0,0,0.0,0.0,0.0,0.0,0.0,0.0,0.0,0.0,0.0,0.0,0.0,0.0,0,0,0,0,0,0,0,0,0,0,0,0,0,0,0,0,0,0,0,0,0,0,0,0,0,0,0,0,0,0,0,0,0,0,0,0E-26,0E-26,2,2,0,0,0,0,1,1,0E-26,0E-26,0,0,1,1,0E-26,0E-26,0,0,0,0,0,0,0,0,0,0,0,0,0,0,0,0,0,0,0,0,0,0,2,2,0,0,2,0,0,0,0,0,0,0,0,0,0,50.0,0.0,50.0,50.0,0.0,50.0,0,0,0,0,0,0,0.0,0.0,0.0
91,0.0,20,20,0.20,0.0,historical,19.99859503272904790771669243,0.20,0.2275,normal,0,1,0,0,,False,0,0.00,159.9869554559278075809325220,0.00140496727095209228330757,159.9855504886568554886492144,179.9855504886568554886492144,179.9855504886568554886492144,1.0,1,79.99329724737344622238615909,0,19.99859503272904790771669243,0,0,0,0,0,0,0,0,0,0,0,0,0,0,0,0,0,0,0,0,179.9855504886568554886492144,0E-27,2E-25,159.9869554559278075809325218,159.9869554559278075809325218,0E-26,0E-27,0.0,20.00,0,0E-27,1700.013044544072192419067477,0,20,20,159.9855504886568554886492144,19.99859503272904790771669243,179.9855504886568554886492144,159.9869554559278075809325220,-19.9985950327290479077166924,1700.013044544072192419067477,0E-27,0,19.99859503272904790771669243,0,20,19.99859503272904790771669243,179.9855504886568554886492144,159.9855504886568554886492144,0,199.9841455213859033963659068,6,True,19.99859503272904790771669243,8.399438013091619163086676972,0,328.3719439576762822326684134,319.9725059445846630695817364,1700.013044544072192419067477,79.99329724737344622238615929,79.99329724737344622238615909,0E-16,79.99329724737344622238615929,0E-26,0,0,0,0,0,159.9869554559278075809325220,179.9855504886568554886492144,179.9855504886568554886492144,179.9855504886568554886492144,0,False,179.9855504886568554886492144,179.9855504886568554886492144,False,179.9855504886568554886492144,0.0,0.00140496727095209228330757,0,0,99.99365820855436135854636266,79.99365820855436135854636266,47.99619492513261681512781760,31.99746328342174454341854506,47.99619492513261681512781760,31.99746328342174454341854506,79.99438013091619163086676972,0,0,0,79.99438013091619163086676972,1.000000000000000000000000000,0E-34,0.079998324171435057614156527,0.0,0.0,0.0,0.0,0.0,0.0,0.0,0.0,0,0,0,2,6.65600000000,0.0,0.0,39.99664862368672311119307954,0.0,0.0,0.0,0.0,0.0,0,0,2E-25,0,0,0,0,0,0,0,0E-8,0E-8,0,0,0,0,0,0,0,0,0.0,0,0,0,0,0,0,0,0,0,0,0,0,0,0,0,0,0,0,0,0,0,0,0,False,0,0,0,0,0,0,0,0,0,0,0,0,0,0,0,0,0,0,0E-26,0E-27,0,0,0,0,0,0,False,0,0,0,0,0,0,0,0,0,0,0,0,0,0,0,0,0,0,0,0,0,0,0,0,0,0,0,0,0,0,0,0,0,0,0,0,0,0,0,0,2,0,0,79.99329724737344622238615909,0,0,0,79.99329724737344622238615909,6.65600000000,0.0,0.0,39.99664862368672311119307954,0,0,0,0,0,0,0,0,0,0,0,0,89.9927752443284277443246071,0E-26,0E-26,89.9927752443284277443246071,0,0,0,0,0,0,0.45,0,0,0,0,0,0,0,0,0,0,1680.013044544072192419067478,1680.013044544072192419067480,19.99859503272904790771669243,0.0,0.0,0.0,yield_seeking,0.1578947368421052631578947368,0.1578947361107868048169503446,-0.0004736842083323604144508510338,0,0,0,0,0,0,0,0,0,0,0,0,0,0,0,0,0,0,0,0,0,0,0,0,0,0,0,0,0,0,0,0,0,0,0,0,0,0,0.0,0.0,0.0,0.0,0.0,0.0,0.0,0.0,0.0,0.0,0.0,0.0,0,0,0,0,0,0,0,0,0,0,0,0,0,0,0,0,0,0,0,0,0,0,0,0,0,0,0,0,0,0,0,0,0,0,0,0E-26,0E-26,2,2,0,0,0,0,1,1,0E-26,0E-26,0,0,1,1,0E-26,0E-26,0,0,0,0,0,0,0,0,0,0,0,0,0,0,0,0,0,0,0,0,0,0,2,2,0,0,2,0,0,0,0,0,0,0,0,0,0,50.0,0.0,50.0,50.0,0.0,50.0,0,0,0,0,0,0,0.0,0.0,0.0
92,0.0,20,20,0.20,0.0,historical,19.99873164171087227170927253,0.20,0.2300,normal,0,1,0,0,,False,0,0.00,159.9882238142169353092232495,0.00126835828912772829072747,159.9869554559278075809325220,179.9869554559278075809325220,179.9869554559278075809325220,1.0,1,79.99394897516146336816653146,0,19.99873164171087227170927253,0,0,0,0,0,0,0,0,0,0,0,0,0,0,0,0,0,0,0,0,179.9869554559278075809325220,0E-26,3E-25,159.9882238142169353092232492,159.9882238142169353092232492,0E-26,0E-27,0.0,20.00,0,0E-26,1720.011776185783064690776750,0,20,20,159.9869554559278075809325220,19.99873164171087227170927253,179.9869554559278075809325220,159.9882238142169353092232495,-19.9987316417108722717092725,1720.011776185783064690776750,0E-26,0,19.99873164171087227170927253,0,20,19.99873164171087227170927253,179.9869554559278075809325220,159.9869554559278075809325220,0,199.9856870976386798526417945,6,True,19.99873164171087227170927253,11.59923898502652336302556352,0,331.5744182551712662531813350,319.9751792701447428901557715,1720.011776185783064690776750,79.99394897516146336816653176,79.99394897516146336816653146,0E-16,79.99394897516146336816653176,0E-26,0,0,0,0,0,159.9882238142169353092232495,179.9869554559278075809325220,179.9869554559278075809325220,179.9869554559278075809325220,0,False,179.9869554559278075809325220,179.9869554559278075809325220,False,179.9869554559278075809325220,0.0,0.00126835828912772829072747,0,0,99.99427483905547194105671772,79.99427483905547194105671772,47.99656490343328316463403063,31.99770993562218877642268709,47.99656490343328316463403063,31.99770993562218877642268709,79.99492656684348908683709013,0,0,0,79.99492656684348908683709013,1.000000000000000000000000000,0E-34,0.079998487129360143101252038,0.0,0.0,0.0,0.0,0.0,0.0,0.0,0.0,0,0,0,2,6.65600000000,0.0,0.0,39.99697448758073168408326573,0.0,0.0,0.0,0.0,0.0,0,0,3E-25,0,0,0,0,0,0,0,0E-8,0E-8,0,0,0,0,0,0,0,0,0.0,0,0,0,0,0,0,0,0,0,0,0,0,0,0,0,0,0,0,0,0,0,0,0,False,0,0,0,0,0,0,0,0,0,0,0,0,0,0,0,0,0,0,0E-26,0E-26,0,0,0,0,0,0,False,0,0,0,0,0,0,0,0,0,0,0,0,0,0,0,0,0,0,0,0,0,0,0,0,0,0,0,0,0,0,0,0,0,0,0,0,0,0,0,0,2,0,0,79.99394897516146336816653146,0,0,0,79.99394897516146336816653146,6.65600000000,0.0,0.0,39.99697448758073168408326573,0,0,0,0,0,0,0,0,0,0,0,0,89.99347772796390379046626085,0E-26,0E-26,89.99347772796390379046626085,0,0,0,0,0,0,0.45,0,0,0,0,0,0,0,0,0,0,1700.011776185783064690776751,1700.011776185783064690776753,19.99873164171087227170927253,0.0,0.0,0.0,yield_seeking,0.1578947368421052631578947368,0.1578947362570504964851392230,-0.0004736842087711514894554176690,0,0,0,0,0,0,0,0,0,0,0,0,0,0,0,0,0,0,0,0,0,0,0,0,0,0,0,0,0,0,0,0,0,0,0,0,0,0,0.0,0.0,0.0,0.0,0.0,0.0,0.0,0.0,0.0,0.0,0.0,0.0,0,0,0,0,0,0,0,0,0,0,0,0,0,0,0,0,0,0,0,0,0,0,0,0,0,0,0,0,0,0,0,0,0,0,0,0E-26,0E-26,2,2,0,0,0,0,1,1,0E-26,0E-26,0,0,1,1,0E-26,0E-26,0,0,0,0,0,0,0,0,0,0,0,0,0,0,0,0,0,0,0,0,0,0,2,2,0,0,2,0,0,0,0,0,0,0,0,0,0,50.0,0.0,50.0,50.0,0.0,50.0,0,0,0,0,0,0,0.0,0.0,0.0
93,0.0,20,20,0.20,0.0,historical,19.99885496781109438821134354,0.20,0.2325,normal,0,1,0,0,,False,0,0.00,159.9893688464058409210119060,0.00114503218890561178865645,159.9882238142169353092232495,179.9882238142169353092232495,179.9882238142169353092232495,1.0,1,79.99453733359462904203806857,0,19.99885496781109438821134355,0,0,0,0,0,0,0,0,0,0,0,0,0,0,0,0,0,0,0,0,179.9882238142169353092232496,0E-27,4E-25,159.9893688464058409210119056,159.9893688464058409210119056,0E-26,0E-27,0.0,20.00,0,0E-27,1740.010631153594159078988093,0,20,20,159.9882238142169353092232495,19.99885496781109438821134355,179.9882238142169353092232495,159.9893688464058409210119060,-19.9988549678110943882113435,1740.010631153594159078988093,0E-27,0,19.99885496781109438821134355,0,20,19.99885496781109438821134355,179.9882238142169353092232495,159.9882238142169353092232495,0,199.9870787820280296974345930,6,True,19.99885496781109438821134355,8.399541987124437755284537418,0,328.3771346477472139855196928,319.9775926606227762302351554,1740.010631153594159078988093,79.99453733359462904203806897,79.99453733359462904203806857,0E-16,79.99453733359462904203806897,0E-26,0,0,0,0,0,159.9893688464058409210119060,179.9882238142169353092232495,179.9882238142169353092232495,179.9882238142169353092232495,0,False,179.9882238142169353092232495,179.9882238142169353092232495,False,179.9882238142169353092232495,0.0,0.00114503218890561178865645,0,0,99.99483151281121187897383708,79.99483151281121187897383708,47.99689890768672712738430225,31.99793260512448475158953483,47.99689890768672712738430225,31.99793260512448475158953483,79.99541987124437755284537417,0,0,0,79.99541987124437755284537417,1.000000000000000000000000000,0E-34,0.079998634240140025949482654,0.0,0.0,0.0,0.0,0.0,0.0,0.0,0.0,0,0,0,2,6.65600000000,0.0,0.0,39.99726866679731452101903428,0.0,0.0,0.0,0.0,0.0,0,0,4E-25,0,0,0,0,0,0,0,0E-8,0E-8,0,0,0,0,0,0,0,0,0.0,0,0,0,0,0,0,0,0,0,0,0,0,0,0,0,0,0,0,0,0,0,0,0,False,0,0,0,0,0,0,0,0,0,0,0,0,0,0,0,0,0,0,0E-26,0E-27,0,0,0,0,0,0,False,0,0,0,0,0,0,0,0,0,0,0,0,0,0,0,0,0,0,0,0,0,0,0,0,0,0,0,0,0,0,0,0,0,0,0,0,0,0,0,0,2,0,0,79.99453733359462904203806857,0,0,0,79.99453733359462904203806857,6.65600000000,0.0,0.0,39.99726866679731452101903428,0,0,0,0,0,0,0,0,0,0,0,0,89.9941119071084676546116246,0E-26,0E-26,89.9941119071084676546116246,0,0,0,0,0,0,0.45,0,0,0,0,0,0,0,0,0,0,1720.010631153594159078988094,1720.010631153594159078988097,19.99885496781109438821134355,0.0,0.0,0.0,yield_seeking,0.1578947368421052631578947368,0.1578947363740614498196903258,-0.0004736842091221843494590709774,0,0,0,0,0,0,0,0,0,0,0,0,0,0,0,0,0,0,0,0,0,0,0,0,0,0,0,0,0,0,0,0,0,0,0,0,0,0,0.0,0.0,0.0,0.0,0.0,0.0,0.0,0.0,0.0,0.0,0.0,0.0,0,0,0,0,0,0,0,0,0,0,0,0,0,0,0,0,0,0,0,0,0,0,0,0,0,0,0,0,0,0,0,0,0,0,0,0E-26,0E-26,2,2,0,0,0,0,1,1,0E-26,0E-26,0,0,1,1,0E-26,0E-26,0,0,0,0,0,0,0,0,0,0,0,0,0,0,0,0,0,0,0,0,0,0,2,2,0,0,2,0,0,0,0,0,0,0,0,0,0,50.0,0.0,50.0,50.0,0.0,50.0,0,0,0,0,0,0,0.0,0.0,0.0
94,0.0,20,20,0.20,0.0,historical,19.99896630256224237579476742,0.20,0.2350,normal,0,1,0,0,,False,0,0.00,159.9904025438435985452171386,0.00103369743775762420523258,159.9893688464058409210119060,179.9893688464058409210119060,179.9893688464058409210119060,1.0,1,79.99506848425636522649446896,0,19.99896630256224237579476742,0,0,0,0,0,0,0,0,0,0,0,0,0,0,0,0,0,0,0,0,179.9893688464058409210119060,0E-26,4E-25,159.9904025438435985452171382,159.9904025438435985452171382,0E-26,0E-27,0.0,20.00,0,0E-26,1760.009597456156401454782860,0,20,20,159.9893688464058409210119060,19.99896630256224237579476742,179.9893688464058409210119060,159.9904025438435985452171386,-19.9989663025622423757947674,1760.009597456156401454782860,0E-26,0,19.99896630256224237579476742,0,20,19.99896630256224237579476742,179.9893688464058409210119060,159.9893688464058409210119060,0,199.9883351489680832968066734,6,True,19.99896630256224237579476742,11.59937978153734542547686045,0,331.5791511717867848917059051,319.9797713902494394662290446,1760.009597456156401454782860,79.99506848425636522649446936,79.99506848425636522649446896,0E-16,79.99506848425636522649446936,0E-26,0,0,0,0,0,159.9904025438435985452171386,179.9893688464058409210119060,179.9893688464058409210119060,179.9893688464058409210119060,0,False,179.9893688464058409210119060,179.9893688464058409210119060,False,179.9893688464058409210119060,0.0,0.00103369743775762420523258,0,0,99.99533405958723331872266923,79.99533405958723331872266923,47.99720043575233999123360154,31.99813362383489332748906769,47.99720043575233999123360154,31.99813362383489332748906769,79.99586521024896950317906966,0,0,0,79.99586521024896950317906966,1.000000000000000000000000000,0E-34,0.079998767045059882576873651,0.0,0.0,0.0,0.0,0.0,0.0,0.0,0.0,0,0,0,2,6.65600000000,0.0,0.0,39.99753424212818261324723448,0.0,0.0,0.0,0.0,0.0,0,0,4E-25,0,0,0,0,0,0,0,0E-8,0E-8,0,0,0,0,0,0,0,0,0.0,0,0,0,0,0,0,0,0,0,0,0,0,0,0,0,0,0,0,0,0,0,0,0,False,0,0,0,0,0,0,0,0,0,0,0,0,0,0,0,0,0,0,0E-26,0E-26,0,0,0,0,0,0,False,0,0,0,0,0,0,0,0,0,0,0,0,0,0,0,0,0,0,0,0,0,0,0,0,0,0,0,0,0,0,0,0,0,0,0,0,0,0,0,0,2,0,0,79.99506848425636522649446896,0,0,0,79.99506848425636522649446896,6.65600000000,0.0,0.0,39.99753424212818261324723448,0,0,0,0,0,0,0,0,0,0,0,0,89.9946844232029204605059528,0E-26,0E-26,89.9946844232029204605059528,0,0,0,0,0,0,0.45,0,0,0,0,0,0,0,0,0,0,1740.009597456156401454782862,1740.009597456156401454782864,19.99896630256224237579476742,0.0,0.0,0.0,yield_seeking,0.1578947368421052631578947368,0.1578947364676702124873312080,-0.0004736842094030106374619936240,0,0,0,0,0,0,0,0,0,0,0,0,0,0,0,0,0,0,0,0,0,0,0,0,0,0,0,0,0,0,0,0,0,0,0,0,0,0,0.0,0.0,0.0,0.0,0.0,0.0,0.0,0.0,0.0,0.0,0.0,0.0,0,0,0,0,0,0,0,0,0,0,0,0,0,0,0,0,0,0,0,0,0,0,0,0,0,0,0,0,0,0,0,0,0,0,0,0E-26,0E-26,2,2,0,0,0,0,1,1,0E-26,0E-26,0,0,1,1,0E-26,0E-26,0,0,0,0,0,0,0,0,0,0,0,0,0,0,0,0,0,0,0,0,0,0,2,2,0,0,2,0,0,0,0,0,0,0,0,0,0,50.0,0.0,50.0,50.0,0.0,50.0,0,0,0,0,0,0,0.0,0.0,0.0
95,0.0,20,20,0.20,0.0,historical,19.99906681191744666374453385,0.20,0.2375,normal,0,1,0,0,,False,0,0.00,159.9913357319261518814726048,0.00093318808255333625546615,159.9904025438435985452171386,179.9904025438435985452171386,179.9904025438435985452171386,1.0,1,79.99554798962173379788793556,0,19.99906681191744666374453385,0,0,0,0,0,0,0,0,0,0,0,0,0,0,0,0,0,0,0,0,179.9904025438435985452171386,0E-26,5E-25,159.9913357319261518814726043,159.9913357319261518814726043,0E-26,0E-27,0.0,20.00,0,0E-26,1780.008664268073848118527394,0,20,20,159.9904025438435985452171386,19.99906681191744666374453385,179.9904025438435985452171386,159.9913357319261518814726048,-19.9990668119174466637445338,1780.008664268073848118527394,0E-26,0,19.99906681191744666374453385,0,20,19.99906681191744666374453385,179.9904025438435985452171386,159.9904025438435985452171386,0,199.9894693557610452089616724,6,True,19.99906681191744666374453385,11.59944008715046799824672031,0,331.5811783629202184249364636,319.9817382757697504266897433,1780.008664268073848118527394,79.99554798962173379788793606,79.99554798962173379788793556,0E-16,79.99554798962173379788793606,0E-26,0,0,0,0,0,159.9913357319261518814726048,179.9904025438435985452171386,179.9904025438435985452171386,179.9904025438435985452171386,0,False,179.9904025438435985452171386,179.9904025438435985452171386,False,179.9904025438435985452171386,0.0,0.00093318808255333625546615,0,0,99.99578774230441808358466881,79.99578774230441808358466881,47.99747264538265085015080128,31.99831509692176723343386753,47.99747264538265085015080128,31.99831509692176723343386753,79.99626724766978665497813538,0,0,0,79.99626724766978665497813538,1.000000000000000000000000000,0E-34,0.079998886935463247583209290,0.0,0.0,0.0,0.0,0.0,0.0,0.0,0.0,0,0,0,2,6.65600000000,0.0,0.0,39.99777399481086689894396778,0.0,0.0,0.0,0.0,0.0,0,0,5E-25,0,0,0,0,0,0,0,0E-8,0E-8,0,0,0,0,0,0,0,1,0.0,0,0,0,0,0,0,0,0,0,0,0,0,0,0,0,0,0,0,0,0,0,0,0,False,0,0,0,0,0,0,0,0,0,0,0,0,0,0,0,0,0,0,0E-26,0E-26,0,0,0,0,0,0,False,0,0,0,0,0,0,0,0,0,0,0,0,0,0,0,0,0,0,0,0,0,0,0,0,0,0,0,0,0,0,0,0,0,0,0,0,0,0,0,0,2,0,0,79.99554798962173379788793556,0,0,0,79.99554798962173379788793556,6.65600000000,0.0,0.0,39.99777399481086689894396778,0,0,0,0,0,0,0,0,0,0,0,0,89.9952012719217992726085691,0E-26,0E-26,89.9952012719217992726085691,0,0,0,0,0,0,0.45,0,0,0,0,0,0,0,0,0,0,1760.008664268073848118527395,1760.008664268073848118527398,19.99906681191744666374453385,0.0,0.0,0.0,yield_seeking,0.1578947368421052631578947368,0.1578947365425572226214439138,-0.0004736842096276716678643317414,0,0,0,0,0,0,0,0,0,0,0,0,0,0,0,0,0,0,0,0,0,0,0,0,0,0,0,0,0,0,0,0,0,0,0,0,0,0,0.0,0.0,0.0,0.0,0.0,0.0,0.0,0.0,0.0,0.0,0.0,0.0,0,0,0,0,0,0,0,0,0,0,0,0,0,0,0,0,0,0,0,0,0,0,0,0,0,0,0,0,0,0,0,0,0,0,0,0E-26,0E-26,2,2,0,0,0,0,1,1,0E-26,0E-26,0,0,1,1,0E-26,0E-26,0,0,0,0,0,0,0,0,0,0,0,0,0,0,0,0,0,0,0,0,0,0,2,2,0,0,2,0,0,0,0,0,0,0,0,0,0,50.0,0.0,50.0,50.0,0.0,50.0,0,0,0,0,0,0,0.0,0.0,0.0
96,0.0,20,20,0.20,0.0,historical,19.99915754846088361671693376,0.20,0.2400,normal,0,1,0,0,,False,0,0.00,159.9921781834652682647556710,0.00084245153911638328306623,159.9913357319261518814726048,179.9913357319261518814726048,179.9913357319261518814726048,1.0,1,79.99598087131045406547985538,0,19.99915754846088361671693377,0,0,0,0,0,0,0,0,0,0,0,0,0,0,0,0,0,0,0,0,179.9913357319261518814726048,0E-27,4E-25,159.9921781834652682647556706,159.9921781834652682647556706,0E-26,0E-27,0.0,20.00,0,0E-27,1800.007821816534731735244328,0,20,20,159.9913357319261518814726048,19.99915754846088361671693377,179.9913357319261518814726048,159.9921781834652682647556710,-19.9991575484608836167169338,1800.007821816534731735244328,0E-27,0,19.99915754846088361671693377,0,20,19.99915754846088361671693377,179.9913357319261518814726048,159.9913357319261518814726048,0,199.9904932803870354981895386,6,True,19.99915754846088361671693377,8.399663019384353446686773506,0,328.3831769347757735929150494,319.9835139153914201462282758,1800.007821816534731735244328,79.99598087131045406547985578,79.99598087131045406547985538,0E-16,79.99598087131045406547985578,0E-26,0,0,0,0,0,159.9921781834652682647556710,179.9913357319261518814726048,179.9913357319261518814726048,179.9913357319261518814726048,0,False,179.9913357319261518814726048,179.9913357319261518814726048,False,179.9913357319261518814726048,0.0,0.00084245153911638328306623,0,0,99.99619731215481419927581524,79.99619731215481419927581524,47.99771838729288851956548914,31.99847892486192567971032610,47.99771838729288851956548914,31.99847892486192567971032610,79.99663019384353446686773504,0,0,0,79.99663019384353446686773504,1.000000000000000000000000000,0E-34,0.079998995167345716653591149,0.0,0.0,0.0,0.0,0.0,0.0,0.0,0.0,0,0,0,2,6.65600000000,0.0,0.0,39.99799043565522703273992769,0.0,0.0,0.0,0.0,0.0,0,0,4E-25,0,0,0,0,0,0,0,0E-9,0E-9,0,0,0,0,0,0,0,0,0.0,0,0,0,0,0,0,0,0,0,0,0,0,0,0,0,0,0,0,0,0,0,0,0,False,0,0,0,0,0,0,0,0,0,0,0,0,0,0,0,0,0,0,0E-26,0E-27,0,0,0,0,0,0,False,0,0,0,0,0,0,0,0,0,0,0,0,0,0,0,0,0,0,0,0,0,0,0,0,0,0,0,0,0,0,0,0,0,0,0,0,0,0,0,0,2,0,0,79.99598087131045406547985538,0,0,0,79.99598087131045406547985538,6.65600000000,0.0,0.0,39.99799043565522703273992769,0,0,0,0,0,0,0,0,0,0,0,0,89.9956678659630759407363022,0E-26,0E-26,89.9956678659630759407363022,0,0,0,0,0,0,0.45,0,0,0,0,0,0,0,0,0,0,1780.007821816534731735244329,1780.007821816534731735244332,19.99915754846088361671693377,0.0,0.0,0.0,yield_seeking,0.1578947368421052631578947368,0.1578947366024668307287340784,-0.0004736842098074004921862022352,0,0,0,0,0,0,0,0,0,0,0,0,0,0,0,0,0,0,0,0,0,0,0,0,0,0,0,0,0,0,0,0,0,0,0,0,0,0,0.0,0.0,0.0,0.0,0.0,0.0,0.0,0.0,0.0,0.0,0.0,0.0,0,0,0,0,0,0,0,0,0,0,0,0,0,0,0,0,0,0,0,0,0,0,0,0,0,0,0,0,0,0,0,0,0,0,0,0E-26,0E-26,2,2,0,0,0,0,1,1,0E-26,0E-26,0,0,1,1,0E-26,0E-26,0,0,0,0,0,0,0,0,0,0,0,0,0,0,0,0,0,0,0,0,0,0,2,2,0,0,2,0,0,0,0,0,0,0,0,0,0,50.0,0.0,50.0,50.0,0.0,50.0,0,0,0,0,0,0,0.0,0.0,0.0
97,0.0,20,20,0.20,0.0,historical,19.99923946243096283985516305,0.20,0.2425,normal,0,1,0,0,,False,0,0.00,159.9929387210343054249005080,0.00076053756903716014483695,159.9921781834652682647556710,179.9921781834652682647556710,179.9921781834652682647556710,1.0,1,79.99637166267581298305617409,0,19.99923946243096283985516305,0,0,0,0,0,0,0,0,0,0,0,0,0,0,0,0,0,0,0,0,179.9921781834652682647556710,0E-26,4E-25,159.9929387210343054249005076,159.9929387210343054249005076,0E-26,0E-27,0.0,20.00,0,0E-26,1820.007061278965694575099491,0,20,20,159.9921781834652682647556710,19.99923946243096283985516305,179.9921781834652682647556710,159.9929387210343054249005080,-19.9992394624309628398551630,1820.007061278965694575099491,0E-26,0,19.99923946243096283985516305,0,20,19.99923946243096283985516305,179.9921781834652682647556710,159.9921781834652682647556710,0,199.9914176458962311046108340,6,True,19.99923946243096283985516305,11.59954367745857770391309783,0,331.5846605819581513935692768,319.9851169044995736896561790,1820.007061278965694575099491,79.99637166267581298305617449,79.99637166267581298305617409,0E-16,79.99637166267581298305617449,0E-26,0,0,0,0,0,159.9929387210343054249005080,179.9921781834652682647556710,179.9921781834652682647556710,179.9921781834652682647556710,0,False,179.9921781834652682647556710,179.9921781834652682647556710,False,179.9921781834652682647556710,0.0,0.00076053756903716014483695,0,0,99.99656705835849244184433347,79.99656705835849244184433347,47.99794023501509546510660009,31.99862682334339697673773338,47.99794023501509546510660009,31.99862682334339697673773338,79.99695784972385135942065219,0,0,0,79.99695784972385135942065219,1.000000000000000000000000000,0E-34,0.079999092874526988102644301,0.0,0.0,0.0,0.0,0.0,0.0,0.0,0.0,0,0,0,2,6.65600000000,0.0,0.0,39.99818583133790649152808704,0.0,0.0,0.0,0.0,0.0,0,0,4E-25,0,0,0,0,0,0,0,0E-9,0E-9,0,0,0,0,0,0,0,0,0.0,0,0,0,0,0,0,0,0,0,0,0,0,0,0,0,0,0,0,0,0,0,0,0,False,0,0,0,0,0,0,0,0,0,0,0,0,0,0,0,0,0,0,0E-26,0E-26,0,0,0,0,0,0,False,0,0,0,0,0,0,0,0,0,0,0,0,0,0,0,0,0,0,0,0,0,0,0,0,0,0,0,0,0,0,0,0,0,0,0,0,0,0,0,0,2,0,0,79.99637166267581298305617409,0,0,0,79.99637166267581298305617409,6.65600000000,0.0,0.0,39.99818583133790649152808704,0,0,0,0,0,0,0,0,0,0,0,0,89.9960890917326341323778353,0E-26,0E-26,89.9960890917326341323778353,0,0,0,0,0,0,0.45,0,0,0,0,0,0,0,0,0,0,1800.007061278965694575099492,1800.007061278965694575099495,19.99923946243096283985516305,0.0,0.0,0.0,yield_seeking,0.1578947368421052631578947368,0.1578947366503945172145662101,-0.0004736842099511835516436986303,0,0,0,0,0,0,0,0,0,0,0,0,0,0,0,0,0,0,0,0,0,0,0,0,0,0,0,0,0,0,0,0,0,0,0,0,0,0,0.0,0.0,0.0,0.0,0.0,0.0,0.0,0.0,0.0,0.0,0.0,0.0,0,0,0,0,0,0,0,0,0,0,0,0,0,0,0,0,0,0,0,0,0,0,0,0,0,0,0,0,0,0,0,0,0,0,0,0E-26,0E-26,2,2,0,0,0,0,1,1,0E-26,0E-26,0,0,1,1,0E-26,0E-26,0,0,0,0,0,0,0,0,0,0,0,0,0,0,0,0,0,0,0,0,0,0,2,2,0,0,2,0,0,0,0,0,0,0,0,0,0,50.0,0.0,50.0,50.0,0.0,50.0,0,0,0,0,0,0,0.0,0.0,0.0
98,0.0,20,20,0.20,0.0,historical,19.99931341167169848836886669,0.20,0.2450,normal,0,1,0,0,,False,0,0.00,159.9936253093626069365316413,0.00068658832830151163113330,159.9929387210343054249005080,179.9929387210343054249005080,179.9929387210343054249005080,1.0,1,79.99672445628020537122389117,0,19.99931341167169848836886670,0,0,0,0,0,0,0,0,0,0,0,0,0,0,0,0,0,0,0,0,179.9929387210343054249005080,0E-27,4E-25,159.9936253093626069365316409,159.9936253093626069365316409,0E-26,0E-27,0.0,20.00,0,0E-27,1840.006374690637393063468359,0,20,20,159.9929387210343054249005080,19.99931341167169848836886670,179.9929387210343054249005080,159.9936253093626069365316413,-19.9993134116716984883688667,1840.006374690637393063468359,0E-27,0,19.99931341167169848836886670,0,20,19.99931341167169848836886670,179.9929387210343054249005080,159.9929387210343054249005080,0,199.9922521327060039132693747,6,True,19.99931341167169848836886670,8.399725364668679395347546676,0,328.3862893950655917567796959,319.9865640303969123614321493,1840.006374690637393063468359,79.99672445628020537122389157,79.99672445628020537122389117,0E-16,79.99672445628020537122389157,0E-26,0,0,0,0,0,159.9936253093626069365316413,179.9929387210343054249005080,179.9929387210343054249005080,179.9929387210343054249005080,0,False,179.9929387210343054249005080,179.9929387210343054249005080,False,179.9929387210343054249005080,0.0,0.00068658832830151163113330,0,0,99.99690085308240156530774969,79.99690085308240156530774969,47.99814051184944093918464982,31.99876034123296062612309987,47.99814051184944093918464982,31.99876034123296062612309987,79.99725364668679395347546677,0,0,0,79.99725364668679395347546677,1.000000000000000000000000000,0E-34,0.079999181080539970163828921,0.0,0.0,0.0,0.0,0.0,0.0,0.0,0.0,0,0,0,2,6.65600000000,0.0,0.0,39.99836222814010268561194558,0.0,0.0,0.0,0.0,0.0,0,0,4E-25,0,0,0,0,0,0,0,0E-9,0E-9,0,0,0,0,0,0,0,0,0.0,0,0,0,0,0,0,0,0,0,0,0,0,0,0,0,0,0,0,0,0,0,0,0,False,0,0,0,0,0,0,0,0,0,0,0,0,0,0,0,0,0,0,0E-26,0E-27,0,0,0,0,0,0,False,0,0,0,0,0,0,0,0,0,0,0,0,0,0,0,0,0,0,0,0,0,0,0,0,0,0,0,0,0,0,0,0,0,0,0,0,0,0,0,0,2,0,0,79.99672445628020537122389117,0,0,0,79.99672445628020537122389117,6.65600000000,0.0,0.0,39.99836222814010268561194558,0,0,0,0,0,0,0,0,0,0,0,0,89.9964693605171527124502538,0E-26,0E-26,89.9964693605171527124502538,0,0,0,0,0,0,0.45,0,0,0,0,0,0,0,0,0,0,1820.006374690637393063468358,1820.006374690637393063468362,19.99931341167169848836886670,0.0,0.0,0.0,yield_seeking,0.1578947368421052631578947368,0.1578947366887366664032319154,-0.0004736842100662099992096957462,0,0,0,0,0,0,0,0,0,0,0,0,0,0,0,0,0,0,0,0,0,0,0,0,0,0,0,0,0,0,0,0,0,0,0,0,0,0,0.0,0.0,0.0,0.0,0.0,0.0,0.0,0.0,0.0,0.0,0.0,0.0,0,0,0,0,0,0,0,0,0,0,0,0,0,0,0,0,0,0,0,0,0,0,0,0,0,0,0,0,0,0,0,0,0,0,0,0E-26,0E-26,2,2,0,0,0,0,1,1,0E-26,0E-26,0,0,1,1,0E-26,0E-26,0,0,0,0,0,0,0,0,0,0,0,0,0,0,0,0,0,0,0,0,0,0,2,2,0,0,2,0,0,0,0,0,0,0,0,0,0,50.0,0.0,50.0,50.0,0.0,50.0,0,0,0,0,0,0,0.0,0.0,0.0
99,0.0,20,20,0.20,0.0,historical,19.99938017061648031306154994,0.20,0.2475,normal,0,1,0,0,,False,0,0.00,159.9942451387461266234700914,0.00061982938351968693845007,159.9936253093626069365316413,179.9936253093626069365316413,179.9936253093626069365316413,1.0,1,79.99704294675449172363281456,0,19.99938017061648031306154993,0,0,0,0,0,0,0,0,0,0,0,0,0,0,0,0,0,0,0,0,179.9936253093626069365316413,0E-26,5E-25,159.9942451387461266234700909,159.9942451387461266234700909,0E-26,0E-27,0.0,20.00,0,0E-26,1860.005754861253873376529909,0,20,20,159.9936253093626069365316413,19.99938017061648031306154993,179.9936253093626069365316413,159.9942451387461266234700914,-19.9993801706164803130615499,1860.005754861253873376529909,0E-26,0,19.99938017061648031306154993,0,20,19.99938017061648031306154993,179.9936253093626069365316413,159.9936253093626069365316413,0,199.9930054799790872495931912,6,True,19.99938017061648031306154993,11.59962810236988818783692996,0,331.5874985504786217478386626,319.9878704481087335600017326,1860.005754861253873376529909,79.99704294675449172363281506,79.99704294675449172363281456,0E-16,79.99704294675449172363281506,0E-26,0,0,0,0,0,159.9942451387461266234700914,179.9936253093626069365316413,179.9936253093626069365316413,179.9936253093626069365316413,0,False,179.9936253093626069365316413,179.9936253093626069365316413,False,179.9936253093626069365316413,0.0,0.00061982938351968693845007,0,0,99.99720219199163489983727633,79.99720219199163489983727633,47.99832131519498093990236579,31.99888087679665395993491054,47.99832131519498093990236579,31.99888087679665395993491054,79.99752068246592125224619976,0,0,0,79.99752068246592125224619976,1.000000000000000000000000000,0E-34,0.079999260709362100678733611,0.0,0.0,0.0,0.0,0.0,0.0,0.0,0.0,0,0,0,2,6.65600000000,0.0,0.0,39.99852147337724586181640728,0.0,0.0,0.0,0.0,0.0,0,0,5E-25,0,0,0,0,0,0,0,0E-9,0E-9,0,0,0,0,0,0,0,0,0.0,0,0,0,0,0,0,0,0,0,0,0,0,0,0,0,0,0,0,0,0,0,0,0,False,0,0,0,0,0,0,0,0,0,0,0,0,0,0,0,0,0,0,0E-26,0E-26,0,0,0,0,0,0,False,0,0,0,0,0,0,0,0,0,0,0,0,0,0,0,0,0,0,0,0,0,0,0,0,0,0,0,0,0,0,0,0,0,0,0,0,0,0,0,0,2,0,0,79.99704294675449172363281456,0,0,0,79.99704294675449172363281456,6.65600000000,0.0,0.0,39.99852147337724586181640728,0,0,0,0,0,0,0,0,0,0,0,0,89.9968126546813034682658204,0E-26,0E-26,89.9968126546813034682658204,0,0,0,0,0,0,0.45,0,0,0,0,0,0,0,0,0,0,1840.005754861253873376529908,1840.005754861253873376529912,19.99938017061648031306154993,0.0,0.0,0.0,yield_seeking,0.1578947368421052631578947368,0.1578947367194103857541644797,-0.0004736842101582311572624934391,0,0,0,0,0,0,0,0,0,0,0,0,0,0,0,0,0,0,0,0,0,0,0,0,0,0,0,0,0,0,0,0,0,0,0,0,0,0,0.0,0.0,0.0,0.0,0.0,0.0,0.0,0.0,0.0,0.0,0.0,0.0,0,0,0,0,0,0,0,0,0,0,0,0,0,0,0,0,0,0,0,0,0,0,0,0,0,0,0,0,0,0,0,0,0,0,0,0E-26,0E-26,2,2,0,0,0,0,1,1,0E-26,0E-26,0,0,1,1,0E-26,0E-26,0,0,0,0,0,0,0,0,0,0,0,0,0,0,0,0,0,0,0,0,0,0,2,2,0,0,2,0,0,0,0,0,0,0,0,0,0,50.0,0.0,50.0,50.0,0.0,50.0,0,0,0,0,0,0,0.0,0.0,0.0
100,0.0,20,20,0.20,0.0,historical,19.99944043839832697996745527,0.20,0.2500,normal,0,1,0,0,,False,0,0.00,159.9948047003477996435026361,0.00055956160167302003254473,159.9942451387461266234700914,179.9942451387461266234700914,179.9942451387461266234700914,1.0,1,79.99733046949001820212761712,0,19.99944043839832697996745527,0,0,0,0,0,0,0,0,0,0,0,0,0,0,0,0,0,0,0,0,179.9942451387461266234700914,0E-27,5E-25,159.9948047003477996435026356,159.9948047003477996435026356,0E-26,0E-27,0.0,20.00,0,0E-27,1880.005195299652200356497364,0,20,20,159.9942451387461266234700914,19.99944043839832697996745527,179.9942451387461266234700914,159.9948047003477996435026361,-19.9994404383983269799674553,1880.005195299652200356497364,0E-27,0,19.99944043839832697996745527,0,20,19.99944043839832697996745527,179.9942451387461266234700914,159.9942451387461266234700914,0,199.9936855771444536034375467,6,True,19.99944043839832697996745527,8.399776175359330791986982108,0,328.3888260144532570589597096,319.9890498390939262669727275,1880.005195299652200356497364,79.99733046949001820212761762,79.99733046949001820212761712,0E-16,79.99733046949001820212761762,0E-26,0,0,0,0,0,159.9948047003477996435026361,179.9942451387461266234700914,179.9942451387461266234700914,179.9942451387461266234700914,0,False,179.9942451387461266234700914,179.9942451387461266234700914,False,179.9942451387461266234700914,0.0,0.00055956160167302003254473,0,0,99.99747423085778144137501846,79.99747423085778144137501846,47.99848453851466886482501108,31.99898969234311257655000738,47.99848453851466886482501108,31.99898969234311257655000738,79.99776175359330791986982106,0,0,0,79.99776175359330791986982106,1.000000000000000000000000000,0E-34,0.079999332595101782821757016,0.0,0.0,0.0,0.0,0.0,0.0,0.0,0.0,0,0,0,2,6.65600000000,0.0,0.0,39.99866523474500910106380856,0.0,0.0,0.0,0.0,0.0,0,0,5E-25,0,0,0,0,0,0,0,0E-9,0E-9,0,0,0,0,0,0,0,0,0.0,0,0,0,0,0,0,0,0,0,0,0,0,0,0,0,0,0,0,0,0,0,0,0,False,0,0,0,0,0,0,0,0,0,0,0,0,0,0,0,0,0,0,0E-26,0E-27,0,0,0,0,0,0,False,0,0,0,0,0,0,0,0,0,0,0,0,0,0,0,0,0,0,0,0,0,0,0,0,0,0,0,0,0,0,0,0,0,0,0,0,0,0,0,0,2,0,0,79.99733046949001820212761712,0,0,0,79.99733046949001820212761712,6.65600000000,0.0,0.0,39.99866523474500910106380856,0,0,0,0,0,0,0,0,0,0,0,0,89.9971225693730633117350454,0E-26,0E-26,89.9971225693730633117350454,0,0,0,0,0,0,0.45,0,0,0,0,0,0,0,0,0,0,1860.005195299652200356497364,1860.005195299652200356497367,19.99944043839832697996745527,0.0,0.0,0.0,yield_seeking,0.1578947368421052631578947368,0.1578947367439493612349105311,-0.0004736842102318480837047315933,0,0,0,0,0,0,0,0,0,0,0,0,0,0,0,0,0,0,0,0,0,0,0,0,0,0,0,0,0,0,0,0,0,0,0,0,0,0,0.0,0.0,0.0,0.0,0.0,0.0,0.0,0.0,0.0,0.0,0.0,0.0,0,0,0,0,0,0,0,0,0,0,0,0,0,0,0,0,0,0,0,0,0,0,0,0,0,0,0,0,0,0,0,0,0,0,0,0E-26,0E-26,2,2,0,0,0,0,1,1,0E-26,0E-26,0,0,1,1,0E-26,0E-26,0,0,0,0,0,0,0,0,0,0,0,0,0,0,0,0,0,0,0,0,0,0,2,2,0,0,2,0,0,0,0,0,0,0,0,0,0,50.0,0.0,50.0,50.0,0.0,50.0,0,0,0,0,0,0,0.0,0.0,0.0
101,0.0,20,20,0.20,0.0,historical,19.99949484617155628827500369,0.20,0.2525,normal,0,1,0,0,,False,0,0.00,159.9953098541762433552276324,0.00050515382844371172499630,159.9948047003477996435026361,179.9948047003477996435026361,179.9948047003477996435026361,1.0,1,79.99759003556850098251657614,0,19.99949484617155628827500370,0,0,0,0,0,0,0,0,0,0,0,0,0,0,0,0,0,0,0,0,179.9948047003477996435026361,0E-27,5E-25,159.9953098541762433552276319,159.9953098541762433552276319,0E-26,0E-27,0.0,20.00,0,0E-27,1900.004690145823756644772367,0,20,20,159.9948047003477996435026361,19.99949484617155628827500370,179.9948047003477996435026361,159.9953098541762433552276324,-19.9994948461715562882750037,1900.004690145823756644772367,0E-27,0,19.99949484617155628827500370,0,20,19.99949484617155628827500370,179.9948047003477996435026361,159.9948047003477996435026361,0,199.9942995465193559317776398,6,True,19.99949484617155628827500370,8.399797938468622515310001476,0,328.3899124929926655140402700,319.9901145545240429987302685,1900.004690145823756644772367,79.99759003556850098251657664,79.99759003556850098251657614,0E-16,79.99759003556850098251657664,0E-26,0,0,0,0,0,159.9953098541762433552276324,179.9948047003477996435026361,179.9948047003477996435026361,179.9948047003477996435026361,0,False,179.9948047003477996435026361,179.9948047003477996435026361,False,179.9948047003477996435026361,0.0,0.00050515382844371172499630,0,0,99.99771981860774237271105570,79.99771981860774237271105570,47.99863189116464542362663342,31.99908792744309694908442228,47.99863189116464542362663342,31.99908792744309694908442228,79.99797938468622515310001476,0,0,0,79.99797938468622515310001476,1.000000000000000000000000000,0E-34,0.079999397490741801721795761,0.0,0.0,0.0,0.0,0.0,0.0,0.0,0.0,0,0,0,2,6.65600000000,0.0,0.0,39.99879501778425049125828807,0.0,0.0,0.0,0.0,0.0,0,0,5E-25,0,0,0,0,0,0,0,0E-9,0E-9,0,0,0,0,0,0,0,0,0.0,0,0,0,0,0,0,0,0,0,0,0,0,0,0,0,0,0,0,0,0,0,0,0,False,0,0,0,0,0,0,0,0,0,0,0,0,0,0,0,0,0,0,0E-26,0E-27,0,0,0,0,0,0,False,0,0,0,0,0,0,0,0,0,0,0,0,0,0,0,0,0,0,0,0,0,0,0,0,0,0,0,0,0,0,0,0,0,0,0,0,0,0,0,0,2,0,0,79.99759003556850098251657614,0,0,0,79.99759003556850098251657614,6.65600000000,0.0,0.0,39.99879501778425049125828807,0,0,0,0,0,0,0,0,0,0,0,0,89.99740235017389982175131775,0E-26,0E-26,89.99740235017389982175131775,0,0,0,0,0,0,0.45,0,0,0,0,0,0,0,0,0,0,1880.004690145823756644772367,1880.004690145823756644772371,19.99949484617155628827500370,0.0,0.0,0.0,yield_seeking,0.1578947368421052631578947368,0.1578947367635805416195073722,-0.0004736842102907416248585221166,0,0,0,0,0,0,0,0,0,0,0,0,0,0,0,0,0,0,0,0,0,0,0,0,0,0,0,0,0,0,0,0,0,0,0,0,0,0,0.0,0.0,0.0,0.0,0.0,0.0,0.0,0.0,0.0,0.0,0.0,0.0,0,0,0,0,0,0,0,0,0,0,0,0,0,0,0,0,0,0,0,0,0,0,0,0,0,0,0,0,0,0,0,0,0,0,0,0E-26,0E-26,2,2,0,0,0,0,1,1,0E-26,0E-26,0,0,1,1,0E-26,0E-26,0,0,0,0,0,0,0,0,0,0,0,0,0,0,0,0,0,0,0,0,0,0,2,2,0,0,2,0,0,0,0,0,0,0,0,0,0,50.0,0.0,50.0,50.0,0.0,50.0,0,0,0,0,0,0,0.0,0.0,0.0
102,0.0,20,20,0.20,0.0,historical,19.99954396372154847454221114,0.20,0.2550,normal,0,1,0,0,,False,0,0.00,159.9957658904546948806854213,0.00045603627845152545778886,159.9953098541762433552276324,179.9953098541762433552276324,179.9953098541762433552276324,1.0,1,79.99782436329557814877748352,0,19.99954396372154847454221114,0,0,0,0,0,0,0,0,0,0,0,0,0,0,0,0,0,0,0,0,179.9953098541762433552276324,0E-27,6E-25,159.9957658904546948806854207,159.9957658904546948806854207,0E-26,0E-27,0.0,20.00,0,0E-27,1920.004234109545305119314578,0,20,20,159.9953098541762433552276324,19.99954396372154847454221114,179.9953098541762433552276324,159.9957658904546948806854213,-19.9995439637215484745422111,1920.004234109545305119314578,0E-27,0,19.99954396372154847454221114,0,20,19.99954396372154847454221114,179.9953098541762433552276324,159.9953098541762433552276324,0,199.9948538178977918297698435,6,True,19.99954396372154847454221114,8.399817585488619389816884456,0,328.3908933301195576257299382,319.9910757446309382359130537,1920.004234109545305119314578,79.99782436329557814877748412,79.99782436329557814877748352,0E-16,79.99782436329557814877748412,0E-26,0,0,0,0,0,159.9957658904546948806854213,179.9953098541762433552276324,179.9953098541762433552276324,179.9953098541762433552276324,0,False,179.9953098541762433552276324,179.9953098541762433552276324,False,179.9953098541762433552276324,0.0,0.00045603627845152545778886,0,0,99.99794152715911673190793718,79.99794152715911673190793718,47.99876491629547003914476231,31.99917661086364669276317487,47.99876491629547003914476231,31.99917661086364669276317487,79.99817585488619389816884456,0,0,0,79.99817585488619389816884456,1.000000000000000000000000000,0E-34,0.079999456076031632662260028,0.0,0.0,0.0,0.0,0.0,0.0,0.0,0.0,0,0,0,2,6.65600000000,0.0,0.0,39.99891218164778907438874176,0.0,0.0,0.0,0.0,0.0,0,0,6E-25,0,0,0,0,0,0,0,0E-9,0E-9,0,0,0,0,0,0,0,0,0.0,0,0,0,0,0,0,0,0,0,0,0,0,0,0,0,0,0,0,0,0,0,0,0,False,0,0,0,0,0,0,0,0,0,0,0,0,0,0,0,0,0,0,0E-26,0E-27,0,0,0,0,0,0,False,0,0,0,0,0,0,0,0,0,0,0,0,0,0,0,0,0,0,0,0,0,0,0,0,0,0,0,0,0,0,0,0,0,0,0,0,0,0,0,0,2,0,0,79.99782436329557814877748352,0,0,0,79.99782436329557814877748352,6.65600000000,0.0,0.0,39.99891218164778907438874176,0,0,0,0,0,0,0,0,0,0,0,0,89.9976549270881216776138159,0E-26,0E-26,89.9976549270881216776138159,0,0,0,0,0,0,0.45,0,0,0,0,0,0,0,0,0,0,1900.004234109545305119314579,1900.004234109545305119314582,19.99954396372154847454221114,0.0,0.0,0.0,yield_seeking,0.1578947368421052631578947368,0.1578947367792854859271848451,-0.0004736842103378564577815545353,0,0,0,0,0,0,0,0,0,0,0,0,0,0,0,0,0,0,0,0,0,0,0,0,0,0,0,0,0,0,0,0,0,0,0,0,0,0,0.0,0.0,0.0,0.0,0.0,0.0,0.0,0.0,0.0,0.0,0.0,0.0,0,0,0,0,0,0,0,0,0,0,0,0,0,0,0,0,0,0,0,0,0,0,0,0,0,0,0,0,0,0,0,0,0,0,0,0E-26,0E-26,2,2,0,0,0,0,1,1,0E-26,0E-26,0,0,1,1,0E-26,0E-26,0,0,0,0,0,0,0,0,0,0,0,0,0,0,0,0,0,0,0,0,0,0,2,2,0,0,2,0,0,0,0,0,0,0,0,0,0,50.0,0.0,50.0,50.0,0.0,50.0,0,0,0,0,0,0,0.0,0.0,0.0
103,0.0,20,20,0.20,0.0,historical,19.99958830543182334638158744,0.20,0.2575,normal,0,1,0,0,,False,0,0.00,159.9961775850228715343038339,0.00041169456817665361841257,159.9957658904546948806854213,179.9957658904546948806854213,179.9957658904546948806854213,1.0,1,79.99803590666826424347703003,0,19.99958830543182334638158743,0,0,0,0,0,0,0,0,0,0,0,0,0,0,0,0,0,0,0,0,179.9957658904546948806854213,0E-27,6E-25,159.9961775850228715343038333,159.9961775850228715343038333,0E-26,0E-27,0.0,20.00,0,0E-27,1940.003822414977128465696164,0,20,20,159.9957658904546948806854213,19.99958830543182334638158743,179.9957658904546948806854213,159.9961775850228715343038339,-19.9995883054318233463815874,1940.003822414977128465696164,0E-27,0,19.99958830543182334638158743,0,20,19.99958830543182334638158743,179.9957658904546948806854213,159.9957658904546948806854213,0,199.9953541958865182270670087,6,True,19.99958830543182334638158743,8.399835322172729338552634974,0,328.3917787976502957535418901,319.9919434754775664149892552,1940.003822414977128465696164,79.99803590666826424347703063,79.99803590666826424347703003,0E-16,79.99803590666826424347703063,0E-26,0,0,0,0,0,159.9961775850228715343038339,179.9957658904546948806854213,179.9957658904546948806854213,179.9957658904546948806854213,0,False,179.9957658904546948806854213,179.9957658904546948806854213,False,179.9957658904546948806854213,0.0,0.00041169456817665361841257,0,0,99.99814167835460729082680326,79.99814167835460729082680326,47.99888500701276437449608196,31.99925667134184291633072130,47.99888500701276437449608196,31.99925667134184291633072130,79.99835322172729338552634975,0,0,0,79.99835322172729338552634975,1.000000000000000000000000000,0E-34,0.079999508964611574410207202,0.0,0.0,0.0,0.0,0.0,0.0,0.0,0.0,0,0,0,2,6.65600000000,0.0,0.0,39.99901795333413212173851502,0.0,0.0,0.0,0.0,0.0,0,0,6E-25,0,0,0,0,0,0,0,0E-9,0E-9,0,0,0,0,0,0,0,0,0.0,0,0,0,0,0,0,0,0,0,0,0,0,0,0,0,0,0,0,0,0,0,0,0,False,0,0,0,0,0,0,0,0,0,0,0,0,0,0,0,0,0,0,0E-26,0E-27,0,0,0,0,0,0,False,0,0,0,0,0,0,0,0,0,0,0,0,0,0,0,0,0,0,0,0,0,0,0,0,0,0,0,0,0,0,0,0,0,0,0,0,0,0,0,0,2,0,0,79.99803590666826424347703003,0,0,0,79.99803590666826424347703003,6.65600000000,0.0,0.0,39.99901795333413212173851502,0,0,0,0,0,0,0,0,0,0,0,0,89.99788294522734744034271035,0E-26,0E-26,89.99788294522734744034271035,0,0,0,0,0,0,0.45,0,0,0,0,0,0,0,0,0,0,1920.003822414977128465696166,1920.003822414977128465696169,19.99958830543182334638158743,0.0,0.0,0.0,yield_seeking,0.1578947368421052631578947368,0.1578947367918494413733268234,-0.0004736842103755483241199804702,0,0,0,0,0,0,0,0,0,0,0,0,0,0,0,0,0,0,0,0,0,0,0,0,0,0,0,0,0,0,0,0,0,0,0,0,0,0,0.0,0.0,0.0,0.0,0.0,0.0,0.0,0.0,0.0,0.0,0.0,0.0,0,0,0,0,0,0,0,0,0,0,0,0,0,0,0,0,0,0,0,0,0,0,0,0,0,0,0,0,0,0,0,0,0,0,0,0E-26,0E-26,2,2,0,0,0,0,1,1,0E-26,0E-26,0,0,1,1,0E-26,0E-26,0,0,0,0,0,0,0,0,0,0,0,0,0,0,0,0,0,0,0,0,0,0,2,2,0,0,2,0,0,0,0,0,0,0,0,0,0,50.0,0.0,50.0,50.0,0.0,50.0,0,0,0,0,0,0,0.0,0.0,0.0
104,0.0,20,20,0.20,0.0,historical,19.99962833567092145816536065,0.20,0.2600,normal,0,1,0,0,,False,0,0.00,159.9965492493519500761384732,0.00037166432907854183463935,159.9961775850228715343038339,179.9961775850228715343038339,179.9961775850228715343038339,1.0,1,79.99822688107443287915079505,0,19.99962833567092145816536065,0,0,0,0,0,0,0,0,0,0,0,0,0,0,0,0,0,0,0,0,179.9961775850228715343038338,0E-27,6E-25,159.9965492493519500761384726,159.9965492493519500761384726,0E-26,0E-27,0.0,20.00,0,0E-27,1960.003450750648049923861524,0,20,20,159.9961775850228715343038339,19.99962833567092145816536065,179.9961775850228715343038339,159.9965492493519500761384732,-19.9996283356709214581653607,1960.003450750648049923861524,0E-27,0,19.99962833567092145816536065,0,20,19.99962833567092145816536065,179.9961775850228715343038339,159.9961775850228715343038339,0,199.9958059206937929924691946,6,True,19.99962833567092145816536065,8.399851334268368583266144260,0,328.3925781686431901937084514,319.9927268343748216104423072,1960.003450750648049923861524,79.99822688107443287915079565,79.99822688107443287915079505,0E-16,79.99822688107443287915079565,0E-26,0,0,0,0,0,159.9965492493519500761384732,179.9961775850228715343038339,179.9961775850228715343038339,179.9961775850228715343038339,0,False,179.9961775850228715343038339,179.9961775850228715343038339,False,179.9961775850228715343038339,0.0,0.00037166432907854183463935,0,0,99.99832236827751719698767757,79.99832236827751719698767757,47.99899342096651031819260655,31.99932894731100687879507102,47.99899342096651031819260655,31.99932894731100687879507102,79.99851334268368583266144261,0,0,0,79.99851334268368583266144261,1.000000000000000000000000000,0E-34,0.079999556710443544444067788,0.0,0.0,0.0,0.0,0.0,0.0,0.0,0.0,0,0,0,2,6.65600000000,0.0,0.0,39.99911344053721643957539752,0.0,0.0,0.0,0.0,0.0,0,0,6E-25,0,0,0,0,0,0,0,0E-9,0E-9,0,0,0,0,0,0,0,0,0.0,0,0,0,0,0,0,0,0,0,0,0,0,0,0,0,0,0,0,0,0,0,0,0,False,0,0,0,0,0,0,0,0,0,0,0,0,0,0,0,0,0,0,0E-26,0E-27,0,0,0,0,0,0,False,0,0,0,0,0,0,0,0,0,0,0,0,0,0,0,0,0,0,0,0,0,0,0,0,0,0,0,0,0,0,0,0,0,0,0,0,0,0,0,0,2,0,0,79.99822688107443287915079505,0,0,0,79.99822688107443287915079505,6.65600000000,0.0,0.0,39.99911344053721643957539752,0,0,0,0,0,0,0,0,0,0,0,0,89.99808879251143576715191665,0E-26,0E-26,89.99808879251143576715191665,0,0,0,0,0,0,0.45,0,0,0,0,0,0,0,0,0,0,1940.003450750648049923861526,1940.003450750648049923861530,19.99962833567092145816536065,0.0,0.0,0.0,yield_seeking,0.1578947368421052631578947368,0.1578947368019006057302404061,-0.0004736842104057018171907212183,0,0,0,0,0,0,0,0,0,0,0,0,0,0,0,0,0,0,0,0,0,0,0,0,0,0,0,0,0,0,0,0,0,0,0,0,0,0,0.0,0.0,0.0,0.0,0.0,0.0,0.0,0.0,0.0,0.0,0.0,0.0,0,0,0,0,0,0,0,0,0,0,0,0,0,0,0,0,0,0,0,0,0,0,0,0,0,0,0,0,0,0,0,0,0,0,0,0E-26,0E-26,2,2,0,0,0,0,1,1,0E-26,0E-26,0,0,1,1,0E-26,0E-26,0,0,0,0,0,0,0,0,0,0,0,0,0,0,0,0,0,0,0,0,0,0,2,2,0,0,2,0,0,0,0,0,0,0,0,0,0,50.0,0.0,50.0,50.0,0.0,50.0,0,0,0,0,0,0,0.0,0.0,0.0
105,0.0,20,20,0.20,0.0,historical,19.99966447365550343939753551,0.20,0.2625,normal,0,1,0,0,,False,0,0.00,159.9968847756964466367409377,0.00033552634449656060246449,159.9965492493519500761384732,179.9965492493519500761384732,179.9965492493519500761384732,1.0,1,79.99839928649346523052653386,0,19.99966447365550343939753551,0,0,0,0,0,0,0,0,0,0,0,0,0,0,0,0,0,0,0,0,179.9965492493519500761384732,0E-27,6E-25,159.9968847756964466367409371,159.9968847756964466367409371,0E-26,0E-27,0.0,20.00,0,0E-27,1980.003115224303553363259058,0,20,20,159.9965492493519500761384732,19.99966447365550343939753551,179.9965492493519500761384732,159.9968847756964466367409377,-19.9996644736555034393975355,1980.003115224303553363259058,0E-27,0,19.99966447365550343939753551,0,20,19.99966447365550343939753551,179.9965492493519500761384732,159.9965492493519500761384732,0,199.9962137230074535155360087,6,True,19.99966447365550343939753551,8.399865789462201375759014204,0,328.3932998145105980886384251,319.9934340250483967128794109,1980.003115224303553363259058,79.99839928649346523052653446,79.99839928649346523052653386,0E-16,79.99839928649346523052653446,0E-26,0,0,0,0,0,159.9968847756964466367409377,179.9965492493519500761384732,179.9965492493519500761384732,179.9965492493519500761384732,0,False,179.9965492493519500761384732,179.9965492493519500761384732,False,179.9965492493519500761384732,0.0,0.00033552634449656060246449,0,0,99.99848548920298140621440325,79.99848548920298140621440325,47.99909129352178884372864195,31.99939419568119256248576130,47.99909129352178884372864195,31.99939419568119256248576130,79.99865789462201375759014206,0,0,0,79.99865789462201375759014206,1.000000000000000000000000000,0E-34,0.079999599813616069434019622,0.0,0.0,0.0,0.0,0.0,0.0,0.0,0.0,0,0,0,2,6.65600000000,0.0,0.0,39.99919964324673261526326693,0.0,0.0,0.0,0.0,0.0,0,0,6E-25,0,0,0,0,0,0,0,0E-9,0E-9,0,0,0,0,0,0,0,0,0.0,0,0,0,0,0,0,0,0,0,0,0,0,0,0,0,0,0,0,0,0,0,0,0,False,0,0,0,0,0,0,0,0,0,0,0,0,0,0,0,0,0,0,0E-26,0E-27,0,0,0,0,0,0,False,0,0,0,0,0,0,0,0,0,0,0,0,0,0,0,0,0,0,0,0,0,0,0,0,0,0,0,0,0,0,0,0,0,0,0,0,0,0,0,0,2,0,0,79.99839928649346523052653386,0,0,0,79.99839928649346523052653386,6.65600000000,0.0,0.0,39.99919964324673261526326693,0,0,0,0,0,0,0,0,0,0,0,0,89.9982746246759750380692363,0E-26,0E-26,89.9982746246759750380692363,0,0,0,0,0,0,0.45,0,0,0,0,0,0,0,0,0,0,1960.003115224303553363259061,1960.003115224303553363259066,19.99966447365550343939753551,0.0,0.0,0.0,yield_seeking,0.1578947368421052631578947368,0.1578947368099415372157712722,-0.0004736842104298246116473138166,0,0,0,0,0,0,0,0,0,0,0,0,0,0,0,0,0,0,0,0,0,0,0,0,0,0,0,0,0,0,0,0,0,0,0,0,0,0,0.0,0.0,0.0,0.0,0.0,0.0,0.0,0.0,0.0,0.0,0.0,0.0,0,0,0,0,0,0,0,0,0,0,0,0,0,0,0,0,0,0,0,0,0,0,0,0,0,0,0,0,0,0,0,0,0,0,0,0E-26,0E-26,2,2,0,0,0,0,1,1,0E-26,0E-26,0,0,1,1,0E-26,0E-26,0,0,0,0,0,0,0,0,0,0,0,0,0,0,0,0,0,0,0,0,0,0,2,2,0,0,2,0,0,0,0,0,0,0,0,0,0,50.0,0.0,50.0,50.0,0.0,50.0,0,0,0,0,0,0,0.0,0.0,0.0
106,0.0,20,20,0.20,0.0,historical,19.99969709784059628124288065,0.20,0.2650,normal,0,1,0,0,,False,0,0.00,159.9971876778558503554980570,0.00030290215940371875711935,159.9968847756964466367409377,179.9968847756964466367409377,179.9968847756964466367409377,1.0,1,79.99855492844103318830452931,0,19.99969709784059628124288065,0,0,0,0,0,0,0,0,0,0,0,0,0,0,0,0,0,0,0,0,179.9968847756964466367409376,0E-26,6E-25,159.9971876778558503554980564,159.9971876778558503554980564,0E-26,0E-27,0.0,20.00,0,0E-26,2000.002812322144149644501938,0,20,20,159.9968847756964466367409377,19.99969709784059628124288065,179.9968847756964466367409377,159.9971876778558503554980570,-19.9996970978405962812428807,2000.002812322144149644501938,0E-26,0,19.99969709784059628124288065,0,20,19.99969709784059628124288065,179.9968847756964466367409377,159.9968847756964466367409377,0,199.9965818735370429179838184,6,True,19.99969709784059628124288065,11.59981825870435776874572839,0,331.5938907122566547609847232,319.9940724535522969922389948,2000.002812322144149644501938,79.99855492844103318830452991,79.99855492844103318830452931,0E-16,79.99855492844103318830452991,0E-26,0,0,0,0,0,159.9971876778558503554980570,179.9968847756964466367409377,179.9968847756964466367409377,179.9968847756964466367409377,0,False,179.9968847756964466367409377,179.9968847756964466367409377,False,179.9968847756964466367409377,0.0,0.00030290215940371875711935,0,0,99.99863274941481716719352711,79.99863274941481716719352711,47.99917964964889030031611626,31.99945309976592686687741085,47.99917964964889030031611626,31.99945309976592686687741085,79.99878839136238512497152260,0,0,0,79.99878839136238512497152260,1.000000000000000000000000000,0E-34,0.079999638725584416010291421,0.0,0.0,0.0,0.0,0.0,0.0,0.0,0.0,0,0,0,2,6.65600000000,0.0,0.0,39.99927746422051659415226466,0.0,0.0,0.0,0.0,0.0,0,0,6E-25,0,0,0,0,0,0,0,0E-9,0E-9,0,0,0,0,0,0,0,0,0.0,0,0,0,0,0,0,0,0,0,0,0,0,0,0,0,0,0,0,0,0,0,0,0,False,0,0,0,0,0,0,0,0,0,0,0,0,0,0,0,0,0,0,0E-26,0E-26,0,0,0,0,0,0,False,0,0,0,0,0,0,0,0,0,0,0,0,0,0,0,0,0,0,0,0,0,0,0,0,0,0,0,0,0,0,0,0,0,0,0,0,0,0,0,0,2,0,0,79.99855492844103318830452931,0,0,0,79.99855492844103318830452931,6.65600000000,0.0,0.0,39.99927746422051659415226466,0,0,0,0,0,0,0,0,0,0,0,0,89.99844238784822331837046855,0E-26,0E-26,89.99844238784822331837046855,0,0,0,0,0,0,0.45,0,0,0,0,0,0,0,0,0,0,1980.002812322144149644501941,1980.002812322144149644501947,19.99969709784059628124288065,0.0,0.0,0.0,yield_seeking,0.1578947368421052631578947368,0.1578947368163742824041959651,-0.0004736842104491228472125878953,0,0,0,0,0,0,0,0,0,0,0,0,0,0,0,0,0,0,0,0,0,0,0,0,0,0,0,0,0,0,0,0,0,0,0,0,0,0,0.0,0.0,0.0,0.0,0.0,0.0,0.0,0.0,0.0,0.0,0.0,0.0,0,0,0,0,0,0,0,0,0,0,0,0,0,0,0,0,0,0,0,0,0,0,0,0,0,0,0,0,0,0,0,0,0,0,0,0E-26,0E-26,2,2,0,0,0,0,1,1,0E-26,0E-26,0,0,1,1,0E-26,0E-26,0,0,0,0,0,0,0,0,0,0,0,0,0,0,0,0,0,0,0,0,0,0,2,2,0,0,2,0,0,0,0,0,0,0,0,0,0,50.0,0.0,50.0,50.0,0.0,50.0,0,0,0,0,0,0,0.0,0.0,0.0
107,0.0,20,20,0.20,0.0,historical,19.99972654988296343343870542,0.20,0.2675,normal,0,1,0,0,,False,0,0.00,159.9974611279728869220593516,0.00027345011703656656129458,159.9971876778558503554980570,179.9971876778558503554980570,179.9971876778558503554980570,1.0,1,79.99869543687736140648464630,0,19.99972654988296343343870542,0,0,0,0,0,0,0,0,0,0,0,0,0,0,0,0,0,0,0,0,179.9971876778558503554980570,0E-27,5E-25,159.9974611279728869220593511,159.9974611279728869220593511,0E-26,0E-27,0.0,20.00,0,0E-27,2020.002538872027113077940643,0,20,20,159.9971876778558503554980570,19.99972654988296343343870542,179.9971876778558503554980570,159.9974611279728869220593516,-19.9997265498829634334387054,2020.002538872027113077940643,0E-27,0,19.99972654988296343343870542,0,20,19.99972654988296343343870542,179.9971876778558503554980570,159.9971876778558503554980570,0,199.9969142277388137889367624,6,True,19.99972654988296343343870542,8.399890619953185373375482170,0,328.3945394257819226509328908,319.9946488058287372775574086,2020.002538872027113077940643,79.99869543687736140648464680,79.99869543687736140648464630,0E-16,79.99869543687736140648464680,0E-26,0,0,0,0,0,159.9974611279728869220593516,179.9971876778558503554980570,179.9971876778558503554980570,179.9971876778558503554980570,0,False,179.9971876778558503554980570,179.9971876778558503554980570,False,179.9971876778558503554980570,0.0,0.00027345011703656656129458,0,0,99.99876569109552551557470475,79.99876569109552551557470475,47.99925941465731530934482285,31.99950627643821020622988190,47.99925941465731530934482285,31.99950627643821020622988190,79.99890619953185373375482169,0,0,0,79.99890619953185373375482169,1.000000000000000000000000000,0E-34,0.079999673853900863182542147,0.0,0.0,0.0,0.0,0.0,0.0,0.0,0.0,0,0,0,2,6.65600000000,0.0,0.0,39.99934771843868070324232315,0.0,0.0,0.0,0.0,0.0,0,0,5E-25,0,0,0,0,0,0,0,0E-9,0E-9,0,0,0,0,0,0,0,1,0.0,0,0,0,0,0,0,0,0,0,0,0,0,0,0,0,0,0,0,0,0,0,0,0,False,0,0,0,0,0,0,0,0,0,0,0,0,0,0,0,0,0,0,0E-26,0E-27,0,0,0,0,0,0,False,0,0,0,0,0,0,0,0,0,0,0,0,0,0,0,0,0,0,0,0,0,0,0,0,0,0,0,0,0,0,0,0,0,0,0,0,0,0,0,0,2,0,0,79.99869543687736140648464630,0,0,0,79.99869543687736140648464630,6.65600000000,0.0,0.0,39.99934771843868070324232315,0,0,0,0,0,0,0,0,0,0,0,0,89.99859383892792517774902825,0E-26,0E-26,89.99859383892792517774902825,0,0,0,0,0,0,0.45,0,0,0,0,0,0,0,0,0,0,2000.002538872027113077940647,2000.002538872027113077940652,19.99972654988296343343870542,0.0,0.0,0.0,yield_seeking,0.1578947368421052631578947368,0.1578947368215204785549357194,-0.0004736842104645614356648071582,0,0,0,0,0,0,0,0,0,0,0,0,0,0,0,0,0,0,0,0,0,0,0,0,0,0,0,0,0,0,0,0,0,0,0,0,0,0,0.0,0.0,0.0,0.0,0.0,0.0,0.0,0.0,0.0,0.0,0.0,0.0,0,0,0,0,0,0,0,0,0,0,0,0,0,0,0,0,0,0,0,0,0,0,0,0,0,0,0,0,0,0,0,0,0,0,0,0E-26,0E-26,2,2,0,0,0,0,1,1,0E-26,0E-26,0,0,1,1,0E-26,0E-26,0,0,0,0,0,0,0,0,0,0,0,0,0,0,0,0,0,0,0,0,0,0,2,2,0,0,2,0,0,0,0,0,0,0,0,0,0,50.0,0.0,50.0,50.0,0.0,50.0,0,0,0,0,0,0,0.0,0.0,0.0
108,0.0,20,20,0.20,0.0,historical,19.99975313821910510311494095,0.20,0.2700,normal,0,1,0,0,,False,0,0.00,159.9977079897537818189444106,0.00024686178089489688505905,159.9974611279728869220593516,179.9974611279728869220593516,179.9974611279728869220593516,1.0,1,79.99882228327698500887469331,0,19.99975313821910510311494095,0,0,0,0,0,0,0,0,0,0,0,0,0,0,0,0,0,0,0,0,179.9974611279728869220593516,0E-27,5E-25,159.9977079897537818189444101,159.9977079897537818189444101,0E-26,0E-27,0.0,20.00,0,0E-27,2040.002292010246218181055583,0,20,20,159.9974611279728869220593516,19.99975313821910510311494095,179.9974611279728869220593516,159.9977079897537818189444106,-19.9997531382191051031149410,2040.002292010246218181055583,0E-27,0,19.99975313821910510311494095,0,20,19.99975313821910510311494095,179.9974611279728869220593516,159.9974611279728869220593516,0,199.9972142661919920251742926,6,True,19.99975313821910510311494095,8.399901255287642041245976380,0,328.3950703730143107822497386,319.9951691177266687410037622,2040.002292010246218181055583,79.99882228327698500887469381,79.99882228327698500887469331,0E-16,79.99882228327698500887469381,0E-26,0,0,0,0,0,159.9977079897537818189444106,179.9974611279728869220593516,179.9974611279728869220593516,179.9974611279728869220593516,0,False,179.9974611279728869220593516,179.9974611279728869220593516,False,179.9974611279728869220593516,0.0,0.00024686178089489688505905,0,0,99.99888570647679681006971680,79.99888570647679681006971680,47.99933142388607808604183008,31.99955428259071872402788672,47.99933142388607808604183008,31.99955428259071872402788672,79.99901255287642041245976380,0,0,0,79.99901255287642041245976380,1.000000000000000000000000000,0E-34,0.079999705566484755318221798,0.0,0.0,0.0,0.0,0.0,0.0,0.0,0.0,0,0,0,2,6.65600000000,0.0,0.0,39.99941114163849250443734666,0.0,0.0,0.0,0.0,0.0,0,0,5E-25,0,0,0,0,0,0,0,0E-10,0E-10,0,0,0,0,0,0,0,0,0.0,0,0,0,0,0,0,0,0,0,0,0,0,0,0,0,0,0,0,0,0,0,0,0,False,0,0,0,0,0,0,0,0,0,0,0,0,0,0,0,0,0,0,0E-26,0E-27,0,0,0,0,0,0,False,0,0,0,0,0,0,0,0,0,0,0,0,0,0,0,0,0,0,0,0,0,0,0,0,0,0,0,0,0,0,0,0,0,0,0,0,0,0,0,0,2,0,0,79.99882228327698500887469331,0,0,0,79.99882228327698500887469331,6.65600000000,0.0,0.0,39.99941114163849250443734666,0,0,0,0,0,0,0,0,0,0,0,0,89.99873056398644346102967555,0E-26,0E-26,89.99873056398644346102967555,0,0,0,0,0,0,0.45,0,0,0,0,0,0,0,0,0,0,2020.002292010246218181055588,2020.002292010246218181055593,19.99975313821910510311494095,0.0,0.0,0.0,yield_seeking,0.1578947368421052631578947368,0.1578947368256374354755275229,-0.0004736842104769123064265825687,0,0,0,0,0,0,0,0,0,0,0,0,0,0,0,0,0,0,0,0,0,0,0,0,0,0,0,0,0,0,0,0,0,0,0,0,0,0,0.0,0.0,0.0,0.0,0.0,0.0,0.0,0.0,0.0,0.0,0.0,0.0,0,0,0,0,0,0,0,0,0,0,0,0,0,0,0,0,0,0,0,0,0,0,0,0,0,0,0,0,0,0,0,0,0,0,0,0E-26,0E-26,2,2,0,0,0,0,1,1,0E-26,0E-26,0,0,1,1,0E-26,0E-26,0,0,0,0,0,0,0,0,0,0,0,0,0,0,0,0,0,0,0,0,0,0,2,2,0,0,2,0,0,0,0,0,0,0,0,0,0,50.0,0.0,50.0,50.0,0.0,50.0,0,0,0,0,0,0,0.0,0.0,0.0
109,0.0,20,20,0.20,0.0,historical,19.99977714129535936201394336,0.20,0.2725,normal,0,1,0,0,,False,0,0.00,159.9979308484584224569304672,0.00022285870464063798605664,159.9977079897537818189444106,179.9977079897537818189444106,179.9977079897537818189444106,1.0,1,79.99893679603876598454712533,0,19.99977714129535936201394336,0,0,0,0,0,0,0,0,0,0,0,0,0,0,0,0,0,0,0,0,179.9977079897537818189444106,0E-26,4E-25,159.9979308484584224569304668,159.9979308484584224569304668,0E-26,0E-27,0.0,20.00,0,0E-26,2060.002069151541577543069527,0,20,20,159.9977079897537818189444106,19.99977714129535936201394336,179.9977079897537818189444106,159.9979308484584224569304672,-19.9997771412953593620139434,2060.002069151541577543069527,0E-26,0,19.99977714129535936201394336,0,20,19.99977714129535936201394336,179.9977079897537818189444106,159.9977079897537818189444106,0,199.9974851310491411809583540,6,True,19.99977714129535936201394336,11.59986628477721561720836602,0,331.5955051229894198930832439,319.9956388382122042758748779,2060.002069151541577543069527,79.99893679603876598454712573,79.99893679603876598454712533,0E-16,79.99893679603876598454712573,0E-26,0,0,0,0,0,159.9979308484584224569304672,179.9977079897537818189444106,179.9977079897537818189444106,179.9977079897537818189444106,0,False,179.9977079897537818189444106,179.9977079897537818189444106,False,179.9977079897537818189444106,0.0,0.00022285870464063798605664,0,0,99.99899405241965647238334140,79.99899405241965647238334140,47.99939643145179388343000484,31.99959762096786258895333656,47.99939643145179388343000484,31.99959762096786258895333656,79.99910856518143744805577344,0,0,0,79.99910856518143744805577344,1.000000000000000000000000000,0E-34,0.079999734195477136225853264,0.0,0.0,0.0,0.0,0.0,0.0,0.0,0.0,0,0,0,2,6.65600000000,0.0,0.0,39.99946839801938299227356266,0.0,0.0,0.0,0.0,0.0,0,0,4E-25,0,0,0,0,0,0,0,0E-10,0E-10,0,0,0,0,0,0,0,0,0.0,0,0,0,0,0,0,0,0,0,0,0,0,0,0,0,0,0,0,0,0,0,0,0,False,0,0,0,0,0,0,0,0,0,0,0,0,0,0,0,0,0,0,0E-26,0E-26,0,0,0,0,0,0,False,0,0,0,0,0,0,0,0,0,0,0,0,0,0,0,0,0,0,0,0,0,0,0,0,0,0,0,0,0,0,0,0,0,0,0,0,0,0,0,0,2,0,0,79.99893679603876598454712533,0,0,0,79.99893679603876598454712533,6.65600000000,0.0,0.0,39.99946839801938299227356266,0,0,0,0,0,0,0,0,0,0,0,0,89.99885399487689090947220505,0E-26,0E-26,89.99885399487689090947220505,0,0,0,0,0,0,0.45,0,0,0,0,0,0,0,0,0,0,2040.002069151541577543069531,2040.002069151541577543069536,19.99977714129535936201394336,0.0,0.0,0.0,yield_seeking,0.1578947368421052631578947368,0.1578947368289310010120009657,-0.0004736842104867930030360028971,0,0,0,0,0,0,0,0,0,0,0,0,0,0,0,0,0,0,0,0,0,0,0,0,0,0,0,0,0,0,0,0,0,0,0,0,0,0,0.0,0.0,0.0,0.0,0.0,0.0,0.0,0.0,0.0,0.0,0.0,0.0,0,0,0,0,0,0,0,0,0,0,0,0,0,0,0,0,0,0,0,0,0,0,0,0,0,0,0,0,0,0,0,0,0,0,0,0E-26,0E-26,2,2,0,0,0,0,1,1,0E-26,0E-26,0,0,1,1,0E-26,0E-26,0,0,0,0,0,0,0,0,0,0,0,0,0,0,0,0,0,0,0,0,0,0,2,2,0,0,2,0,0,0,0,0,0,0,0,0,0,50.0,0.0,50.0,50.0,0.0,50.0,0,0,0,0,0,0,0.0,0.0,0.0
110,0.0,20,20,0.20,0.0,historical,19.99979881048393129447666828,0.20,0.2750,normal,0,1,0,0,,False,0,0.00,159.9981320379744911624537989,0.00020118951606870552333172,159.9979308484584224569304672,179.9979308484584224569304672,179.9979308484584224569304672,1.0,1,79.99904017439754966189094449,0,19.99979881048393129447666828,0,0,0,0,0,0,0,0,0,0,0,0,0,0,0,0,0,0,0,0,179.9979308484584224569304672,0E-27,4E-25,159.9981320379744911624537985,159.9981320379744911624537985,0E-26,0E-27,0.0,20.00,0,0E-27,2080.001867962025508837546195,0,20,20,159.9979308484584224569304672,19.99979881048393129447666828,179.9979308484584224569304672,159.9981320379744911624537989,-19.9997988104839312944766683,2080.001867962025508837546195,0E-27,0,19.99979881048393129447666828,0,20,19.99979881048393129447666828,179.9979308484584224569304672,159.9979308484584224569304672,0,199.9977296589423537514071355,6,True,19.99979881048393129447666828,8.399919524193572517790667312,0,328.3959824106264861371749334,319.9960628864329136193842661,2080.001867962025508837546195,79.99904017439754966189094489,79.99904017439754966189094449,0E-16,79.99904017439754966189094489,0E-26,0,0,0,0,0,159.9981320379744911624537989,179.9979308484584224569304672,179.9979308484584224569304672,179.9979308484584224569304672,0,False,179.9979308484584224569304672,179.9979308484584224569304672,False,179.9979308484584224569304672,0.0,0.00020118951606870552333173,1E-26,0,99.99909186357694150056285400,79.99909186357694150056285400,47.99945511814616490033771240,31.99963674543077660022514160,47.99945511814616490033771240,31.99963674543077660022514160,79.99919524193572517790667312,0,0,0,79.99919524193572517790667312,1.000000000000000000000000000,0E-34,0.079999760040720399164142474,0.0,0.0,0.0,0.0,0.0,0.0,0.0,0.0,0,0,0,2,6.65600000000,0.0,0.0,39.99952008719877483094547224,0.0,0.0,0.0,0.0,0.0,0,0,4E-25,0,0,0,0,0,0,0,0E-10,0E-10,0,0,0,0,0,0,0,0,0.0,0,0,0,0,0,0,0,0,0,0,0,0,0,0,0,0,0,0,0,0,0,0,0,False,0,0,0,0,0,0,0,0,0,0,0,0,0,0,0,0,0,0,0E-26,0E-27,0,0,0,0,0,0,False,0,0,0,0,0,0,0,0,0,0,0,0,0,0,0,0,0,0,0,0,0,0,0,0,0,0,0,0,0,0,0,0,0,0,0,0,0,0,0,0,2,0,0,79.99904017439754966189094449,0,0,0,79.99904017439754966189094449,6.65600000000,0.0,0.0,39.99952008719877483094547224,0,0,0,0,0,0,0,0,0,0,0,0,89.9989654242292112284652334,0E-26,0E-26,89.9989654242292112284652334,0,0,0,0,0,0,0.45,0,0,0,0,0,0,0,0,0,0,2060.001867962025508837546200,2060.001867962025508837546204,19.99979881048393129447666828,0.0,0.0,0.0,yield_seeking,0.1578947368421052631578947368,0.1578947368315658534411797199,-0.0004736842104946975603235391597,0,0,0,0,0,0,0,0,0,0,0,0,0,0,0,0,0,0,0,0,0,0,0,0,0,0,0,0,0,0,0,0,0,0,0,0,0,0,0.0,0.0,0.0,0.0,0.0,0.0,0.0,0.0,0.0,0.0,0.0,0.0,0,0,0,0,0,0,0,0,0,0,0,0,0,0,0,0,0,0,0,0,0,0,0,0,0,0,0,0,0,0,0,0,0,0,0,0E-26,0E-26,2,2,0,0,0,0,1,1,0E-26,0E-26,0,0,1,1,0E-26,0E-26,0,0,0,0,0,0,0,0,0,0,0,0,0,0,0,0,0,0,0,0,0,0,2,2,0,0,2,0,0,0,0,0,0,0,0,0,0,50.0,0.0,50.0,50.0,0.0,50.0,0,0,0,0,0,0,0.0,0.0,0.0
111,0.0,20,20,0.20,0.0,historical,19.99981837271538830011257080,0.20,0.2775,normal,0,1,0,0,,False,0,0.00,159.9983136652591028623412281,0.00018162728461169988742920,159.9981320379744911624537989,179.9981320379744911624537989,179.9981320379744911624537989,1.0,1,79.99913350098315107731468000,0,19.99981837271538830011257080,0,0,0,0,0,0,0,0,0,0,0,0,0,0,0,0,0,0,0,0,179.9981320379744911624537989,0E-26,4E-25,159.9983136652591028623412277,159.9983136652591028623412277,0E-26,0E-27,0.0,20.00,0,0E-26,2100.001686334740897137658765,0,20,20,159.9981320379744911624537989,19.99981837271538830011257080,179.9981320379744911624537989,159.9983136652591028623412281,-19.9998183727153883001125708,2100.001686334740897137658765,0E-26,0,19.99981837271538830011257080,0,20,19.99981837271538830011257080,179.9981320379744911624537989,159.9981320379744911624537989,0,199.9979504106898794625663697,6,True,19.99981837271538830011257080,11.59989102362923298006754248,0,331.5963367268628270048625695,319.9964457032335940247950270,2100.001686334740897137658765,79.99913350098315107731468040,79.99913350098315107731468000,0E-16,79.99913350098315107731468040,0E-26,0,0,0,0,0,159.9983136652591028623412281,179.9981320379744911624537989,179.9981320379744911624537989,179.9981320379744911624537989,0,False,179.9981320379744911624537989,179.9981320379744911624537989,False,179.9981320379744911624537989,0.0,0.00018162728461169988742920,0,0,99.99918016427595178502654771,79.99918016427595178502654771,47.99950809856557107101592863,31.99967206571038071401061908,47.99950809856557107101592863,31.99967206571038071401061908,79.99927349086155320045028320,0,0,0,79.99927349086155320045028320,1.000000000000000000000000000,0E-35,0.079999783372899448148691024,0.0,0.0,0.0,0.0,0.0,0.0,0.0,0.0,0,0,0,2,6.65600000000,0.0,0.0,39.99956675049157553865734000,0.0,0.0,0.0,0.0,0.0,0,0,4E-25,0,0,0,0,0,0,0,0E-10,0E-10,0,0,0,0,0,0,0,0,0.0,0,0,0,0,0,0,0,0,0,0,0,0,0,0,0,0,0,0,0,0,0,0,0,False,0,0,0,0,0,0,0,0,0,0,0,0,0,0,0,0,0,0,0E-26,0E-26,0,0,0,0,0,0,False,0,0,0,0,0,0,0,0,0,0,0,0,0,0,0,0,0,0,0,0,0,0,0,0,0,0,0,0,0,0,0,0,0,0,0,0,0,0,0,0,2,0,0,79.99913350098315107731468000,0,0,0,79.99913350098315107731468000,6.65600000000,0.0,0.0,39.99956675049157553865734000,0,0,0,0,0,0,0,0,0,0,0,0,89.99906601898724558122689925,0E-26,0E-26,89.99906601898724558122689925,0,0,0,0,0,0,0.45,0,0,0,0,0,0,0,0,0,0,2080.001686334740897137658770,2080.001686334740897137658775,19.99981837271538830011257080,0.0,0.0,0.0,yield_seeking,0.1578947368421052631578947368,0.1578947368336737353845227233,-0.0004736842105010212061535681699,0,0,0,0,0,0,0,0,0,0,0,0,0,0,0,0,0,0,0,0,0,0,0,0,0,0,0,0,0,0,0,0,0,0,0,0,0,0,0.0,0.0,0.0,0.0,0.0,0.0,0.0,0.0,0.0,0.0,0.0,0.0,0,0,0,0,0,0,0,0,0,0,0,0,0,0,0,0,0,0,0,0,0,0,0,0,0,0,0,0,0,0,0,0,0,0,0,0E-26,0E-26,2,2,0,0,0,0,1,1,0E-26,0E-26,0,0,1,1,0E-26,0E-26,0,0,0,0,0,0,0,0,0,0,0,0,0,0,0,0,0,0,0,0,0,0,2,2,0,0,2,0,0,0,0,0,0,0,0,0,0,50.0,0.0,50.0,50.0,0.0,50.0,0,0,0,0,0,0,0.0,0.0,0.0
112,0.0,20,20,0.20,0.0,historical,19.99983603285519035700530954,0.20,0.2800,normal,0,1,0,0,,False,0,0.00,159.9984776324039125053359186,0.00016396714480964299469045,159.9983136652591028623412281,179.9983136652591028623412281,179.9983136652591028623412281,1.0,1,79.99921775315819521759730329,0,19.99983603285519035700530955,0,0,0,0,0,0,0,0,0,0,0,0,0,0,0,0,0,0,0,0,179.9983136652591028623412282,0E-26,4E-25,159.9984776324039125053359182,159.9984776324039125053359182,0E-26,0E-27,0.0,20.00,0,0E-26,2120.001522367596087494664075,0,20,20,159.9983136652591028623412281,19.99983603285519035700530955,179.9983136652591028623412281,159.9984776324039125053359186,-19.9998360328551903570053095,2120.001522367596087494664075,0E-26,0,19.99983603285519035700530955,0,20,19.99983603285519035700530955,179.9983136652591028623412281,159.9983136652591028623412281,0,199.9981496981142932193465376,6,True,19.99983603285519035700530955,11.59990161971311421420318573,0,331.5966929173761295818803324,319.9967912976630153676771467,2120.001522367596087494664075,79.99921775315819521759730369,79.99921775315819521759730329,0E-16,79.99921775315819521759730369,0E-26,0,0,0,0,0,159.9984776324039125053359186,179.9983136652591028623412281,179.9983136652591028623412281,179.9983136652591028623412281,0,False,179.9983136652591028623412281,179.9983136652591028623412281,False,179.9983136652591028623412281,0.0,0.00016396714480964299469045,0,0,99.99925987924571728773861490,79.99925987924571728773861490,47.99955592754743037264316894,31.99970395169828691509544596,47.99955592754743037264316894,31.99970395169828691509544596,79.99934413142076142802123816,0,0,0,79.99934413142076142802123816,1.000000000000000000000000000,0E-35,0.079999804436377310976644446,0.0,0.0,0.0,0.0,0.0,0.0,0.0,0.0,0,0,0,2,6.65600000000,0.0,0.0,39.99960887657909760879865164,0.0,0.0,0.0,0.0,0.0,0,0,4E-25,0,0,0,0,0,0,0,0E-10,0E-10,0,0,0,0,0,0,0,0,0.0,0,0,0,0,0,0,0,0,0,0,0,0,0,0,0,0,0,0,0,0,0,0,0,False,0,0,0,0,0,0,0,0,0,0,0,0,0,0,0,0,0,0,0E-26,0E-26,0,0,0,0,0,0,False,0,0,0,0,0,0,0,0,0,0,0,0,0,0,0,0,0,0,0,0,0,0,0,0,0,0,0,0,0,0,0,0,0,0,0,0,0,0,0,0,2,0,0,79.99921775315819521759730329,0,0,0,79.99921775315819521759730329,6.65600000000,0.0,0.0,39.99960887657909760879865164,0,0,0,0,0,0,0,0,0,0,0,0,89.99915683262955143117061385,0E-26,0E-26,89.99915683262955143117061385,0,0,0,0,0,0,0.45,0,0,0,0,0,0,0,0,0,0,2100.001522367596087494664080,2100.001522367596087494664085,19.99983603285519035700530955,0.0,0.0,0.0,yield_seeking,0.1578947368421052631578947368,0.1578947368353600409391971260,-0.0004736842105060801228175913780,0,0,0,0,0,0,0,0,0,0,0,0,0,0,0,0,0,0,0,0,0,0,0,0,0,0,0,0,0,0,0,0,0,0,0,0,0,0,0.0,0.0,0.0,0.0,0.0,0.0,0.0,0.0,0.0,0.0,0.0,0.0,0,0,0,0,0,0,0,0,0,0,0,0,0,0,0,0,0,0,0,0,0,0,0,0,0,0,0,0,0,0,0,0,0,0,0,0E-26,0E-26,2,2,0,0,0,0,1,1,0E-26,0E-26,0,0,1,1,0E-26,0E-26,0,0,0,0,0,0,0,0,0,0,0,0,0,0,0,0,0,0,0,0,0,0,2,2,0,0,2,0,0,0,0,0,0,0,0,0,0,50.0,0.0,50.0,50.0,0.0,50.0,0,0,0,0,0,0,0.0,0.0,0.0
113,0.0,20,20,0.20,0.0,historical,19.99985197584914345754772298,0.20,0.2825,normal,0,1,0,0,,False,0,0.00,159.9986256565547690477881956,0.00014802415085654245227702,159.9984776324039125053359186,179.9984776324039125053359186,179.9984776324039125053359186,1.0,1,79.99929381325354666263473878,0,19.99985197584914345754772298,0,0,0,0,0,0,0,0,0,0,0,0,0,0,0,0,0,0,0,0,179.9984776324039125053359186,0E-27,4E-25,159.9986256565547690477881952,159.9986256565547690477881952,0E-26,0E-27,0.0,20.00,0,0E-27,2140.001374343445230952211799,0,20,20,159.9984776324039125053359186,19.99985197584914345754772298,179.9984776324039125053359186,159.9986256565547690477881956,-19.9998519758491434575477230,2140.001374343445230952211799,0E-27,0,19.99985197584914345754772298,0,20,19.99985197584914345754772298,179.9984776324039125053359186,159.9984776324039125053359186,0,199.9983296082530559628836416,6,True,19.99985197584914345754772298,8.399940790339657383019089192,0,328.3970440792983389361432034,319.9971032889586815531241142,2140.001374343445230952211799,79.99929381325354666263473918,79.99929381325354666263473878,0E-16,79.99929381325354666263473918,0E-26,0,0,0,0,0,159.9986256565547690477881956,179.9984776324039125053359186,179.9984776324039125053359186,179.9984776324039125053359186,0,False,179.9984776324039125053359186,179.9984776324039125053359186,False,179.9984776324039125053359186,0.0,0.00014802415085654245227702,0,0,99.99933184330122238515345646,79.99933184330122238515345646,47.99959910598073343109207387,31.99973273732048895406138259,47.99959910598073343109207387,31.99973273732048895406138259,79.99940790339657383019089192,0,0,0,79.99940790339657383019089192,1.000000000000000000000000000,0E-35,0.079999823451754936280988759,0.0,0.0,0.0,0.0,0.0,0.0,0.0,0.0,0,0,0,2,6.65600000000,0.0,0.0,39.99964690662677333131736939,0.0,0.0,0.0,0.0,0.0,0,0,4E-25,0,0,0,0,0,0,0,0E-10,0E-10,0,0,0,0,0,0,0,0,0.0,0,0,0,0,0,0,0,0,0,0,0,0,0,0,0,0,0,0,0,0,0,0,0,False,0,0,0,0,0,0,0,0,0,0,0,0,0,0,0,0,0,0,0E-26,0E-27,0,0,0,0,0,0,False,0,0,0,0,0,0,0,0,0,0,0,0,0,0,0,0,0,0,0,0,0,0,0,0,0,0,0,0,0,0,0,0,0,0,0,0,0,0,0,0,2,0,0,79.99929381325354666263473878,0,0,0,79.99929381325354666263473878,6.65600000000,0.0,0.0,39.99964690662677333131736939,0,0,0,0,0,0,0,0,0,0,0,0,89.9992388162019562526679591,0E-26,0E-26,89.9992388162019562526679591,0,0,0,0,0,0,0.45,0,0,0,0,0,0,0,0,0,0,2120.001374343445230952211803,2120.001374343445230952211808,19.99985197584914345754772298,0.0,0.0,0.0,yield_seeking,0.1578947368421052631578947368,0.1578947368367090853829366482,-0.0004736842105101272561488099446,0,0,0,0,0,0,0,0,0,0,0,0,0,0,0,0,0,0,0,0,0,0,0,0,0,0,0,0,0,0,0,0,0,0,0,0,0,0,0.0,0.0,0.0,0.0,0.0,0.0,0.0,0.0,0.0,0.0,0.0,0.0,0,0,0,0,0,0,0,0,0,0,0,0,0,0,0,0,0,0,0,0,0,0,0,0,0,0,0,0,0,0,0,0,0,0,0,0E-26,0E-26,2,2,0,0,0,0,1,1,0E-26,0E-26,0,0,1,1,0E-26,0E-26,0,0,0,0,0,0,0,0,0,0,0,0,0,0,0,0,0,0,0,0,0,0,2,2,0,0,2,0,0,0,0,0,0,0,0,0,0,50.0,0.0,50.0,50.0,0.0,50.0,0,0,0,0,0,0,0.0,0.0,0.0
114,0.0,20,20,0.20,0.0,historical,19.99986636866024447703069129,0.20,0.2850,normal,0,1,0,0,,False,0,0.00,159.9987592878945245707575043,0.00013363133975552296930871,159.9986256565547690477881956,179.9986256565547690477881956,179.9986256565547690477881956,1.0,1,79.99936247780851916082994930,0,19.99986636866024447703069129,0,0,0,0,0,0,0,0,0,0,0,0,0,0,0,0,0,0,0,0,179.9986256565547690477881956,0E-26,4E-25,159.9987592878945245707575039,159.9987592878945245707575039,0E-26,0E-27,0.0,20.00,0,0E-26,2160.001240712105475429242490,0,20,20,159.9986256565547690477881956,19.99986636866024447703069129,179.9986256565547690477881956,159.9987592878945245707575043,-19.9998663686602444770306913,2160.001240712105475429242490,0E-26,0,19.99986636866024447703069129,0,20,19.99986636866024447703069129,179.9986256565547690477881956,159.9986256565547690477881956,0,199.9984920252150135248188869,6,True,19.99986636866024447703069129,11.59991982119614668621841477,0,331.5973047656454403047641147,319.9973849444492936185456999,2160.001240712105475429242490,79.99936247780851916082994970,79.99936247780851916082994930,0E-16,79.99936247780851916082994970,0E-26,0,0,0,0,0,159.9987592878945245707575043,179.9986256565547690477881956,179.9986256565547690477881956,179.9986256565547690477881956,0,False,179.9986256565547690477881956,179.9986256565547690477881956,False,179.9986256565547690477881956,0.0,0.00013363133975552296930872,1E-26,0,99.99939681008600540992755461,79.99939681008600540992755461,47.99963808605160324595653277,31.99975872403440216397102184,47.99963808605160324595653277,31.99975872403440216397102184,79.99946547464097790812276517,0,0,0,79.99946547464097790812276517,1.000000000000000000000000000,0E-35,0.079999840618182011716631354,0.0,0.0,0.0,0.0,0.0,0.0,0.0,0.0,0,0,0,2,6.65600000000,0.0,0.0,39.99968123890425958041497465,0.0,0.0,0.0,0.0,0.0,0,0,4E-25,0,0,0,0,0,0,0,0E-10,0E-10,0,0,0,0,0,0,0,0,0.0,0,0,0,0,0,0,0,0,0,0,0,0,0,0,0,0,0,0,0,0,0,0,0,False,0,0,0,0,0,0,0,0,0,0,0,0,0,0,0,0,0,0,0E-26,0E-26,0,0,0,0,0,0,False,0,0,0,0,0,0,0,0,0,0,0,0,0,0,0,0,0,0,0,0,0,0,0,0,0,0,0,0,0,0,0,0,0,0,0,0,0,0,0,0,2,0,0,79.99936247780851916082994930,0,0,0,79.99936247780851916082994930,6.65600000000,0.0,0.0,39.99968123890425958041497465,0,0,0,0,0,0,0,0,0,0,0,0,89.9993128282773845238940976,0E-26,0E-26,89.9993128282773845238940976,0,0,0,0,0,0,0.45,0,0,0,0,0,0,0,0,0,0,2140.001240712105475429242494,2140.001240712105475429242499,19.99986636866024447703069129,0.0,0.0,0.0,yield_seeking,0.1578947368421052631578947368,0.1578947368377883209379282659,-0.0004736842105133649628137847977,0,0,0,0,0,0,0,0,0,0,0,0,0,0,0,0,0,0,0,0,0,0,0,0,0,0,0,0,0,0,0,0,0,0,0,0,0,0,0.0,0.0,0.0,0.0,0.0,0.0,0.0,0.0,0.0,0.0,0.0,0.0,0,0,0,0,0,0,0,0,0,0,0,0,0,0,0,0,0,0,0,0,0,0,0,0,0,0,0,0,0,0,0,0,0,0,0,0E-26,0E-26,2,2,0,0,0,0,1,1,0E-26,0E-26,0,0,1,1,0E-26,0E-26,0,0,0,0,0,0,0,0,0,0,0,0,0,0,0,0,0,0,0,0,0,0,2,2,0,0,2,0,0,0,0,0,0,0,0,0,0,50.0,0.0,50.0,50.0,0.0,50.0,0,0,0,0,0,0,0.0,0.0,0.0
115,0.0,20,20,0.20,0.0,historical,19.99987936201720108198551092,0.20,0.2875,normal,0,1,0,0,,False,0,0.00,159.9988799258773234887719934,0.00012063798279891801448908,159.9987592878945245707575043,179.9987592878945245707575043,179.9987592878945245707575043,1.0,1,79.99942446591263322767478707,0,19.99987936201720108198551092,0,0,0,0,0,0,0,0,0,0,0,0,0,0,0,0,0,0,0,0,179.9987592878945245707575043,0E-27,4E-25,159.9988799258773234887719930,159.9988799258773234887719930,0E-26,0E-27,0.0,20.00,0,0E-27,2180.001120074122676511228002,0,20,20,159.9987592878945245707575043,19.99987936201720108198551092,179.9987592878945245707575043,159.9988799258773234887719934,-19.9998793620172010819855109,2180.001120074122676511228002,0E-27,0,19.99987936201720108198551092,0,20,19.99987936201720108198551092,179.9987592878945245707575043,159.9987592878945245707575043,0,199.9986386499117256527430152,6,True,19.99987936201720108198551092,8.399951744806880432794204368,0,328.3975909585787284923237021,319.9976392137718480595294977,2180.001120074122676511228002,79.99942446591263322767478747,79.99942446591263322767478707,0E-16,79.99942446591263322767478747,0E-26,0,0,0,0,0,159.9988799258773234887719934,179.9987592878945245707575043,179.9987592878945245707575043,179.9987592878945245707575043,0,False,179.9987592878945245707575043,179.9987592878945245707575043,False,179.9987592878945245707575043,0.0,0.00012063798279891801448908,0,0,99.99945545996469026109720593,79.99945545996469026109720593,47.99967327597881415665832356,31.99978218398587610443888237,47.99967327597881415665832356,31.99978218398587610443888237,79.99951744806880432794204369,0,0,0,79.99951744806880432794204369,1.000000000000000000000000000,0E-35,0.079999856115443027467126708,0.0,0.0,0.0,0.0,0.0,0.0,0.0,0.0,0,0,0,2,6.65600000000,0.0,0.0,39.99971223295631661383739354,0.0,0.0,0.0,0.0,0.0,0,0,4E-25,0,0,0,0,0,0,0,0E-10,0E-10,0,0,0,0,0,0,0,0,0.0,0,0,0,0,0,0,0,0,0,0,0,0,0,0,0,0,0,0,0,0,0,0,0,False,0,0,0,0,0,0,0,0,0,0,0,0,0,0,0,0,0,0,0E-26,0E-27,0,0,0,0,0,0,False,0,0,0,0,0,0,0,0,0,0,0,0,0,0,0,0,0,0,0,0,0,0,0,0,0,0,0,0,0,0,0,0,0,0,0,0,0,0,0,0,2,0,0,79.99942446591263322767478707,0,0,0,79.99942446591263322767478707,6.65600000000,0.0,0.0,39.99971223295631661383739354,0,0,0,0,0,0,0,0,0,0,0,0,89.99937964394726228537875195,0E-26,0E-26,89.99937964394726228537875195,0,0,0,0,0,0,0.45,0,0,0,0,0,0,0,0,0,0,2160.001120074122676511228006,2160.001120074122676511228010,19.99987936201720108198551092,0.0,0.0,0.0,yield_seeking,0.1578947368421052631578947368,0.1578947368386517093819215601,-0.0004736842105159551281457646803,0,0,0,0,0,0,0,0,0,0,0,0,0,0,0,0,0,0,0,0,0,0,0,0,0,0,0,0,0,0,0,0,0,0,0,0,0,0,0.0,0.0,0.0,0.0,0.0,0.0,0.0,0.0,0.0,0.0,0.0,0.0,0,0,0,0,0,0,0,0,0,0,0,0,0,0,0,0,0,0,0,0,0,0,0,0,0,0,0,0,0,0,0,0,0,0,0,0E-26,0E-26,2,2,0,0,0,0,1,1,0E-26,0E-26,0,0,1,1,0E-26,0E-26,0,0,0,0,0,0,0,0,0,0,0,0,0,0,0,0,0,0,0,0,0,0,2,2,0,0,2,0,0,0,0,0,0,0,0,0,0,50.0,0.0,50.0,50.0,0.0,50.0,0,0,0,0,0,0,0.0,0.0,0.0
116,0.0,20,20,0.20,0.0,historical,19.99989109199293805221944119,0.20,0.2900,normal,0,1,0,0,,False,0,0.00,159.9989888338843854365525522,0.00010890800706194778055882,159.9988799258773234887719934,179.9988799258773234887719934,179.9988799258773234887719934,1.0,1,79.99948042673628082015597811,0,19.99989109199293805221944118,0,0,0,0,0,0,0,0,0,0,0,0,0,0,0,0,0,0,0,0,179.9988799258773234887719934,0E-26,4E-25,159.9989888338843854365525518,159.9989888338843854365525518,0E-26,0E-27,0.0,20.00,0,0E-26,2200.001011166115614563447442,0,20,20,159.9988799258773234887719934,19.99989109199293805221944118,179.9988799258773234887719934,159.9989888338843854365525522,-19.9998910919929380522194412,2200.001011166115614563447442,0E-26,0,19.99989109199293805221944118,0,20,19.99989109199293805221944118,179.9988799258773234887719934,159.9988799258773234887719934,0,199.9987710178702615409914346,6,True,19.99989109199293805221944118,11.59993465519576283133166471,0,331.5978034149574717566562104,319.9978687597617089253245456,2200.001011166115614563447442,79.99948042673628082015597851,79.99948042673628082015597811,0E-16,79.99948042673628082015597851,0E-26,0,0,0,0,0,159.9989888338843854365525522,179.9988799258773234887719934,179.9988799258773234887719934,179.9988799258773234887719934,0,False,179.9988799258773234887719934,179.9988799258773234887719934,False,179.9988799258773234887719934,0.0,0.00010890800706194778055882,0,0,99.99950840714810461639657368,79.99950840714810461639657368,47.99970504428886276983794421,31.99980336285924184655862947,47.99970504428886276983794421,31.99980336285924184655862947,79.99956436797175220887776475,0,0,0,79.99956436797175220887776475,1.000000000000000000000000000,0E-35,0.079999870105840451049852645,0.0,0.0,0.0,0.0,0.0,0.0,0.0,0.0,0,0,0,2,6.65600000000,0.0,0.0,39.99974021336814041007798906,0.0,0.0,0.0,0.0,0.0,0,0,4E-25,0,0,0,0,0,0,0,0E-10,0E-10,0,0,0,0,0,0,0,0,0.0,0,0,0,0,0,0,0,0,0,0,0,0,0,0,0,0,0,0,0,0,0,0,0,False,0,0,0,0,0,0,0,0,0,0,0,0,0,0,0,0,0,0,0E-26,0E-26,0,0,0,0,0,0,False,0,0,0,0,0,0,0,0,0,0,0,0,0,0,0,0,0,0,0,0,0,0,0,0,0,0,0,0,0,0,0,0,0,0,0,0,0,0,0,0,2,0,0,79.99948042673628082015597811,0,0,0,79.99948042673628082015597811,6.65600000000,0.0,0.0,39.99974021336814041007798906,0,0,0,0,0,0,0,0,0,0,0,0,89.9994399629386617443859965,0E-26,0E-26,89.9994399629386617443859965,0,0,0,0,0,0,0.45,0,0,0,0,0,0,0,0,0,0,2180.001011166115614563447447,2180.001011166115614563447451,19.99989109199293805221944118,0.0,0.0,0.0,yield_seeking,0.1578947368421052631578947368,0.1578947368393424201371161954,-0.0004736842105180272604113485862,0,0,0,0,0,0,0,0,0,0,0,0,0,0,0,0,0,0,0,0,0,0,0,0,0,0,0,0,0,0,0,0,0,0,0,0,0,0,0.0,0.0,0.0,0.0,0.0,0.0,0.0,0.0,0.0,0.0,0.0,0.0,0,0,0,0,0,0,0,0,0,0,0,0,0,0,0,0,0,0,0,0,0,0,0,0,0,0,0,0,0,0,0,0,0,0,0,0E-26,0E-26,2,2,0,0,0,0,1,1,0E-26,0E-26,0,0,1,1,0E-26,0E-26,0,0,0,0,0,0,0,0,0,0,0,0,0,0,0,0,0,0,0,0,0,0,2,2,0,0,2,0,0,0,0,0,0,0,0,0,0,50.0,0.0,50.0,50.0,0.0,50.0,0,0,0,0,0,0,0.0,0.0,0.0
117,0.0,20,20,0.20,0.0,historical,19.99990168142962092327931474,0.20,0.2925,normal,0,1,0,0,,False,0,0.00,159.9990871524547645132732375,0.00009831857037907672068527,159.9989888338843854365525522,179.9989888338843854365525522,179.9989888338843854365525522,1.0,1,79.99953094632916196934049046,0,19.99990168142962092327931473,0,0,0,0,0,0,0,0,0,0,0,0,0,0,0,0,0,0,0,0,179.9989888338843854365525522,0E-26,5E-25,159.9990871524547645132732370,159.9990871524547645132732370,0E-26,0E-27,0.0,20.00,0,0E-26,2220.000912847545235486726757,0,20,20,159.9989888338843854365525522,19.99990168142962092327931473,179.9989888338843854365525522,159.9990871524547645132732375,-19.9999016814296209232793147,2220.000912847545235486726757,0E-26,0,19.99990168142962092327931473,0,20,19.99990168142962092327931473,179.9989888338843854365525522,159.9989888338843854365525522,0,199.9988905153140063598318669,6,True,19.99990168142962092327931473,11.59994100885777255396758884,0,331.5980169951969225037933785,319.9980759863391499498257897,2220.000912847545235486726757,79.99953094632916196934049096,79.99953094632916196934049046,0E-16,79.99953094632916196934049096,0E-26,0,0,0,0,0,159.9990871524547645132732375,179.9989888338843854365525522,179.9989888338843854365525522,179.9989888338843854365525522,0,False,179.9989888338843854365525522,179.9989888338843854365525522,False,179.9989888338843854365525522,0.0,0.00009831857037907672068527,0,0,99.99955620612560254393274662,79.99955620612560254393274662,47.99973372367536152635964797,31.99982248245024101757309865,47.99973372367536152635964797,31.99982248245024101757309865,79.99960672571848369311725895,0,0,0,79.99960672571848369311725895,1.000000000000000000000000000,0E-35,0.079999882735894751004527892,0.0,0.0,0.0,0.0,0.0,0.0,0.0,0.0,0,0,0,2,6.65600000000,0.0,0.0,39.99976547316458098467024523,0.0,0.0,0.0,0.0,0.0,0,0,5E-25,0,0,0,0,0,0,0,0E-10,0E-10,0,0,0,0,0,0,0,0,0.0,0,0,0,0,0,0,0,0,0,0,0,0,0,0,0,0,0,0,0,0,0,0,0,False,0,0,0,0,0,0,0,0,0,0,0,0,0,0,0,0,0,0,0E-26,0E-26,0,0,0,0,0,0,False,0,0,0,0,0,0,0,0,0,0,0,0,0,0,0,0,0,0,0,0,0,0,0,0,0,0,0,0,0,0,0,0,0,0,0,0,0,0,0,0,2,0,0,79.99953094632916196934049046,0,0,0,79.99953094632916196934049046,6.65600000000,0.0,0.0,39.99976547316458098467024523,0,0,0,0,0,0,0,0,0,0,0,0,89.9994944169421927182762759,0E-26,0E-26,89.9994944169421927182762759,0,0,0,0,0,0,0.45,0,0,0,0,0,0,0,0,0,0,2200.000912847545235486726762,2200.000912847545235486726766,19.99990168142962092327931473,0.0,0.0,0.0,yield_seeking,0.1578947368421052631578947368,0.1578947368398949887412719037,-0.0004736842105196849662238157111,0,0,0,0,0,0,0,0,0,0,0,0,0,0,0,0,0,0,0,0,0,0,0,0,0,0,0,0,0,0,0,0,0,0,0,0,0,0,0.0,0.0,0.0,0.0,0.0,0.0,0.0,0.0,0.0,0.0,0.0,0.0,0,0,0,0,0,0,0,0,0,0,0,0,0,0,0,0,0,0,0,0,0,0,0,0,0,0,0,0,0,0,0,0,0,0,0,0E-26,0E-26,2,2,0,0,0,0,1,1,0E-26,0E-26,0,0,1,1,0E-26,0E-26,0,0,0,0,0,0,0,0,0,0,0,0,0,0,0,0,0,0,0,0,0,0,2,2,0,0,2,0,0,0,0,0,0,0,0,0,0,50.0,0.0,50.0,50.0,0.0,50.0,0,0,0,0,0,0,0.0,0.0,0.0
118,0.0,20,20,0.20,0.0,historical,19.99991124122512050878654932,0.20,0.2950,normal,0,1,0,0,,False,0,0.00,159.9991759112296440044866882,0.00008875877487949121345068,159.9990871524547645132732375,179.9990871524547645132732375,179.9990871524547645132732375,1.0,1,79.99957655375768999566277323,0,19.99991124122512050878654932,0,0,0,0,0,0,0,0,0,0,0,0,0,0,0,0,0,0,0,0,179.9990871524547645132732375,0E-27,4E-25,159.9991759112296440044866878,159.9991759112296440044866878,0E-26,0E-27,0.0,20.00,0,0E-27,2240.000824088770355995513308,0,20,20,159.9990871524547645132732375,19.99991124122512050878654932,179.9990871524547645132732375,159.9991759112296440044866882,-19.9999112412251205087865493,2240.000824088770355995513308,0E-27,0,19.99991124122512050878654932,0,20,19.99991124122512050878654932,179.9990871524547645132732375,159.9990871524547645132732375,0,199.9989983936798850220597868,6,True,19.99991124122512050878654932,8.399964496490048203514619730,0,328.3982275601744567212745454,319.9982630636844085177599257,2240.000824088770355995513308,79.99957655375768999566277363,79.99957655375768999566277323,0E-16,79.99957655375768999566277363,0E-26,0,0,0,0,0,159.9991759112296440044866882,179.9990871524547645132732375,179.9990871524547645132732375,179.9990871524547645132732375,0,False,179.9990871524547645132732375,179.9990871524547645132732375,False,179.9990871524547645132732375,0.0,0.00008875877487949121345068,0,0,99.99959935747195400882391457,79.99959935747195400882391457,47.99975961448317240529434874,31.99983974298878160352956583,47.99975961448317240529434874,31.99983974298878160352956583,79.99964496490048203514619730,0,0,0,79.99964496490048203514619730,1.000000000000000000000000000,0E-35,0.079999894137879086032615859,0.0,0.0,0.0,0.0,0.0,0.0,0.0,0.0,0,0,0,2,6.65600000000,0.0,0.0,39.99978827687884499783138662,0.0,0.0,0.0,0.0,0.0,0,0,4E-25,0,0,0,0,0,0,0,0E-10,0E-10,0,0,0,0,0,0,0,0,0.0,0,0,0,0,0,0,0,0,0,0,0,0,0,0,0,0,0,0,0,0,0,0,0,False,0,0,0,0,0,0,0,0,0,0,0,0,0,0,0,0,0,0,0E-26,0E-27,0,0,0,0,0,0,False,0,0,0,0,0,0,0,0,0,0,0,0,0,0,0,0,0,0,0,0,0,0,0,0,0,0,0,0,0,0,0,0,0,0,0,0,0,0,0,0,2,0,0,79.99957655375768999566277323,0,0,0,79.99957655375768999566277323,6.65600000000,0.0,0.0,39.99978827687884499783138662,0,0,0,0,0,0,0,0,0,0,0,0,89.99954357622738225663661855,0E-26,0E-26,89.99954357622738225663661855,0,0,0,0,0,0,0.45,0,0,0,0,0,0,0,0,0,0,2220.000824088770355995513312,2220.000824088770355995513315,19.99991124122512050878654932,0.0,0.0,0.0,yield_seeking,0.1578947368421052631578947368,0.1578947368403370436245964703,-0.0004736842105210111308737894109,0,0,0,0,0,0,0,0,0,0,0,0,0,0,0,0,0,0,0,0,0,0,0,0,0,0,0,0,0,0,0,0,0,0,0,0,0,0,0.0,0.0,0.0,0.0,0.0,0.0,0.0,0.0,0.0,0.0,0.0,0.0,0,0,0,0,0,0,0,0,0,0,0,0,0,0,0,0,0,0,0,0,0,0,0,0,0,0,0,0,0,0,0,0,0,0,0,0E-26,0E-26,2,2,0,0,0,0,1,1,0E-26,0E-26,0,0,1,1,0E-26,0E-26,0,0,0,0,0,0,0,0,0,0,0,0,0,0,0,0,0,0,0,0,0,0,2,2,0,0,2,0,0,0,0,0,0,0,0,0,0,50.0,0.0,50.0,50.0,0.0,50.0,0,0,0,0,0,0,0.0,0.0,0.0
119,0.0,20,20,0.20,0.0,historical,19.99991987149439080176478291,0.20,0.2975,normal,0,1,0,0,,False,0,0.00,159.9992560397352532027219053,0.00008012850560919823521708,159.9991759112296440044866882,179.9991759112296440044866882,179.9991759112296440044866882,1.0,1,79.99961772664563928022131660,0,19.99991987149439080176478292,0,0,0,0,0,0,0,0,0,0,0,0,0,0,0,0,0,0,0,0,179.9991759112296440044866882,0E-26,4E-25,159.9992560397352532027219049,159.9992560397352532027219049,0E-26,0E-27,0.0,20.00,0,0E-26,2260.000743960264746797278091,0,20,20,159.9991759112296440044866882,19.99991987149439080176478292,179.9991759112296440044866882,159.9992560397352532027219053,-19.9999198714943908017647829,2260.000743960264746797278091,0E-26,0,19.99991987149439080176478292,0,20,19.99991987149439080176478292,179.9991759112296440044866882,159.9991759112296440044866882,0,199.9990957827240348062514711,6,True,19.99991987149439080176478292,11.59995192289663448105886975,0,331.5983838738615316882674632,319.9984319509648972072085935,2260.000743960264746797278091,79.99961772664563928022131700,79.99961772664563928022131660,0E-16,79.99961772664563928022131700,0E-26,0,0,0,0,0,159.9992560397352532027219053,179.9991759112296440044866882,179.9991759112296440044866882,179.9991759112296440044866882,0,False,179.9991759112296440044866882,179.9991759112296440044866882,False,179.9991759112296440044866882,0.0,0.00008012850560919823521708,0,0,99.99963831308961392250058828,79.99963831308961392250058828,47.99978298785376835350035297,31.99985532523584556900023531,47.99978298785376835350035297,31.99985532523584556900023531,79.99967948597756320705913165,0,0,0,79.99967948597756320705913165,1.000000000000000000000000000,0E-35,0.079999904431204742270863018,0.0,0.0,0.0,0.0,0.0,0.0,0.0,0.0,0,0,0,2,6.65600000000,0.0,0.0,39.99980886332281964011065830,0.0,0.0,0.0,0.0,0.0,0,0,4E-25,0,0,0,0,0,0,0,0E-10,0E-10,0,0,0,0,0,0,0,1,0.0,0,0,0,0,0,0,0,0,0,0,0,0,0,0,0,0,0,0,0,0,0,0,0,False,0,0,0,0,0,0,0,0,0,0,0,0,0,0,0,0,0,0,0E-26,0E-26,0,0,0,0,0,0,False,0,0,0,0,0,0,0,0,0,0,0,0,0,0,0,0,0,0,0,0,0,0,0,0,0,0,0,0,0,0,0,0,0,0,0,0,0,0,0,0,2,0,0,79.99961772664563928022131660,0,0,0,79.99961772664563928022131660,6.65600000000,0.0,0.0,39.99980886332281964011065830,0,0,0,0,0,0,0,0,0,0,0,0,89.9995879556148220022433439,0E-26,0E-26,89.9995879556148220022433439,0,0,0,0,0,0,0.45,0,0,0,0,0,0,0,0,0,0,2240.000743960264746797278095,2240.000743960264746797278098,19.99991987149439080176478292,0.0,0.0,0.0,yield_seeking,0.1578947368421052631578947368,0.1578947368406906875312561236,-0.0004736842105220720625937683708,0,0,0,0,0,0,0,0,0,0,0,0,0,0,0,0,0,0,0,0,0,0,0,0,0,0,0,0,0,0,0,0,0,0,0,0,0,0,0.0,0.0,0.0,0.0,0.0,0.0,0.0,0.0,0.0,0.0,0.0,0.0,0,0,0,0,0,0,0,0,0,0,0,0,0,0,0,0,0,0,0,0,0,0,0,0,0,0,0,0,0,0,0,0,0,0,0,0E-26,0E-26,2,2,0,0,0,0,1,1,0E-26,0E-26,0,0,1,1,0E-26,0E-26,0,0,0,0,0,0,0,0,0,0,0,0,0,0,0,0,0,0,0,0,0,0,2,2,0,0,2,0,0,0,0,0,0,0,0,0,0,50.0,0.0,50.0,50.0,0.0,50.0,0,0,0,0,0,0,0.0,0.0,0.0
120,0.0,20,20,0.20,0.0,historical,19.99992766261792278450011766,0.20,0.3000,normal,0,1,0,0,,False,0,0.00,159.9993283771173304182217876,0.00007233738207721549988235,159.9992560397352532027219053,179.9992560397352532027219053,179.9992560397352532027219053,1.0,1,79.99965489617606002333297826,0,19.99992766261792278450011765,0,0,0,0,0,0,0,0,0,0,0,0,0,0,0,0,0,0,0,0,179.9992560397352532027219052,0E-27,3E-25,159.9993283771173304182217873,159.9993283771173304182217873,0E-26,0E-27,0.0,20.00,0,0E-27,2280.000671622882669581778209,0,20,20,159.9992560397352532027219053,19.99992766261792278450011765,179.9992560397352532027219053,159.9993283771173304182217876,-19.9999276626179227845001177,2280.000671622882669581778209,0E-27,0,19.99992766261792278450011765,0,20,19.99992766261792278450011765,179.9992560397352532027219053,159.9992560397352532027219053,0,199.9991837023531759872220230,6,True,19.99992766261792278450011765,8.399971065047169113800047062,0,328.3985554818997527347437401,319.9985844168525836209436930,2280.000671622882669581778209,79.99965489617606002333297856,79.99965489617606002333297826,0E-16,79.99965489617606002333297856,0E-26,0,0,0,0,0,159.9993283771173304182217876,179.9992560397352532027219053,179.9992560397352532027219053,179.9992560397352532027219053,0,False,179.9992560397352532027219053,179.9992560397352532027219053,False,179.9992560397352532027219053,0.0,0.00007233738207721549988235,0,0,99.99967348094127039488880902,79.99967348094127039488880902,47.99980408856476223693328541,31.99986939237650815795552361,47.99980408856476223693328541,31.99986939237650815795552361,79.99971065047169113800047063,0,0,0,79.99971065047169113800047063,1.000000000000000000000000000,0E-35,0.079999913723671836371273638,0.0,0.0,0.0,0.0,0.0,0.0,0.0,0.0,0,0,0,2,6.65600000000,0.0,0.0,39.99982744808803001166648913,0.0,0.0,0.0,0.0,0.0,0,0,3E-25,0,0,0,0,0,0,0,0E-11,0E-11,0,0,0,0,0,0,0,0,0.0,0,0,0,0,0,0,0,0,0,0,0,0,0,0,0,0,0,0,0,0,0,0,0,False,0,0,0,0,0,0,0,0,0,0,0,0,0,0,0,0,0,0,0E-26,0E-27,0,0,0,0,0,0,False,0,0,0,0,0,0,0,0,0,0,0,0,0,0,0,0,0,0,0,0,0,0,0,0,0,0,0,0,0,0,0,0,0,0,0,0,0,0,0,0,2,0,0,79.99965489617606002333297826,0,0,0,79.99965489617606002333297826,6.65600000000,0.0,0.0,39.99982744808803001166648913,0,0,0,0,0,0,0,0,0,0,0,0,89.99962801986762660136095245,0E-26,0E-26,89.99962801986762660136095245,0,0,0,0,0,0,0.45,0,0,0,0,0,0,0,0,0,0,2260.000671622882669581778213,2260.000671622882669581778216,19.99992766261792278450011765,0.0,0.0,0.0,yield_seeking,0.1578947368421052631578947368,0.1578947368409736026565838462,-0.0004736842105229208079697515386,0,0,0,0,0,0,0,0,0,0,0,0,0,0,0,0,0,0,0,0,0,0,0,0,0,0,0,0,0,0,0,0,0,0,0,0,0,0,0.0,0.0,0.0,0.0,0.0,0.0,0.0,0.0,0.0,0.0,0.0,0.0,0,0,0,0,0,0,0,0,0,0,0,0,0,0,0,0,0,0,0,0,0,0,0,0,0,0,0,0,0,0,0,0,0,0,0,0E-26,0E-26,2,2,0,0,0,0,1,1,0E-26,0E-26,0,0,1,1,0E-26,0E-26,0,0,0,0,0,0,0,0,0,0,0,0,0,0,0,0,0,0,0,0,0,0,2,2,0,0,2,0,0,0,0,0,0,0,0,0,0,50.0,0.0,50.0,50.0,0.0,50.0,0,0,0,0,0,0,0.0,0.0,0.0
121,0.0,20,20,0.20,0.0,historical,19.99993469618825407897776180,0.20,0.3025,normal,0,1,0,0,,False,0,0.00,159.9993936809290763392440258,0.00006530381174592102223820,159.9993283771173304182217876,179.9993283771173304182217876,179.9993283771173304182217876,1.0,1,79.99968845160684254036420584,0,19.99993469618825407897776180,0,0,0,0,0,0,0,0,0,0,0,0,0,0,0,0,0,0,0,0,179.9993283771173304182217876,0E-26,3E-25,159.9993936809290763392440255,159.9993936809290763392440255,0E-26,0E-27,0.0,20.00,0,0E-26,2300.000606319070923660755970,0,20,20,159.9993283771173304182217876,19.99993469618825407897776180,179.9993283771173304182217876,159.9993936809290763392440258,-19.9999346961882540789777618,2300.000606319070923660755970,0E-26,0,19.99993469618825407897776180,0,20,19.99993469618825407897776180,179.9993283771173304182217876,159.9993283771173304182217876,0,199.9992630733055844971995494,6,True,19.99993469618825407897776180,11.59996081771295244738665708,0,331.5986828757593592048524704,319.9987220580464067574658134,2300.000606319070923660755970,79.99968845160684254036420614,79.99968845160684254036420584,0E-16,79.99968845160684254036420614,0E-26,0,0,0,0,0,159.9993936809290763392440258,179.9993283771173304182217876,179.9993283771173304182217876,179.9993283771173304182217876,0,False,179.9993283771173304182217876,179.9993283771173304182217876,False,179.9993283771173304182217876,0.0,0.00006530381174592102223820,0,0,99.99970522932223379887981964,79.99970522932223379887981964,47.99982313759334027932789178,31.99988209172889351955192786,47.99982313759334027932789178,31.99988209172889351955192786,79.99973878475301631591104722,0,0,0,79.99973878475301631591104722,1.000000000000000000000000000,0E-35,0.079999922112598389449853843,0.0,0.0,0.0,0.0,0.0,0.0,0.0,0.0,0,0,0,2,6.65600000000,0.0,0.0,39.99984422580342127018210292,0.0,0.0,0.0,0.0,0.0,0,0,3E-25,0,0,0,0,0,0,0,0E-11,0E-11,0,0,0,0,0,0,0,0,0.0,0,0,0,0,0,0,0,0,0,0,0,0,0,0,0,0,0,0,0,0,0,0,0,False,0,0,0,0,0,0,0,0,0,0,0,0,0,0,0,0,0,0,0E-26,0E-26,0,0,0,0,0,0,False,0,0,0,0,0,0,0,0,0,0,0,0,0,0,0,0,0,0,0,0,0,0,0,0,0,0,0,0,0,0,0,0,0,0,0,0,0,0,0,0,2,0,0,79.99968845160684254036420584,0,0,0,79.99968845160684254036420584,6.65600000000,0.0,0.0,39.99984422580342127018210292,0,0,0,0,0,0,0,0,0,0,0,0,89.99966418855866520911089365,0E-26,0E-26,89.99966418855866520911089365,0,0,0,0,0,0,0.45,0,0,0,0,0,0,0,0,0,0,2280.000606319070923660755975,2280.000606319070923660755978,19.99993469618825407897776180,0.0,0.0,0.0,yield_seeking,0.1578947368421052631578947368,0.1578947368411999347568460243,-0.0004736842105235998042705380729,0,0,0,0,0,0,0,0,0,0,0,0,0,0,0,0,0,0,0,0,0,0,0,0,0,0,0,0,0,0,0,0,0,0,0,0,0,0,0.0,0.0,0.0,0.0,0.0,0.0,0.0,0.0,0.0,0.0,0.0,0.0,0,0,0,0,0,0,0,0,0,0,0,0,0,0,0,0,0,0,0,0,0,0,0,0,0,0,0,0,0,0,0,0,0,0,0,0E-26,0E-26,2,2,0,0,0,0,1,1,0E-26,0E-26,0,0,1,1,0E-26,0E-26,0,0,0,0,0,0,0,0,0,0,0,0,0,0,0,0,0,0,0,0,0,0,2,2,0,0,2,0,0,0,0,0,0,0,0,0,0,50.0,0.0,50.0,50.0,0.0,50.0,0,0,0,0,0,0,0.0,0.0,0.0
122,0.0,20,20,0.20,0.0,historical,19.99994104586444675977596393,0.20,0.3050,normal,0,1,0,0,,False,0,0.00,159.9994526350646295794680619,0.00005895413555324022403607,159.9993936809290763392440258,179.9993936809290763392440258,179.9993936809290763392440258,1.0,1,79.99971874434722033986006579,0,19.99994104586444675977596393,0,0,0,0,0,0,0,0,0,0,0,0,0,0,0,0,0,0,0,0,179.9993936809290763392440258,0E-27,4E-25,159.9994526350646295794680615,159.9994526350646295794680615,0E-26,0E-27,0.0,20.00,0,0E-27,2320.000547364935370420531934,0,20,20,159.9993936809290763392440258,19.99994104586444675977596393,179.9993936809290763392440258,159.9994526350646295794680619,-19.9999410458644467597759639,2320.000547364935370420531934,0E-27,0,19.99994104586444675977596393,0,20,19.99994104586444675977596393,179.9993936809290763392440258,159.9993936809290763392440258,0,199.9993347267935230990199897,6,True,19.99994104586444675977596393,8.399976418345778703910385572,0,328.3988227343394846226224732,319.9988463159937059187120876,2320.000547364935370420531934,79.99971874434722033986006619,79.99971874434722033986006579,0E-16,79.99971874434722033986006619,0E-26,0,0,0,0,0,159.9994526350646295794680619,179.9993936809290763392440258,179.9993936809290763392440258,179.9993936809290763392440258,0,False,179.9993936809290763392440258,179.9993936809290763392440258,False,179.9993936809290763392440258,0.0,0.00005895413555324022403607,0,0,99.99973389071740923960799576,79.99973389071740923960799576,47.99984033443044554376479746,31.99989355628696369584319830,47.99984033443044554376479746,31.99989355628696369584319830,79.99976418345778703910385571,0,0,0,79.99976418345778703910385571,1.000000000000000000000000000,0E-35,0.079999929685839601896434737,0.0,0.0,0.0,0.0,0.0,0.0,0.0,0.0,0,0,0,2,6.65600000000,0.0,0.0,39.99985937217361016993003290,0.0,0.0,0.0,0.0,0.0,0,0,4E-25,0,0,0,0,0,0,0,0E-11,0E-11,0,0,0,0,0,0,0,0,0.0,0,0,0,0,0,0,0,0,0,0,0,0,0,0,0,0,0,0,0,0,0,0,0,False,0,0,0,0,0,0,0,0,0,0,0,0,0,0,0,0,0,0,0E-26,0E-27,0,0,0,0,0,0,False,0,0,0,0,0,0,0,0,0,0,0,0,0,0,0,0,0,0,0,0,0,0,0,0,0,0,0,0,0,0,0,0,0,0,0,0,0,0,0,0,2,0,0,79.99971874434722033986006579,0,0,0,79.99971874434722033986006579,6.65600000000,0.0,0.0,39.99985937217361016993003290,0,0,0,0,0,0,0,0,0,0,0,0,89.99969684046453816962201275,0E-26,0E-26,89.99969684046453816962201275,0,0,0,0,0,0,0.45,0,0,0,0,0,0,0,0,0,0,2300.000547364935370420531938,2300.000547364935370420531942,19.99994104586444675977596393,0.0,0.0,0.0,yield_seeking,0.1578947368421052631578947368,0.1578947368413810004370557668,-0.0004736842105241430013111673004,0,0,0,0,0,0,0,0,0,0,0,0,0,0,0,0,0,0,0,0,0,0,0,0,0,0,0,0,0,0,0,0,0,0,0,0,0,0,0.0,0.0,0.0,0.0,0.0,0.0,0.0,0.0,0.0,0.0,0.0,0.0,0,0,0,0,0,0,0,0,0,0,0,0,0,0,0,0,0,0,0,0,0,0,0,0,0,0,0,0,0,0,0,0,0,0,0,0E-26,0E-26,2,2,0,0,0,0,1,1,0E-26,0E-26,0,0,1,1,0E-26,0E-26,0,0,0,0,0,0,0,0,0,0,0,0,0,0,0,0,0,0,0,0,0,0,2,2,0,0,2,0,0,0,0,0,0,0,0,0,0,50.0,0.0,50.0,50.0,0.0,50.0,0,0,0,0,0,0,0.0,0.0,0.0
123,0.0,20,20,0.20,0.0,historical,19.99994677814348184792159915,0.20,0.3075,normal,0,1,0,0,,False,0,0.00,159.9995058569211477315464628,0.00005322185651815207840085,159.9994526350646295794680619,179.9994526350646295794680619,179.9994526350646295794680619,1.0,1,79.99974609163790316059059809,0,19.99994677814348184792159915,0,0,0,0,0,0,0,0,0,0,0,0,0,0,0,0,0,0,0,0,179.9994526350646295794680620,0E-26,5E-25,159.9995058569211477315464623,159.9995058569211477315464623,0E-26,0E-27,0.0,20.00,0,0E-26,2340.000494143078852268453533,0,20,20,159.9994526350646295794680619,19.99994677814348184792159915,179.9994526350646295794680619,159.9995058569211477315464628,-19.9999467781434818479215991,2340.000494143078852268453533,0E-26,0,19.99994677814348184792159915,0,20,19.99994677814348184792159915,179.9994526350646295794680619,159.9994526350646295794680619,0,199.9993994132081114273896610,6,True,19.99994677814348184792159915,11.59996806688608910875295949,0,331.5989265588718664197674841,319.9989584919857773110145246,2340.000494143078852268453533,79.99974609163790316059059859,79.99974609163790316059059809,0E-16,79.99974609163790316059059859,0E-26,0,0,0,0,0,159.9995058569211477315464628,179.9994526350646295794680619,179.9994526350646295794680619,179.9994526350646295794680619,0,False,179.9994526350646295794680619,179.9994526350646295794680619,False,179.9994526350646295794680619,0.0,0.00005322185651815207840085,0,0,99.99975976528324457095586427,79.99975976528324457095586427,47.99985585916994674257351856,31.99990390611329782838234571,47.99985585916994674257351856,31.99990390611329782838234571,79.99978711257392739168639661,0,0,0,79.99978711257392739168639661,1.000000000000000000000000000,0E-35,0.079999936522708008099647572,0.0,0.0,0.0,0.0,0.0,0.0,0.0,0.0,0,0,0,2,6.65600000000,0.0,0.0,39.99987304581895158029529904,0.0,0.0,0.0,0.0,0.0,0,0,5E-25,0,0,0,0,0,0,0,0E-11,0E-11,0,0,0,0,0,0,0,0,0.0,0,0,0,0,0,0,0,0,0,0,0,0,0,0,0,0,0,0,0,0,0,0,0,False,0,0,0,0,0,0,0,0,0,0,0,0,0,0,0,0,0,0,0E-26,0E-26,0,0,0,0,0,0,False,0,0,0,0,0,0,0,0,0,0,0,0,0,0,0,0,0,0,0,0,0,0,0,0,0,0,0,0,0,0,0,0,0,0,0,0,0,0,0,0,2,0,0,79.99974609163790316059059809,0,0,0,79.99974609163790316059059809,6.65600000000,0.0,0.0,39.99987304581895158029529904,0,0,0,0,0,0,0,0,0,0,0,0,89.99972631753231478973403075,0E-26,0E-26,89.99972631753231478973403075,0,0,0,0,0,0,0.45,0,0,0,0,0,0,0,0,0,0,2320.000494143078852268453537,2320.000494143078852268453541,19.99994677814348184792159915,0.0,0.0,0.0,yield_seeking,0.1578947368421052631578947368,0.1578947368415258529812235608,-0.0004736842105245775589436706824,0,0,0,0,0,0,0,0,0,0,0,0,0,0,0,0,0,0,0,0,0,0,0,0,0,0,0,0,0,0,0,0,0,0,0,0,0,0,0.0,0.0,0.0,0.0,0.0,0.0,0.0,0.0,0.0,0.0,0.0,0.0,0,0,0,0,0,0,0,0,0,0,0,0,0,0,0,0,0,0,0,0,0,0,0,0,0,0,0,0,0,0,0,0,0,0,0,0E-26,0E-26,2,2,0,0,0,0,1,1,0E-26,0E-26,0,0,1,1,0E-26,0E-26,0,0,0,0,0,0,0,0,0,0,0,0,0,0,0,0,0,0,0,0,0,0,2,2,0,0,2,0,0,0,0,0,0,0,0,0,0,50.0,0.0,50.0,50.0,0.0,50.0,0,0,0,0,0,0,0.0,0.0,0.0
124,0.0,20,20,0.20,0.0,historical,19.99995195305664891419117285,0.20,0.3100,normal,0,1,0,0,,False,0,0.00,159.9995539038644988173552900,0.00004804694335108580882715,159.9995058569211477315464628,179.9995058569211477315464628,179.9995058569211477315464628,1.0,1,79.99977077987338015906023542,0,19.99995195305664891419117285,0,0,0,0,0,0,0,0,0,0,0,0,0,0,0,0,0,0,0,0,179.9995058569211477315464628,0E-27,5E-25,159.9995539038644988173552895,159.9995539038644988173552895,0E-26,0E-27,0.0,20.00,0,0E-27,2360.000446096135501182644705,0,20,20,159.9995058569211477315464628,19.99995195305664891419117285,179.9995058569211477315464628,159.9995539038644988173552900,-19.9999519530566489141911728,2360.000446096135501182644705,0E-27,0,19.99995195305664891419117285,0,20,19.99995195305664891419117285,179.9995058569211477315464628,159.9995058569211477315464628,0,199.9994578099777966457376356,6,True,19.99995195305664891419117285,8.399980781222659565676469142,0,328.3990405420083061145782219,319.9990597607856465489017527,2360.000446096135501182644705,79.99977077987338015906023592,79.99977077987338015906023542,0E-16,79.99977077987338015906023592,0E-26,0,0,0,0,0,159.9995539038644988173552900,179.9995058569211477315464628,179.9995058569211477315464628,179.9995058569211477315464628,0,False,179.9995058569211477315464628,179.9995058569211477315464628,False,179.9995058569211477315464628,0.0,0.00004804694335108580882715,0,0,99.99978312399111865829505409,79.99978312399111865829505409,47.99986987439467119497703245,31.99991324959644746331802164,47.99986987439467119497703245,31.99991324959644746331802164,79.99980781222659565676469142,0,0,0,79.99980781222659565676469142,1.000000000000000000000000000,0E-35,0.079999942694804151236659704,0.0,0.0,0.0,0.0,0.0,0.0,0.0,0.0,0,0,0,2,6.65600000000,0.0,0.0,39.99988538993669007953011771,0.0,0.0,0.0,0.0,0.0,0,0,5E-25,0,0,0,0,0,0,0,0E-11,0E-11,0,0,0,0,0,0,0,0,0.0,0,0,0,0,0,0,0,0,0,0,0,0,0,0,0,0,0,0,0,0,0,0,0,False,0,0,0,0,0,0,0,0,0,0,0,0,0,0,0,0,0,0,0E-26,0E-27,0,0,0,0,0,0,False,0,0,0,0,0,0,0,0,0,0,0,0,0,0,0,0,0,0,0,0,0,0,0,0,0,0,0,0,0,0,0,0,0,0,0,0,0,0,0,0,2,0,0,79.99977077987338015906023542,0,0,0,79.99977077987338015906023542,6.65600000000,0.0,0.0,39.99988538993669007953011771,0,0,0,0,0,0,0,0,0,0,0,0,89.9997529284605738657732312,0E-26,0E-26,89.9997529284605738657732312,0,0,0,0,0,0,0.45,0,0,0,0,0,0,0,0,0,0,2340.000446096135501182644710,2340.000446096135501182644714,19.99995195305664891419117285,0.0,0.0,0.0,yield_seeking,0.1578947368421052631578947368,0.1578947368416417350165577960,-0.0004736842105249252050496733880,0,0,0,0,0,0,0,0,0,0,0,0,0,0,0,0,0,0,0,0,0,0,0,0,0,0,0,0,0,0,0,0,0,0,0,0,0,0,0.0,0.0,0.0,0.0,0.0,0.0,0.0,0.0,0.0,0.0,0.0,0.0,0,0,0,0,0,0,0,0,0,0,0,0,0,0,0,0,0,0,0,0,0,0,0,0,0,0,0,0,0,0,0,0,0,0,0,0E-26,0E-26,2,2,0,0,0,0,1,1,0E-26,0E-26,0,0,1,1,0E-26,0E-26,0,0,0,0,0,0,0,0,0,0,0,0,0,0,0,0,0,0,0,0,0,0,2,2,0,0,2,0,0,0,0,0,0,0,0,0,0,50.0,0.0,50.0,50.0,0.0,50.0,0,0,0,0,0,0,0.0,0.0,0.0
125,0.0,20,20,0.20,0.0,historical,19.99995662479822373165901082,0.20,0.3125,normal,0,1,0,0,,False,0,0.00,159.9995972790662750856962792,0.00004337520177626834098918,159.9995539038644988173552900,179.9995539038644988173552900,179.9995539038644988173552900,1.0,1,79.99979306760118606609055856,0,19.99995662479822373165901082,0,0,0,0,0,0,0,0,0,0,0,0,0,0,0,0,0,0,0,0,179.9995539038644988173552900,0E-26,6E-25,159.9995972790662750856962786,159.9995972790662750856962786,0E-26,0E-27,0.0,20.00,0,0E-26,2380.000402720933724914303715,0,20,20,159.9995539038644988173552900,19.99995662479822373165901082,179.9995539038644988173552900,159.9995972790662750856962792,-19.9999566247982237316590108,2380.000402720933724914303715,0E-26,0,19.99995662479822373165901082,0,20,19.99995662479822373165901082,179.9995539038644988173552900,159.9995539038644988173552900,0,199.9995105286627225490143008,6,True,19.99995662479822373165901082,11.59997397487893423899540649,0,331.5991251578097081420469757,319.9991511829307739030515692,2380.000402720933724914303715,79.99979306760118606609055916,79.99979306760118606609055856,0E-16,79.99979306760118606609055916,0E-26,0,0,0,0,0,159.9995972790662750856962792,179.9995539038644988173552900,179.9995539038644988173552900,179.9995539038644988173552900,0,False,179.9995539038644988173552900,179.9995539038644988173552900,False,179.9995539038644988173552900,0.0,0.00004337520177626834098918,0,0,99.99980421146508901960572014,79.99980421146508901960572014,47.99988252687905341176343209,31.99992168458603560784228805,47.99988252687905341176343209,31.99992168458603560784228805,79.99982649919289492663604327,0,0,0,79.99982649919289492663604327,1.000000000000000000000000000,0E-35,0.079999948266766480490140219,0.0,0.0,0.0,0.0,0.0,0.0,0.0,0.0,0,0,0,2,6.65600000000,0.0,0.0,39.99989653380059303304527928,0.0,0.0,0.0,0.0,0.0,0,0,6E-25,0,0,0,0,0,0,0,0E-11,0E-11,0,0,0,0,0,0,0,0,0.0,0,0,0,0,0,0,0,0,0,0,0,0,0,0,0,0,0,0,0,0,0,0,0,False,0,0,0,0,0,0,0,0,0,0,0,0,0,0,0,0,0,0,0E-26,0E-26,0,0,0,0,0,0,False,0,0,0,0,0,0,0,0,0,0,0,0,0,0,0,0,0,0,0,0,0,0,0,0,0,0,0,0,0,0,0,0,0,0,0,0,0,0,0,0,2,0,0,79.99979306760118606609055856,0,0,0,79.99979306760118606609055856,6.65600000000,0.0,0.0,39.99989653380059303304527928,0,0,0,0,0,0,0,0,0,0,0,0,89.99977695193224940867764475,0E-26,0E-26,89.99977695193224940867764475,0,0,0,0,0,0,0.45,0,0,0,0,0,0,0,0,0,0,2360.000402720933724914303721,2360.000402720933724914303725,19.99995662479822373165901082,0.0,0.0,0.0,yield_seeking,0.1578947368421052631578947368,0.1578947368417344406448251842,-0.0004736842105252033219344755526,0,0,0,0,0,0,0,0,0,0,0,0,0,0,0,0,0,0,0,0,0,0,0,0,0,0,0,0,0,0,0,0,0,0,0,0,0,0,0.0,0.0,0.0,0.0,0.0,0.0,0.0,0.0,0.0,0.0,0.0,0.0,0,0,0,0,0,0,0,0,0,0,0,0,0,0,0,0,0,0,0,0,0,0,0,0,0,0,0,0,0,0,0,0,0,0,0,0E-26,0E-26,2,2,0,0,0,0,1,1,0E-26,0E-26,0,0,1,1,0E-26,0E-26,0,0,0,0,0,0,0,0,0,0,0,0,0,0,0,0,0,0,0,0,0,0,2,2,0,0,2,0,0,0,0,0,0,0,0,0,0,50.0,0.0,50.0,50.0,0.0,50.0,0,0,0,0,0,0,0.0,0.0,0.0
126,0.0,20,20,0.20,0.0,historical,19.99996084229301780392114403,0.20,0.3150,normal,0,1,0,0,,False,0,0.00,159.9996364367732572817751352,0.00003915770698219607885597,159.9995972790662750856962792,179.9995972790662750856962792,179.9995972790662750856962792,1.0,1,79.99981318822954012592816557,0,19.99996084229301780392114403,0,0,0,0,0,0,0,0,0,0,0,0,0,0,0,0,0,0,0,0,179.9995972790662750856962792,0E-27,6E-25,159.9996364367732572817751346,159.9996364367732572817751346,0E-26,0E-27,0.0,20.00,0,0E-27,2400.000363563226742718224860,0,20,20,159.9995972790662750856962792,19.99996084229301780392114403,179.9995972790662750856962792,159.9996364367732572817751352,-19.9999608422930178039211440,2400.000363563226742718224860,0E-27,0,19.99996084229301780392114403,0,20,19.99996084229301780392114403,179.9995972790662750856962792,159.9995972790662750856962792,0,199.9995581213592928896174232,6,True,19.99996084229301780392114403,8.399984336917207121568457610,0,328.3992180527567394890398720,319.9992337158395323674714144,2400.000363563226742718224860,79.99981318822954012592816617,79.99981318822954012592816557,0E-16,79.99981318822954012592816617,0E-26,0,0,0,0,0,159.9996364367732572817751352,179.9995972790662750856962792,179.9995972790662750856962792,179.9995972790662750856962792,0,False,179.9995972790662750856962792,179.9995972790662750856962792,False,179.9995972790662750856962792,0.0,0.00003915770698219607885597,0,0,99.99982324854371715584696908,79.99982324854371715584696908,47.99989394912623029350818145,31.99992929941748686233878763,47.99989394912623029350818145,31.99992929941748686233878763,79.99984336917207121568457611,0,0,0,79.99984336917207121568457611,1.000000000000000000000000000,0E-35,0.079999953296948326534369552,0.0,0.0,0.0,0.0,0.0,0.0,0.0,0.0,0,0,0,2,6.65600000000,0.0,0.0,39.99990659411477006296408278,0.0,0.0,0.0,0.0,0.0,0,0,6E-25,0,0,0,0,0,0,0,0E-11,0E-11,0,0,0,0,0,0,0,0,0.0,0,0,0,0,0,0,0,0,0,0,0,0,0,0,0,0,0,0,0,0,0,0,0,False,0,0,0,0,0,0,0,0,0,0,0,0,0,0,0,0,0,0,0E-26,0E-27,0,0,0,0,0,0,False,0,0,0,0,0,0,0,0,0,0,0,0,0,0,0,0,0,0,0,0,0,0,0,0,0,0,0,0,0,0,0,0,0,0,0,0,0,0,0,0,2,0,0,79.99981318822954012592816557,0,0,0,79.99981318822954012592816557,6.65600000000,0.0,0.0,39.99990659411477006296408278,0,0,0,0,0,0,0,0,0,0,0,0,89.99979863953313754284813935,0E-26,0E-26,89.99979863953313754284813935,0,0,0,0,0,0,0.45,0,0,0,0,0,0,0,0,0,0,2380.000363563226742718224864,2380.000363563226742718224869,19.99996084229301780392114403,0.0,0.0,0.0,yield_seeking,0.1578947368421052631578947368,0.1578947368418086051474390947,-0.0004736842105254258154423172841,0,0,0,0,0,0,0,0,0,0,0,0,0,0,0,0,0,0,0,0,0,0,0,0,0,0,0,0,0,0,0,0,0,0,0,0,0,0,0.0,0.0,0.0,0.0,0.0,0.0,0.0,0.0,0.0,0.0,0.0,0.0,0,0,0,0,0,0,0,0,0,0,0,0,0,0,0,0,0,0,0,0,0,0,0,0,0,0,0,0,0,0,0,0,0,0,0,0E-26,0E-26,2,2,0,0,0,0,1,1,0E-26,0E-26,0,0,1,1,0E-26,0E-26,0,0,0,0,0,0,0,0,0,0,0,0,0,0,0,0,0,0,0,0,0,0,2,2,0,0,2,0,0,0,0,0,0,0,0,0,0,50.0,0.0,50.0,50.0,0.0,50.0,0,0,0,0,0,0,0.0,0.0,0.0
127,0.0,20,20,0.20,0.0,historical,19.99996464970874343116939382,0.20,0.3175,normal,0,1,0,0,,False,0,0.00,159.9996717870645138506057414,0.00003535029125656883060618,159.9996364367732572817751352,179.9996364367732572817751352,179.9996364367732572817751352,1.0,1,79.99983135247171356542792946,0,19.99996464970874343116939382,0,0,0,0,0,0,0,0,0,0,0,0,0,0,0,0,0,0,0,0,179.9996364367732572817751352,0E-26,6E-25,159.9996717870645138506057408,159.9996717870645138506057408,0E-26,0E-27,0.0,20.00,0,0E-26,2420.000328212935486149394253,0,20,20,159.9996364367732572817751352,19.99996464970874343116939382,179.9996364367732572817751352,159.9996717870645138506057414,-19.9999646497087434311693938,2420.000328212935486149394253,0E-26,0,19.99996464970874343116939382,0,20,19.99996464970874343116939382,179.9996364367732572817751352,159.9996364367732572817751352,0,199.9996010864820007129445290,6,True,19.99996464970874343116939382,11.59997878982524605870163629,0,331.5992870136630171910825129,319.9993082238377711323808766,2420.000328212935486149394253,79.99983135247171356542793006,79.99983135247171356542792946,0E-16,79.99983135247171356542793006,0E-26,0,0,0,0,0,159.9996717870645138506057414,179.9996364367732572817751352,179.9996364367732572817751352,179.9996364367732572817751352,0,False,179.9996364367732572817751352,179.9996364367732572817751352,False,179.9996364367732572817751352,0.0,0.00003535029125656883060618,0,0,99.99984043459280028517781139,79.99984043459280028517781139,47.99990426075568017110668684,31.99993617383712011407112455,47.99990426075568017110668684,31.99993617383712011407112455,79.99985859883497372467757526,0,0,0,79.99985859883497372467757526,1.000000000000000000000000000,0E-35,0.079999957838029046988995611,0.0,0.0,0.0,0.0,0.0,0.0,0.0,0.0,0,0,0,2,6.65600000000,0.0,0.0,39.99991567623585678271396473,0.0,0.0,0.0,0.0,0.0,0,0,6E-25,0,0,0,0,0,0,0,0E-11,0E-11,0,0,0,0,0,0,0,0,0.0,0,0,0,0,0,0,0,0,0,0,0,0,0,0,0,0,0,0,0,0,0,0,0,False,0,0,0,0,0,0,0,0,0,0,0,0,0,0,0,0,0,0,0E-26,0E-26,0,0,0,0,0,0,False,0,0,0,0,0,0,0,0,0,0,0,0,0,0,0,0,0,0,0,0,0,0,0,0,0,0,0,0,0,0,0,0,0,0,0,0,0,0,0,0,2,0,0,79.99983135247171356542792946,0,0,0,79.99983135247171356542792946,6.65600000000,0.0,0.0,39.99991567623585678271396473,0,0,0,0,0,0,0,0,0,0,0,0,89.99981821838662864088756735,0E-26,0E-26,89.99981821838662864088756735,0,0,0,0,0,0,0.45,0,0,0,0,0,0,0,0,0,0,2400.000328212935486149394258,2400.000328212935486149394263,19.99996464970874343116939382,0.0,0.0,0.0,yield_seeking,0.1578947368421052631578947368,0.1578947368418679367495302231,-0.0004736842105256038102485906693,0,0,0,0,0,0,0,0,0,0,0,0,0,0,0,0,0,0,0,0,0,0,0,0,0,0,0,0,0,0,0,0,0,0,0,0,0,0,0.0,0.0,0.0,0.0,0.0,0.0,0.0,0.0,0.0,0.0,0.0,0.0,0,0,0,0,0,0,0,0,0,0,0,0,0,0,0,0,0,0,0,0,0,0,0,0,0,0,0,0,0,0,0,0,0,0,0,0E-26,0E-26,2,2,0,0,0,0,1,1,0E-26,0E-26,0,0,1,1,0E-26,0E-26,0,0,0,0,0,0,0,0,0,0,0,0,0,0,0,0,0,0,0,0,0,0,2,2,0,0,2,0,0,0,0,0,0,0,0,0,0,50.0,0.0,50.0,50.0,0.0,50.0,0,0,0,0,0,0,0.0,0.0,0.0
128,0.0,20,20,0.20,0.0,historical,19.99996808691856005703556228,0.20,0.3200,normal,0,1,0,0,,False,0,0.00,159.9997037001459537935701791,0.00003191308143994296443772,159.9996717870645138506057414,179.9996717870645138506057414,179.9996717870645138506057414,1.0,1,79.99984775055272423051365731,0,19.99996808691856005703556228,0,0,0,0,0,0,0,0,0,0,0,0,0,0,0,0,0,0,0,0,179.9996717870645138506057414,0E-26,6E-25,159.9997037001459537935701785,159.9997037001459537935701785,0E-26,0E-27,0.0,20.00,0,0E-26,2440.000296299854046206429815,0,20,20,159.9996717870645138506057414,19.99996808691856005703556228,179.9996717870645138506057414,159.9997037001459537935701791,-19.9999680869185600570355623,2440.000296299854046206429815,0E-26,0,19.99996808691856005703556228,0,20,19.99996808691856005703556228,179.9996717870645138506057414,159.9996717870645138506057414,0,199.9996398739830739076413037,6,True,19.99996808691856005703556228,11.59998085215113603422133737,0,331.5993563393616036783972579,319.9993754872104676441759205,2440.000296299854046206429815,79.99984775055272423051365791,79.99984775055272423051365731,0E-16,79.99984775055272423051365791,0E-26,0,0,0,0,0,159.9997037001459537935701791,179.9996717870645138506057414,179.9996717870645138506057414,179.9996717870645138506057414,0,False,179.9996717870645138506057414,179.9996717870645138506057414,False,179.9996717870645138506057414,0.0,0.00003191308143994296443772,0,0,99.99985594959322956305652124,79.99985594959322956305652124,47.99991356975593773783391274,31.99994237983729182522260850,47.99991356975593773783391274,31.99994237983729182522260850,79.99987234767424022814224911,0,0,0,79.99987234767424022814224911,1.000000000000000000000000000,0E-35,0.079999961937565743750409861,0.0,0.0,0.0,0.0,0.0,0.0,0.0,0.0,0,0,0,2,6.65600000000,0.0,0.0,39.99992387527636211525682866,0.0,0.0,0.0,0.0,0.0,0,0,6E-25,0,0,0,0,0,0,0,0E-11,0E-11,0,0,0,0,0,0,0,0,0.0,0,0,0,0,0,0,0,0,0,0,0,0,0,0,0,0,0,0,0,0,0,0,0,False,0,0,0,0,0,0,0,0,0,0,0,0,0,0,0,0,0,0,0E-26,0E-26,0,0,0,0,0,0,False,0,0,0,0,0,0,0,0,0,0,0,0,0,0,0,0,0,0,0,0,0,0,0,0,0,0,0,0,0,0,0,0,0,0,0,0,0,0,0,0,2,0,0,79.99984775055272423051365731,0,0,0,79.99984775055272423051365731,6.65600000000,0.0,0.0,39.99992387527636211525682866,0,0,0,0,0,0,0,0,0,0,0,0,89.9998358935322569253028704,0E-26,0E-26,89.9998358935322569253028704,0,0,0,0,0,0,0.45,0,0,0,0,0,0,0,0,0,0,2420.000296299854046206429820,2420.000296299854046206429825,19.99996808691856005703556228,0.0,0.0,0.0,yield_seeking,0.1578947368421052631578947368,0.1578947368419154020312031258,-0.0004736842105257462060936093774,0,0,0,0,0,0,0,0,0,0,0,0,0,0,0,0,0,0,0,0,0,0,0,0,0,0,0,0,0,0,0,0,0,0,0,0,0,0,0.0,0.0,0.0,0.0,0.0,0.0,0.0,0.0,0.0,0.0,0.0,0.0,0,0,0,0,0,0,0,0,0,0,0,0,0,0,0,0,0,0,0,0,0,0,0,0,0,0,0,0,0,0,0,0,0,0,0,0E-26,0E-26,2,2,0,0,0,0,1,1,0E-26,0E-26,0,0,1,1,0E-26,0E-26,0,0,0,0,0,0,0,0,0,0,0,0,0,0,0,0,0,0,0,0,0,0,2,2,0,0,2,0,0,0,0,0,0,0,0,0,0,50.0,0.0,50.0,50.0,0.0,50.0,0,0,0,0,0,0,0.0,0.0,0.0
129,0.0,20,20,0.20,0.0,historical,19.99997118991864591261130425,0.20,0.3225,normal,0,1,0,0,,False,0,0.00,159.9997325102273078809588748,0.00002881008135408738869575,159.9997037001459537935701791,179.9997037001459537935701791,179.9997037001459537935701791,1.0,1,79.99986255420146799848628117,0,19.99997118991864591261130425,0,0,0,0,0,0,0,0,0,0,0,0,0,0,0,0,0,0,0,0,179.9997037001459537935701790,0E-27,6E-25,159.9997325102273078809588742,159.9997325102273078809588742,0E-26,0E-27,0.0,20.00,0,0E-27,2460.000267489772692119041120,0,20,20,159.9997037001459537935701791,19.99997118991864591261130425,179.9997037001459537935701791,159.9997325102273078809588748,-19.9999711899186459126113043,2460.000267489772692119041120,0E-27,0,19.99997118991864591261130425,0,20,19.99997118991864591261130425,179.9997037001459537935701791,159.9997037001459537935701791,0,199.9996748900645997061814834,6,True,19.99997118991864591261130425,8.399988475967458365044521700,0,328.3994246863407200395735757,319.9994362103732616745290540,2460.000267489772692119041120,79.99986255420146799848628177,79.99986255420146799848628117,0E-16,79.99986255420146799848628177,0E-26,0,0,0,0,0,159.9997325102273078809588748,179.9997037001459537935701791,179.9997037001459537935701791,179.9997037001459537935701791,0,False,179.9997037001459537935701791,179.9997037001459537935701791,False,179.9997037001459537935701791,0.0,0.00002881008135408738869575,0,0,99.99986995602583988247259311,79.99986995602583988247259311,47.99992197361550392948355587,31.99994798241033595298903724,47.99992197361550392948355587,31.99994798241033595298903724,79.99988475967458365044521699,0,0,0,79.99988475967458365044521699,1.000000000000000000000000000,0E-35,0.079999965638491331437150134,0.0,0.0,0.0,0.0,0.0,0.0,0.0,0.0,0,0,0,2,6.65600000000,0.0,0.0,39.99993127710073399924314058,0.0,0.0,0.0,0.0,0.0,0,0,6E-25,0,0,0,0,0,0,0,0E-11,0E-11,0,0,0,0,0,0,0,0,0.0,0,0,0,0,0,0,0,0,0,0,0,0,0,0,0,0,0,0,0,0,0,0,0,False,0,0,0,0,0,0,0,0,0,0,0,0,0,0,0,0,0,0,0E-26,0E-27,0,0,0,0,0,0,False,0,0,0,0,0,0,0,0,0,0,0,0,0,0,0,0,0,0,0,0,0,0,0,0,0,0,0,0,0,0,0,0,0,0,0,0,0,0,0,0,2,0,0,79.99986255420146799848628117,0,0,0,79.99986255420146799848628117,6.65600000000,0.0,0.0,39.99993127710073399924314058,0,0,0,0,0,0,0,0,0,0,0,0,89.99985185007297689678508925,0E-26,0E-26,89.99985185007297689678508925,0,0,0,0,0,0,0.45,0,0,0,0,0,0,0,0,0,0,2440.000267489772692119041125,2440.000267489772692119041129,19.99997118991864591261130425,0.0,0.0,0.0,yield_seeking,0.1578947368421052631578947368,0.1578947368419533742565414480,-0.0004736842105258601227696243440,0,0,0,0,0,0,0,0,0,0,0,0,0,0,0,0,0,0,0,0,0,0,0,0,0,0,0,0,0,0,0,0,0,0,0,0,0,0,0.0,0.0,0.0,0.0,0.0,0.0,0.0,0.0,0.0,0.0,0.0,0.0,0,0,0,0,0,0,0,0,0,0,0,0,0,0,0,0,0,0,0,0,0,0,0,0,0,0,0,0,0,0,0,0,0,0,0,0E-26,0E-26,2,2,0,0,0,0,1,1,0E-26,0E-26,0,0,1,1,0E-26,0E-26,0,0,0,0,0,0,0,0,0,0,0,0,0,0,0,0,0,0,0,0,0,0,2,2,0,0,2,0,0,0,0,0,0,0,0,0,0,50.0,0.0,50.0,50.0,0.0,50.0,0,0,0,0,0,0,0.0,0.0,0.0
130,0.0,20,20,0.20,0.0,historical,19.99997399120516797649451862,0.20,0.3250,normal,0,1,0,0,,False,0,0.00,159.9997585190221399044643562,0.00002600879483202350548138,159.9997325102273078809588748,179.9997325102273078809588748,179.9997325102273078809588748,1.0,1,79.99987591844914956148299854,0,19.99997399120516797649451862,0,0,0,0,0,0,0,0,0,0,0,0,0,0,0,0,0,0,0,0,179.9997325102273078809588748,0E-27,5E-25,159.9997585190221399044643557,159.9997585190221399044643557,0E-26,0E-27,0.0,20.00,0,0E-27,2480.000241480977860095535639,0,20,20,159.9997325102273078809588748,19.99997399120516797649451862,179.9997325102273078809588748,159.9997585190221399044643562,-19.9999739912051679764945186,2480.000241480977860095535639,0E-27,0,19.99997399120516797649451862,0,20,19.99997399120516797649451862,179.9997325102273078809588748,159.9997325102273078809588748,0,199.9997065014324758574533934,6,True,19.99997399120516797649451862,8.399989596482067190597807448,0,328.3994806257315149760210384,319.9994910292494477854232310,2480.000241480977860095535639,79.99987591844914956148299904,79.99987591844914956148299854,0E-16,79.99987591844914956148299904,0E-26,0,0,0,0,0,159.9997585190221399044643562,179.9997325102273078809588748,179.9997325102273078809588748,179.9997325102273078809588748,0,False,179.9997325102273078809588748,179.9997325102273078809588748,False,179.9997325102273078809588748,0.0,0.00002600879483202350548138,0,0,99.99988260057299034298135716,79.99988260057299034298135716,47.99992956034379420578881430,31.99995304022919613719254286,47.99992956034379420578881430,31.99995304022919613719254286,79.99989596482067190597807449,0,0,0,79.99989596482067190597807449,1.000000000000000000000000000,0E-35,0.079999968979564174093054061,0.0,0.0,0.0,0.0,0.0,0.0,0.0,0.0,0,0,0,2,6.65600000000,0.0,0.0,39.99993795922457478074149927,0.0,0.0,0.0,0.0,0.0,0,0,5E-25,0,0,0,0,0,0,0,0E-11,0E-11,0,0,0,0,0,0,0,0,0.0,0,0,0,0,0,0,0,0,0,0,0,0,0,0,0,0,0,0,0,0,0,0,0,False,0,0,0,0,0,0,0,0,0,0,0,0,0,0,0,0,0,0,0E-26,0E-27,0,0,0,0,0,0,False,0,0,0,0,0,0,0,0,0,0,0,0,0,0,0,0,0,0,0,0,0,0,0,0,0,0,0,0,0,0,0,0,0,0,0,0,0,0,0,0,2,0,0,79.99987591844914956148299854,0,0,0,79.99987591844914956148299854,6.65600000000,0.0,0.0,39.99993795922457478074149927,0,0,0,0,0,0,0,0,0,0,0,0,89.99986625511365394047943715,0E-26,0E-26,89.99986625511365394047943715,0,0,0,0,0,0,0.45,0,0,0,0,0,0,0,0,0,0,2460.000241480977860095535643,2460.000241480977860095535648,19.99997399120516797649451862,0.0,0.0,0.0,yield_seeking,0.1578947368421052631578947368,0.1578947368419837520368121058,-0.0004736842105259512561104363174,0,0,0,0,0,0,0,0,0,0,0,0,0,0,0,0,0,0,0,0,0,0,0,0,0,0,0,0,0,0,0,0,0,0,0,0,0,0,0.0,0.0,0.0,0.0,0.0,0.0,0.0,0.0,0.0,0.0,0.0,0.0,0,0,0,0,0,0,0,0,0,0,0,0,0,0,0,0,0,0,0,0,0,0,0,0,0,0,0,0,0,0,0,0,0,0,0,0E-26,0E-26,2,2,0,0,0,0,1,1,0E-26,0E-26,0,0,1,1,0E-26,0E-26,0,0,0,0,0,0,0,0,0,0,0,0,0,0,0,0,0,0,0,0,0,0,2,2,0,0,2,0,0,0,0,0,0,0,0,0,0,50.0,0.0,50.0,50.0,0.0,50.0,0,0,0,0,0,0,0.0,0.0,0.0
131,0.0,20,20,0.20,0.0,historical,19.99997652011459806859627143,0.20,0.3275,normal,0,1,0,0,,False,0,0.00,159.9997819989075418358680848,0.00002347988540193140372857,159.9997585190221399044643562,179.9997585190221399044643562,179.9997585190221399044643562,1.0,1,79.99988798325284664664383340,0,19.99997652011459806859627143,0,0,0,0,0,0,0,0,0,0,0,0,0,0,0,0,0,0,0,0,179.9997585190221399044643562,0E-27,6E-25,159.9997819989075418358680842,159.9997819989075418358680842,0E-26,0E-27,0.0,20.00,0,0E-27,2500.000218001092458164131910,0,20,20,159.9997585190221399044643562,19.99997652011459806859627143,179.9997585190221399044643562,159.9997819989075418358680848,-19.9999765201145980685962714,2500.000218001092458164131910,0E-27,0,19.99997652011459806859627143,0,20,19.99997652011459806859627143,179.9997585190221399044643562,159.9997585190221399044643562,0,199.9997350391367379730606276,6,True,19.99997652011459806859627143,8.399990608045839227438508572,0,328.3995311259755209677709495,319.9995405179296817403324410,2500.000218001092458164131910,79.99988798325284664664383400,79.99988798325284664664383340,0E-16,79.99988798325284664664383400,0E-26,0,0,0,0,0,159.9997819989075418358680848,179.9997585190221399044643562,179.9997585190221399044643562,179.9997585190221399044643562,0,False,179.9997585190221399044643562,179.9997585190221399044643562,False,179.9997585190221399044643562,0.0,0.00002347988540193140372857,0,0,99.99989401565469518922425084,79.99989401565469518922425084,47.99993640939281711353455051,31.99995760626187807568970033,47.99993640939281711353455051,31.99995760626187807568970033,79.99990608045839227438508573,0,0,0,79.99990608045839227438508573,1.000000000000000000000000000,0E-35,0.079999971995773999882872452,0.0,0.0,0.0,0.0,0.0,0.0,0.0,0.0,0,0,0,2,6.65600000000,0.0,0.0,39.99994399162642332332191670,0.0,0.0,0.0,0.0,0.0,0,0,6E-25,0,0,0,0,0,0,0,0E-11,0E-11,0,0,0,0,0,0,0,1,0.0,0,0,0,0,0,0,0,0,0,0,0,0,0,0,0,0,0,0,0,0,0,0,0,False,0,0,0,0,0,0,0,0,0,0,0,0,0,0,0,0,0,0,0E-26,0E-27,0,0,0,0,0,0,False,0,0,0,0,0,0,0,0,0,0,0,0,0,0,0,0,0,0,0,0,0,0,0,0,0,0,0,0,0,0,0,0,0,0,0,0,0,0,0,0,2,0,0,79.99988798325284664664383340,0,0,0,79.99988798325284664664383340,6.65600000000,0.0,0.0,39.99994399162642332332191670,0,0,0,0,0,0,0,0,0,0,0,0,89.99987925951106995223217785,0E-26,0E-26,89.99987925951106995223217785,0,0,0,0,0,0,0.45,0,0,0,0,0,0,0,0,0,0,2480.000218001092458164131915,2480.000218001092458164131919,19.99997652011459806859627143,0.0,0.0,0.0,yield_seeking,0.1578947368421052631578947368,0.1578947368420080542610286320,-0.0004736842105260241627830858960,0,0,0,0,0,0,0,0,0,0,0,0,0,0,0,0,0,0,0,0,0,0,0,0,0,0,0,0,0,0,0,0,0,0,0,0,0,0,0.0,0.0,0.0,0.0,0.0,0.0,0.0,0.0,0.0,0.0,0.0,0.0,0,0,0,0,0,0,0,0,0,0,0,0,0,0,0,0,0,0,0,0,0,0,0,0,0,0,0,0,0,0,0,0,0,0,0,0E-26,0E-26,2,2,0,0,0,0,1,1,0E-26,0E-26,0,0,1,1,0E-26,0E-26,0,0,0,0,0,0,0,0,0,0,0,0,0,0,0,0,0,0,0,0,0,0,2,2,0,0,2,0,0,0,0,0,0,0,0,0,0,50.0,0.0,50.0,50.0,0.0,50.0,0,0,0,0,0,0,0.0,0.0,0.0
132,0.0,20,20,0.20,0.0,historical,19.99997880313093903784485017,0.20,0.3300,normal,0,1,0,0,,False,0,0.00,159.9998031957766027980232346,0.00002119686906096215514983,159.9997819989075418358680848,179.9997819989075418358680848,179.9997819989075418358680848,1.0,1,79.99989887496121044853806026,0,19.99997880313093903784485017,0,0,0,0,0,0,0,0,0,0,0,0,0,0,0,0,0,0,0,0,179.9997819989075418358680848,0E-27,6E-25,159.9998031957766027980232340,159.9998031957766027980232340,0E-26,0E-27,0.0,20.00,0,0E-27,2520.000196804223397201976761,0,20,20,159.9997819989075418358680848,19.99997880313093903784485017,179.9997819989075418358680848,159.9998031957766027980232346,-19.9999788031309390378448502,2520.000196804223397201976761,0E-27,0,19.99997880313093903784485017,0,20,19.99997880313093903784485017,179.9997819989075418358680848,159.9997819989075418358680848,0,199.9997608020384808737129350,6,True,19.99997880313093903784485017,8.399991521252375615137940066,0,328.3995767159365202490292595,319.9995851946841446338913194,2520.000196804223397201976761,79.99989887496121044853806086,79.99989887496121044853806026,0E-16,79.99989887496121044853806086,0E-26,0,0,0,0,0,159.9998031957766027980232346,179.9997819989075418358680848,179.9997819989075418358680848,179.9997819989075418358680848,0,False,179.9997819989075418358680848,179.9997819989075418358680848,False,179.9997819989075418358680848,0.0,0.00002119686906096215514983,0,0,99.99990432081539234948517377,79.99990432081539234948517377,47.99994259248923540969110427,31.99996172832615693979406950,47.99994259248923540969110427,31.99996172832615693979406950,79.99991521252375615137940067,0,0,0,79.99991521252375615137940067,1.000000000000000000000000000,0E-35,0.079999974718708345467144332,0.0,0.0,0.0,0.0,0.0,0.0,0.0,0.0,0,0,0,2,6.65600000000,0.0,0.0,39.99994943748060522426903013,0.0,0.0,0.0,0.0,0.0,0,0,6E-25,0,0,0,0,0,0,0,0E-12,0E-12,0,0,0,0,0,0,0,0,0.0,0,0,0,0,0,0,0,0,0,0,0,0,0,0,0,0,0,0,0,0,0,0,0,False,0,0,0,0,0,0,0,0,0,0,0,0,0,0,0,0,0,0,0E-26,0E-27,0,0,0,0,0,0,False,0,0,0,0,0,0,0,0,0,0,0,0,0,0,0,0,0,0,0,0,0,0,0,0,0,0,0,0,0,0,0,0,0,0,0,0,0,0,0,0,2,0,0,79.99989887496121044853806026,0,0,0,79.99989887496121044853806026,6.65600000000,0.0,0.0,39.99994943748060522426903013,0,0,0,0,0,0,0,0,0,0,0,0,89.9998909994537709179340421,0E-26,0E-26,89.9998909994537709179340421,0,0,0,0,0,0,0.45,0,0,0,0,0,0,0,0,0,0,2500.000196804223397201976765,2500.000196804223397201976769,19.99997880313093903784485017,0.0,0.0,0.0,yield_seeking,0.1578947368421052631578947368,0.1578947368420274960404018530,-0.0004736842105260824881212055590,0,0,0,0,0,0,0,0,0,0,0,0,0,0,0,0,0,0,0,0,0,0,0,0,0,0,0,0,0,0,0,0,0,0,0,0,0,0,0.0,0.0,0.0,0.0,0.0,0.0,0.0,0.0,0.0,0.0,0.0,0.0,0,0,0,0,0,0,0,0,0,0,0,0,0,0,0,0,0,0,0,0,0,0,0,0,0,0,0,0,0,0,0,0,0,0,0,0E-26,0E-26,2,2,0,0,0,0,1,1,0E-26,0E-26,0,0,1,1,0E-26,0E-26,0,0,0,0,0,0,0,0,0,0,0,0,0,0,0,0,0,0,0,0,0,0,2,2,0,0,2,0,0,0,0,0,0,0,0,0,0,50.0,0.0,50.0,50.0,0.0,50.0,0,0,0,0,0,0,0.0,0.0,0.0
133,0.0,20,20,0.20,0.0,historical,19.99998086416307846989703475,0.20,0.3325,normal,0,1,0,0,,False,0,0.00,159.9998223316135243281261998,0.00001913583692153010296525,159.9998031957766027980232346,179.9998031957766027980232346,179.9998031957766027980232346,1.0,1,79.99990870763765182095809175,0,19.99998086416307846989703475,0,0,0,0,0,0,0,0,0,0,0,0,0,0,0,0,0,0,0,0,179.9998031957766027980232346,0E-27,5E-25,159.9998223316135243281261993,159.9998223316135243281261993,0E-26,0E-27,0.0,20.00,0,0E-27,2540.000177668386475671873796,0,20,20,159.9998031957766027980232346,19.99998086416307846989703475,179.9998031957766027980232346,159.9998223316135243281261998,-19.9999808641630784698970348,2540.000177668386475671873796,0E-27,0,19.99998086416307846989703475,0,20,19.99998086416307846989703475,179.9998031957766027980232346,159.9998031957766027980232346,0,199.9997840599396812679202694,6,True,19.99998086416307846989703475,8.399992345665231387958813900,0,328.3996178730553585141082483,319.9996255273901271261494345,2540.000177668386475671873796,79.99990870763765182095809225,79.99990870763765182095809175,0E-16,79.99990870763765182095809225,0E-26,0,0,0,0,0,159.9998223316135243281261998,179.9998031957766027980232346,179.9998031957766027980232346,179.9998031957766027980232346,0,False,179.9998031957766027980232346,179.9998031957766027980232346,False,179.9998031957766027980232346,0.0,0.00001913583692153010296525,0,0,99.99991362397587250716810752,79.99991362397587250716810752,47.99994817438552350430086452,31.99996544959034900286724300,47.99994817438552350430086452,31.99996544959034900286724300,79.99992345665231387958813902,0,0,0,79.99992345665231387958813902,1.000000000000000000000000000,0E-35,0.079999977176883368252321269,0.0,0.0,0.0,0.0,0.0,0.0,0.0,0.0,0,0,0,2,6.65600000000,0.0,0.0,39.99995435381882591047904588,0.0,0.0,0.0,0.0,0.0,0,0,5E-25,0,0,0,0,0,0,0,0E-12,0E-12,0,0,0,0,0,0,0,0,0.0,0,0,0,0,0,0,0,0,0,0,0,0,0,0,0,0,0,0,0,0,0,0,0,False,0,0,0,0,0,0,0,0,0,0,0,0,0,0,0,0,0,0,0E-26,0E-27,0,0,0,0,0,0,False,0,0,0,0,0,0,0,0,0,0,0,0,0,0,0,0,0,0,0,0,0,0,0,0,0,0,0,0,0,0,0,0,0,0,0,0,0,0,0,0,2,0,0,79.99990870763765182095809175,0,0,0,79.99990870763765182095809175,6.65600000000,0.0,0.0,39.99995435381882591047904588,0,0,0,0,0,0,0,0,0,0,0,0,89.9999015978883013990116170,0E-26,0E-26,89.9999015978883013990116170,0,0,0,0,0,0,0.45,0,0,0,0,0,0,0,0,0,0,2520.000177668386475671873800,2520.000177668386475671873804,19.99998086416307846989703475,0.0,0.0,0.0,yield_seeking,0.1578947368421052631578947368,0.1578947368420430494639004298,-0.0004736842105261291483917012894,0,0,0,0,0,0,0,0,0,0,0,0,0,0,0,0,0,0,0,0,0,0,0,0,0,0,0,0,0,0,0,0,0,0,0,0,0,0,0.0,0.0,0.0,0.0,0.0,0.0,0.0,0.0,0.0,0.0,0.0,0.0,0,0,0,0,0,0,0,0,0,0,0,0,0,0,0,0,0,0,0,0,0,0,0,0,0,0,0,0,0,0,0,0,0,0,0,0E-26,0E-26,2,2,0,0,0,0,1,1,0E-26,0E-26,0,0,1,1,0E-26,0E-26,0,0,0,0,0,0,0,0,0,0,0,0,0,0,0,0,0,0,0,0,0,0,2,2,0,0,2,0,0,0,0,0,0,0,0,0,0,50.0,0.0,50.0,50.0,0.0,50.0,0,0,0,0,0,0,0.0,0.0,0.0
134,0.0,20,20,0.20,0.0,historical,19.99998272479517450143362150,0.20,0.3350,normal,0,1,0,0,,False,0,0.00,159.9998396068183498266925783,0.00001727520482549856637850,159.9998223316135243281261998,179.9998223316135243281261998,179.9998223316135243281261998,1.0,1,79.99991758425487029486864950,0,19.99998272479517450143362150,0,0,0,0,0,0,0,0,0,0,0,0,0,0,0,0,0,0,0,0,179.9998223316135243281261998,0E-27,5E-25,159.9998396068183498266925778,159.9998396068183498266925778,0E-26,0E-27,0.0,20.00,0,0E-27,2560.000160393181650173307417,0,20,20,159.9998223316135243281261998,19.99998272479517450143362150,179.9998223316135243281261998,159.9998396068183498266925783,-19.9999827247951745014336215,2560.000160393181650173307417,0E-27,0,19.99998272479517450143362150,0,20,19.99998272479517450143362150,179.9998223316135243281261998,159.9998223316135243281261998,0,199.9998050564086988295598213,6,True,19.99998272479517450143362150,8.399993089918069800573448600,0,328.3996550283499439553922267,319.9996619384318741548187781,2560.000160393181650173307417,79.99991758425487029486865000,79.99991758425487029486864950,0E-16,79.99991758425487029486865000,0E-26,0,0,0,0,0,159.9998396068183498266925783,179.9998223316135243281261998,179.9998223316135243281261998,179.9998223316135243281261998,0,False,179.9998223316135243281261998,179.9998223316135243281261998,False,179.9998223316135243281261998,0.0,0.00001727520482549856637850,0,0,99.99992202256347953182392831,79.99992202256347953182392831,47.99995321353808771909435698,31.99996880902539181272957133,47.99995321353808771909435698,31.99996880902539181272957133,79.99993089918069800573448602,0,0,0,79.99993089918069800573448602,1.000000000000000000000000000,0E-36,0.079999979396042491442333555,0.0,0.0,0.0,0.0,0.0,0.0,0.0,0.0,0,0,0,2,6.65600000000,0.0,0.0,39.99995879212743514743432475,0.0,0.0,0.0,0.0,0.0,0,0,5E-25,0,0,0,0,0,0,0,0E-12,0E-12,0,0,0,0,0,0,0,0,0.0,0,0,0,0,0,0,0,0,0,0,0,0,0,0,0,0,0,0,0,0,0,0,0,False,0,0,0,0,0,0,0,0,0,0,0,0,0,0,0,0,0,0,0E-26,0E-27,0,0,0,0,0,0,False,0,0,0,0,0,0,0,0,0,0,0,0,0,0,0,0,0,0,0,0,0,0,0,0,0,0,0,0,0,0,0,0,0,0,0,0,0,0,0,0,2,0,0,79.99991758425487029486864950,0,0,0,79.99991758425487029486864950,6.65600000000,0.0,0.0,39.99995879212743514743432475,0,0,0,0,0,0,0,0,0,0,0,0,89.99991116580676216406309965,0E-26,0E-26,89.99991116580676216406309965,0,0,0,0,0,0,0.45,0,0,0,0,0,0,0,0,0,0,2540.000160393181650173307422,2540.000160393181650173307426,19.99998272479517450143362150,0.0,0.0,0.0,yield_seeking,0.1578947368421052631578947368,0.1578947368420554922026992912,-0.0004736842105261664766080978736,0,0,0,0,0,0,0,0,0,0,0,0,0,0,0,0,0,0,0,0,0,0,0,0,0,0,0,0,0,0,0,0,0,0,0,0,0,0,0.0,0.0,0.0,0.0,0.0,0.0,0.0,0.0,0.0,0.0,0.0,0.0,0,0,0,0,0,0,0,0,0,0,0,0,0,0,0,0,0,0,0,0,0,0,0,0,0,0,0,0,0,0,0,0,0,0,0,0E-26,0E-26,2,2,0,0,0,0,1,1,0E-26,0E-26,0,0,1,1,0E-26,0E-26,0,0,0,0,0,0,0,0,0,0,0,0,0,0,0,0,0,0,0,0,0,0,2,2,0,0,2,0,0,0,0,0,0,0,0,0,0,50.0,0.0,50.0,50.0,0.0,50.0,0,0,0,0,0,0,0.0,0.0,0.0
135,0.0,20,20,0.20,0.0,historical,19.99998440451269590636478566,0.20,0.3375,normal,0,1,0,0,,False,0,0.00,159.9998552023056539203277926,0.00001559548730409363521433,159.9998396068183498266925783,179.9998396068183498266925783,179.9998396068183498266925783,1.0,1,79.99992559777323562710484676,0,19.99998440451269590636478567,0,0,0,0,0,0,0,0,0,0,0,0,0,0,0,0,0,0,0,0,179.9998396068183498266925783,0E-27,4E-25,159.9998552023056539203277922,159.9998552023056539203277922,0E-26,0E-27,0.0,20.00,0,0E-27,2580.000144797694346079672202,0,20,20,159.9998396068183498266925783,19.99998440451269590636478567,179.9998396068183498266925783,159.9998552023056539203277926,-19.9999844045126959063647857,2580.000144797694346079672202,0E-27,0,19.99998440451269590636478567,0,20,19.99998440451269590636478567,179.9998396068183498266925783,159.9998396068183498266925783,0,199.9998240113310457330573640,6,True,19.99998440451269590636478567,8.399993761805078362545914266,0,328.3996885709290821095662852,319.9996948091240037470203709,2580.000144797694346079672202,79.99992559777323562710484716,79.99992559777323562710484676,0E-16,79.99992559777323562710484716,0E-26,0,0,0,0,0,159.9998552023056539203277926,179.9998396068183498266925783,179.9998396068183498266925783,179.9998396068183498266925783,0,False,179.9998396068183498266925783,179.9998396068183498266925783,False,179.9998396068183498266925783,0.0,0.00001559548730409363521433,0,0,99.99992960453241829322294539,79.99992960453241829322294539,47.99995776271945097593376724,31.99997184181296731728917815,47.99995776271945097593376724,31.99997184181296731728917815,79.99993761805078362545914264,0,0,0,79.99993761805078362545914264,1.000000000000000000000000000,0E-36,0.079999981399426009855226684,0.0,0.0,0.0,0.0,0.0,0.0,0.0,0.0,0,0,0,2,6.65600000000,0.0,0.0,39.99996279888661781355242338,0.0,0.0,0.0,0.0,0.0,0,0,4E-25,0,0,0,0,0,0,0,0E-12,0E-12,0,0,0,0,0,0,0,0,0.0,0,0,0,0,0,0,0,0,0,0,0,0,0,0,0,0,0,0,0,0,0,0,0,False,0,0,0,0,0,0,0,0,0,0,0,0,0,0,0,0,0,0,0E-26,0E-27,0,0,0,0,0,0,False,0,0,0,0,0,0,0,0,0,0,0,0,0,0,0,0,0,0,0,0,0,0,0,0,0,0,0,0,0,0,0,0,0,0,0,0,0,0,0,0,2,0,0,79.99992559777323562710484676,0,0,0,79.99992559777323562710484676,6.65600000000,0.0,0.0,39.99996279888661781355242338,0,0,0,0,0,0,0,0,0,0,0,0,89.9999198034091749133462889,0E-26,0E-26,89.9999198034091749133462889,0,0,0,0,0,0,0.45,0,0,0,0,0,0,0,0,0,0,2560.000144797694346079672207,2560.000144797694346079672212,19.99998440451269590636478567,0.0,0.0,0.0,yield_seeking,0.1578947368421052631578947368,0.1578947368420654463937383803,-0.0004736842105261963391812151409,0,0,0,0,0,0,0,0,0,0,0,0,0,0,0,0,0,0,0,0,0,0,0,0,0,0,0,0,0,0,0,0,0,0,0,0,0,0,0.0,0.0,0.0,0.0,0.0,0.0,0.0,0.0,0.0,0.0,0.0,0.0,0,0,0,0,0,0,0,0,0,0,0,0,0,0,0,0,0,0,0,0,0,0,0,0,0,0,0,0,0,0,0,0,0,0,0,0E-26,0E-26,2,2,0,0,0,0,1,1,0E-26,0E-26,0,0,1,1,0E-26,0E-26,0,0,0,0,0,0,0,0,0,0,0,0,0,0,0,0,0,0,0,0,0,0,2,2,0,0,2,0,0,0,0,0,0,0,0,0,0,50.0,0.0,50.0,50.0,0.0,50.0,0,0,0,0,0,0,0.0,0.0,0.0
136,0.0,20,20,0.20,0.0,historical,19.99998592090648365864458908,0.20,0.3400,normal,0,1,0,0,,False,0,0.00,159.9998692813991702616832035,0.00001407909351634135541092,159.9998552023056539203277926,179.9998552023056539203277926,179.9998552023056539203277926,1.0,1,79.99993283211431523009425057,0,19.99998592090648365864458908,0,0,0,0,0,0,0,0,0,0,0,0,0,0,0,0,0,0,0,0,179.9998552023056539203277926,0E-27,4E-25,159.9998692813991702616832031,159.9998692813991702616832031,0E-26,0E-27,0.0,20.00,0,0E-27,2600.000130718600829738316791,0,20,20,159.9998552023056539203277926,19.99998592090648365864458908,179.9998552023056539203277926,159.9998692813991702616832035,-19.9999859209064836586445891,2600.000130718600829738316791,0E-27,0,19.99998592090648365864458908,0,20,19.99998592090648365864458908,179.9998552023056539203277926,159.9998552023056539203277926,0,199.9998411232121375789723817,6,True,19.99998592090648365864458908,8.399994368362593463457835630,0,328.3997188520674176454688317,319.9997244837048241820109961,2600.000130718600829738316791,79.99993283211431523009425097,79.99993283211431523009425057,0E-16,79.99993283211431523009425097,0E-26,0,0,0,0,0,159.9998692813991702616832035,179.9998552023056539203277926,179.9998552023056539203277926,179.9998552023056539203277926,0,False,179.9998552023056539203277926,179.9998552023056539203277926,False,179.9998552023056539203277926,0.0,0.00001407909351634135541092,0,0,99.99993644928485503158895249,79.99993644928485503158895249,47.99996186957091301895337149,31.99997457971394201263558100,47.99996186957091301895337149,31.99997457971394201263558100,79.99994368362593463457835631,0,0,0,79.99994368362593463457835631,1.000000000000000000000000000,0E-36,0.079999983208014480280475952,0.0,0.0,0.0,0.0,0.0,0.0,0.0,0.0,0,0,0,2,6.65600000000,0.0,0.0,39.99996641605715761504712528,0.0,0.0,0.0,0.0,0.0,0,0,4E-25,0,0,0,0,0,0,0,0E-12,0E-12,0,0,0,0,0,0,0,0,0.0,0,0,0,0,0,0,0,0,0,0,0,0,0,0,0,0,0,0,0,0,0,0,0,False,0,0,0,0,0,0,0,0,0,0,0,0,0,0,0,0,0,0,0E-26,0E-27,0,0,0,0,0,0,False,0,0,0,0,0,0,0,0,0,0,0,0,0,0,0,0,0,0,0,0,0,0,0,0,0,0,0,0,0,0,0,0,0,0,0,0,0,0,0,0,2,0,0,79.99993283211431523009425057,0,0,0,79.99993283211431523009425057,6.65600000000,0.0,0.0,39.99996641605715761504712528,0,0,0,0,0,0,0,0,0,0,0,0,89.99992760115282696016389605,0E-26,0E-26,89.99992760115282696016389605,0,0,0,0,0,0,0.45,0,0,0,0,0,0,0,0,0,0,2580.000130718600829738316796,2580.000130718600829738316801,19.99998592090648365864458908,0.0,0.0,0.0,yield_seeking,0.1578947368421052631578947368,0.1578947368420734097465696516,-0.0004736842105262202292397089548,0,0,0,0,0,0,0,0,0,0,0,0,0,0,0,0,0,0,0,0,0,0,0,0,0,0,0,0,0,0,0,0,0,0,0,0,0,0,0.0,0.0,0.0,0.0,0.0,0.0,0.0,0.0,0.0,0.0,0.0,0.0,0,0,0,0,0,0,0,0,0,0,0,0,0,0,0,0,0,0,0,0,0,0,0,0,0,0,0,0,0,0,0,0,0,0,0,0E-26,0E-26,2,2,0,0,0,0,1,1,0E-26,0E-26,0,0,1,1,0E-26,0E-26,0,0,0,0,0,0,0,0,0,0,0,0,0,0,0,0,0,0,0,0,0,0,2,2,0,0,2,0,0,0,0,0,0,0,0,0,0,50.0,0.0,50.0,50.0,0.0,50.0,0,0,0,0,0,0,0.0,0.0,0.0
137,0.0,20,20,0.20,0.0,historical,19.99998728985697100631779050,0.20,0.3425,normal,0,1,0,0,,False,0,0.00,159.9998819915421992553654130,0.00001271014302899368220950,159.9998692813991702616832035,179.9998692813991702616832035,179.9998692813991702616832035,1.0,1,79.99993936303974274816501510,0,19.99998728985697100631779050,0,0,0,0,0,0,0,0,0,0,0,0,0,0,0,0,0,0,0,0,179.9998692813991702616832035,0E-27,4E-25,159.9998819915421992553654126,159.9998819915421992553654126,0E-26,0E-27,0.0,20.00,0,0E-27,2620.000118008457800744634581,0,20,20,159.9998692813991702616832035,19.99998728985697100631779050,179.9998692813991702616832035,159.9998819915421992553654130,-19.9999872898569710063177905,2620.000118008457800744634581,0E-27,0,19.99998728985697100631779050,0,20,19.99998728985697100631779050,179.9998692813991702616832035,159.9998692813991702616832035,0,199.9998565712561412680009940,6,True,19.99998728985697100631779050,8.399994915942788402527116200,0,328.3997461888841579195757327,319.9997512729413695170486165,2620.000118008457800744634581,79.99993936303974274816501550,79.99993936303974274816501510,0E-16,79.99993936303974274816501550,0E-26,0,0,0,0,0,159.9998819915421992553654130,179.9998692813991702616832035,179.9998692813991702616832035,179.9998692813991702616832035,0,False,179.9998692813991702616832035,179.9998692813991702616832035,False,179.9998692813991702616832035,0.0,0.00001271014302899368220950,0,0,99.99994262850245650720039742,79.99994262850245650720039742,47.99996557710147390432023845,31.99997705140098260288015897,47.99996557710147390432023845,31.99997705140098260288015897,79.99994915942788402527116199,0,0,0,79.99994915942788402527116199,1.000000000000000000000000000,0E-36,0.079999984840748445550365792,0.0,0.0,0.0,0.0,0.0,0.0,0.0,0.0,0,0,0,2,6.65600000000,0.0,0.0,39.99996968151987137408250755,0.0,0.0,0.0,0.0,0.0,0,0,4E-25,0,0,0,0,0,0,0,0E-12,0E-12,0,0,0,0,0,0,0,0,0.0,0,0,0,0,0,0,0,0,0,0,0,0,0,0,0,0,0,0,0,0,0,0,0,False,0,0,0,0,0,0,0,0,0,0,0,0,0,0,0,0,0,0,0E-26,0E-27,0,0,0,0,0,0,False,0,0,0,0,0,0,0,0,0,0,0,0,0,0,0,0,0,0,0,0,0,0,0,0,0,0,0,0,0,0,0,0,0,0,0,0,0,0,0,0,2,0,0,79.99993936303974274816501510,0,0,0,79.99993936303974274816501510,6.65600000000,0.0,0.0,39.99996968151987137408250755,0,0,0,0,0,0,0,0,0,0,0,0,89.9999346406995851308416015,0E-26,0E-26,89.9999346406995851308416015,0,0,0,0,0,0,0.45,0,0,0,0,0,0,0,0,0,0,2600.000118008457800744634586,2600.000118008457800744634592,19.99998728985697100631779050,0.0,0.0,0.0,yield_seeking,0.1578947368421052631578947368,0.1578947368420797804288346686,-0.0004736842105262393412865040058,0,0,0,0,0,0,0,0,0,0,0,0,0,0,0,0,0,0,0,0,0,0,0,0,0,0,0,0,0,0,0,0,0,0,0,0,0,0,0.0,0.0,0.0,0.0,0.0,0.0,0.0,0.0,0.0,0.0,0.0,0.0,0,0,0,0,0,0,0,0,0,0,0,0,0,0,0,0,0,0,0,0,0,0,0,0,0,0,0,0,0,0,0,0,0,0,0,0E-26,0E-26,2,2,0,0,0,0,1,1,0E-26,0E-26,0,0,1,1,0E-26,0E-26,0,0,0,0,0,0,0,0,0,0,0,0,0,0,0,0,0,0,0,0,0,0,2,2,0,0,2,0,0,0,0,0,0,0,0,0,0,50.0,0.0,50.0,50.0,0.0,50.0,0,0,0,0,0,0,0.0,0.0,0.0
138,0.0,20,20,0.20,0.0,historical,19.99998852570049130144007948,0.20,0.3450,normal,0,1,0,0,,False,0,0.00,159.9998934658417079539253335,0.00001147429950869855992052,159.9998819915421992553654130,179.9998819915421992553654130,179.9998819915421992553654130,1.0,1,79.99994525894463173120313623,0,19.99998852570049130144007948,0,0,0,0,0,0,0,0,0,0,0,0,0,0,0,0,0,0,0,0,179.9998819915421992553654130,0E-26,5E-25,159.9998934658417079539253330,159.9998934658417079539253330,0E-26,0E-27,0.0,20.00,0,0E-26,2640.000106534158292046074661,0,20,20,159.9998819915421992553654130,19.99998852570049130144007948,179.9998819915421992553654130,159.9998934658417079539253335,-19.9999885257004913014400795,2640.000106534158292046074661,0E-26,0,19.99998852570049130144007948,0,20,19.99998852570049130144007948,179.9998819915421992553654130,159.9998819915421992553654130,0,199.9998705172426905568054925,6,True,19.99998852570049130144007948,11.59999311542029478086404769,0,331.5997685728042019901547942,319.9997754573839072092907465,2640.000106534158292046074661,79.99994525894463173120313673,79.99994525894463173120313623,0E-16,79.99994525894463173120313673,0E-26,0,0,0,0,0,159.9998934658417079539253335,179.9998819915421992553654130,179.9998819915421992553654130,179.9998819915421992553654130,0,False,179.9998819915421992553654130,179.9998819915421992553654130,False,179.9998819915421992553654130,0.0,0.00001147429950869855992052,0,0,99.99994820689707622272219681,79.99994820689707622272219681,47.99996892413824573363331809,31.99997928275883048908887872,47.99996892413824573363331809,31.99997928275883048908887872,79.99995410280196520576031794,0,0,0,79.99995410280196520576031794,1.000000000000000000000000000,0E-36,0.079999986314726793604071770,0.0,0.0,0.0,0.0,0.0,0.0,0.0,0.0,0,0,0,2,6.65600000000,0.0,0.0,39.99997262947231586560156812,0.0,0.0,0.0,0.0,0.0,0,0,5E-25,0,0,0,0,0,0,0,0E-12,0E-12,0,0,0,0,0,0,0,0,0.0,0,0,0,0,0,0,0,0,0,0,0,0,0,0,0,0,0,0,0,0,0,0,0,False,0,0,0,0,0,0,0,0,0,0,0,0,0,0,0,0,0,0,0E-26,0E-26,0,0,0,0,0,0,False,0,0,0,0,0,0,0,0,0,0,0,0,0,0,0,0,0,0,0,0,0,0,0,0,0,0,0,0,0,0,0,0,0,0,0,0,0,0,0,0,2,0,0,79.99994525894463173120313623,0,0,0,79.99994525894463173120313623,6.65600000000,0.0,0.0,39.99997262947231586560156812,0,0,0,0,0,0,0,0,0,0,0,0,89.99994099577109962768270625,0E-26,0E-26,89.99994099577109962768270625,0,0,0,0,0,0,0.45,0,0,0,0,0,0,0,0,0,0,2620.000106534158292046074666,2620.000106534158292046074671,19.99998852570049130144007948,0.0,0.0,0.0,yield_seeking,0.1578947368421052631578947368,0.1578947368420848769746466822,-0.0004736842105262546309239400466,0,0,0,0,0,0,0,0,0,0,0,0,0,0,0,0,0,0,0,0,0,0,0,0,0,0,0,0,0,0,0,0,0,0,0,0,0,0,0.0,0.0,0.0,0.0,0.0,0.0,0.0,0.0,0.0,0.0,0.0,0.0,0,0,0,0,0,0,0,0,0,0,0,0,0,0,0,0,0,0,0,0,0,0,0,0,0,0,0,0,0,0,0,0,0,0,0,0E-26,0E-26,2,2,0,0,0,0,1,1,0E-26,0E-26,0,0,1,1,0E-26,0E-26,0,0,0,0,0,0,0,0,0,0,0,0,0,0,0,0,0,0,0,0,0,0,2,2,0,0,2,0,0,0,0,0,0,0,0,0,0,50.0,0.0,50.0,50.0,0.0,50.0,0,0,0,0,0,0,0.0,0.0,0.0
139,0.0,20,20,0.20,0.0,historical,19.99998964137941524454443936,0.20,0.3475,normal,0,1,0,0,,False,0,0.00,159.9999038244622927093808941,0.00001035862058475545556064,159.9998934658417079539253335,179.9998934658417079539253335,179.9998934658417079539253335,1.0,1,79.99995058157384342999298470,0,19.99998964137941524454443936,0,0,0,0,0,0,0,0,0,0,0,0,0,0,0,0,0,0,0,0,179.9998934658417079539253335,0E-26,4E-25,159.9999038244622927093808937,159.9999038244622927093808937,0E-26,0E-27,0.0,20.00,0,0E-26,2660.000096175537707290619102,0,20,20,159.9998934658417079539253335,19.99998964137941524454443936,179.9998934658417079539253335,159.9999038244622927093808941,-19.9999896413794152445444394,2660.000096175537707290619102,0E-26,0,19.99998964137941524454443936,0,20,19.99998964137941524454443936,179.9998934658417079539253335,159.9998934658417079539253335,0,199.9998831072211231984697729,6,True,19.99998964137941524454443936,11.59999378482764914672666362,0,331.5997910751316498100328913,319.9997972903040006633062276,2660.000096175537707290619102,79.99995058157384342999298510,79.99995058157384342999298470,0E-16,79.99995058157384342999298510,0E-26,0,0,0,0,0,159.9999038244622927093808941,179.9998934658417079539253335,179.9998934658417079539253335,179.9998934658417079539253335,0,False,179.9998934658417079539253335,179.9998934658417079539253335,False,179.9998934658417079539253335,0.0,0.00001035862058475545556064,0,0,99.99995324288844927938790896,79.99995324288844927938790896,47.99997194573306956763274537,31.99998129715537971175516359,47.99997194573306956763274537,31.99998129715537971175516359,79.99995856551766097817775745,0,0,0,79.99995856551766097817775745,1.000000000000000000000000000,0E-36,0.079999987645385829037646988,0.0,0.0,0.0,0.0,0.0,0.0,0.0,0.0,0,0,0,2,6.65600000000,0.0,0.0,39.99997529078692171499649235,0.0,0.0,0.0,0.0,0.0,0,0,4E-25,0,0,0,0,0,0,0,0E-12,0E-12,0,0,0,0,0,0,0,0,0.0,0,0,0,0,0,0,0,0,0,0,0,0,0,0,0,0,0,0,0,0,0,0,0,False,0,0,0,0,0,0,0,0,0,0,0,0,0,0,0,0,0,0,0E-26,0E-26,0,0,0,0,0,0,False,0,0,0,0,0,0,0,0,0,0,0,0,0,0,0,0,0,0,0,0,0,0,0,0,0,0,0,0,0,0,0,0,0,0,0,0,0,0,0,0,2,0,0,79.99995058157384342999298470,0,0,0,79.99995058157384342999298470,6.65600000000,0.0,0.0,39.99997529078692171499649235,0,0,0,0,0,0,0,0,0,0,0,0,89.9999467329208539769626665,0E-26,0E-26,89.9999467329208539769626665,0,0,0,0,0,0,0.45,0,0,0,0,0,0,0,0,0,0,2640.000096175537707290619106,2640.000096175537707290619110,19.99998964137941524454443936,0.0,0.0,0.0,yield_seeking,0.1578947368421052631578947368,0.1578947368420889542112962931,-0.0004736842105262668626338888793,0,0,0,0,0,0,0,0,0,0,0,0,0,0,0,0,0,0,0,0,0,0,0,0,0,0,0,0,0,0,0,0,0,0,0,0,0,0,0.0,0.0,0.0,0.0,0.0,0.0,0.0,0.0,0.0,0.0,0.0,0.0,0,0,0,0,0,0,0,0,0,0,0,0,0,0,0,0,0,0,0,0,0,0,0,0,0,0,0,0,0,0,0,0,0,0,0,0E-26,0E-26,2,2,0,0,0,0,1,1,0E-26,0E-26,0,0,1,1,0E-26,0E-26,0,0,0,0,0,0,0,0,0,0,0,0,0,0,0,0,0,0,0,0,0,0,2,2,0,0,2,0,0,0,0,0,0,0,0,0,0,50.0,0.0,50.0,50.0,0.0,50.0,0,0,0,0,0,0,0.0,0.0,0.0
140,0.0,20,20,0.20,0.0,historical,19.99999064857768985587758179,0.20,0.3500,normal,0,1,0,0,,False,0,0.00,159.9999131758846028535033123,0.00000935142231014412241821,159.9999038244622927093808941,179.9999038244622927093808941,179.9999038244622927093808941,1.0,1,79.99995538666860982739992171,0,19.99999064857768985587758179,0,0,0,0,0,0,0,0,0,0,0,0,0,0,0,0,0,0,0,0,179.9999038244622927093808941,0E-26,4E-25,159.9999131758846028535033119,159.9999131758846028535033119,0E-26,0E-27,0.0,20.00,0,0E-26,2680.000086824115397146496684,0,20,20,159.9999038244622927093808941,19.99999064857768985587758179,179.9999038244622927093808941,159.9999131758846028535033123,-19.9999906485776898558775818,2680.000086824115397146496684,0E-26,0,19.99999064857768985587758179,0,20,19.99999064857768985587758179,179.9999038244622927093808941,159.9999038244622927093808941,0,199.9998944730399825652584759,6,True,19.99999064857768985587758179,11.59999438914661391352654907,0,331.5998113894935094764107554,319.9998170003468955628842064,2680.000086824115397146496684,79.99995538666860982739992211,79.99995538666860982739992171,0E-16,79.99995538666860982739992211,0E-26,0,0,0,0,0,159.9999131758846028535033123,179.9999038244622927093808941,179.9999038244622927093808941,179.9999038244622927093808941,0,False,179.9999038244622927093808941,179.9999038244622927093808941,False,179.9999038244622927093808941,0.0,0.00000935142231014412241821,0,0,99.99995778921599302610339018,79.99995778921599302610339018,47.99997467352959581566203411,31.99998311568639721044135607,47.99997467352959581566203411,31.99998311568639721044135607,79.99996259431075942351032717,0,0,0,79.99996259431075942351032717,1.000000000000000000000000000,0E-36,0.079999988846660932611700976,0.0,0.0,0.0,0.0,0.0,0.0,0.0,0.0,0,0,0,2,6.65600000000,0.0,0.0,39.99997769333430491369996086,0.0,0.0,0.0,0.0,0.0,0,0,4E-25,0,0,0,0,0,0,0,0E-12,0E-12,0,0,0,0,0,0,0,0,0.0,0,0,0,0,0,0,0,0,0,0,0,0,0,0,0,0,0,0,0,0,0,0,0,False,0,0,0,0,0,0,0,0,0,0,0,0,0,0,0,0,0,0,0E-26,0E-26,0,0,0,0,0,0,False,0,0,0,0,0,0,0,0,0,0,0,0,0,0,0,0,0,0,0,0,0,0,0,0,0,0,0,0,0,0,0,0,0,0,0,0,0,0,0,0,2,0,0,79.99995538666860982739992171,0,0,0,79.99995538666860982739992171,6.65600000000,0.0,0.0,39.99997769333430491369996086,0,0,0,0,0,0,0,0,0,0,0,0,89.99995191223114635469044685,0E-26,0E-26,89.99995191223114635469044685,0,0,0,0,0,0,0.45,0,0,0,0,0,0,0,0,0,0,2660.000086824115397146496688,2660.000086824115397146496692,19.99999064857768985587758179,0.0,0.0,0.0,yield_seeking,0.1578947368421052631578947368,0.1578947368420922160006159818,-0.0004736842105262766480018479454,0,0,0,0,0,0,0,0,0,0,0,0,0,0,0,0,0,0,0,0,0,0,0,0,0,0,0,0,0,0,0,0,0,0,0,0,0,0,0.0,0.0,0.0,0.0,0.0,0.0,0.0,0.0,0.0,0.0,0.0,0.0,0,0,0,0,0,0,0,0,0,0,0,0,0,0,0,0,0,0,0,0,0,0,0,0,0,0,0,0,0,0,0,0,0,0,0,0E-26,0E-26,2,2,0,0,0,0,1,1,0E-26,0E-26,0,0,1,1,0E-26,0E-26,0,0,0,0,0,0,0,0,0,0,0,0,0,0,0,0,0,0,0,0,0,0,2,2,0,0,2,0,0,0,0,0,0,0,0,0,0,50.0,0.0,50.0,50.0,0.0,50.0,0,0,0,0,0,0,0.0,0.0,0.0
141,0.0,20,20,0.20,0.0,historical,19.99999155784319860522067804,0.20,0.3525,normal,0,1,0,0,,False,0,0.00,159.9999216180414042482826343,0.00000844215680139477932197,159.9999131758846028535033123,179.9999131758846028535033123,179.9999131758846028535033123,1.0,1,79.99995972455028366479303785,0,19.99999155784319860522067803,0,0,0,0,0,0,0,0,0,0,0,0,0,0,0,0,0,0,0,0,179.9999131758846028535033123,0E-26,5E-25,159.9999216180414042482826338,159.9999216180414042482826338,0E-26,0E-27,0.0,20.00,0,0E-26,2700.000078381958595751717363,0,20,20,159.9999131758846028535033123,19.99999155784319860522067803,179.9999131758846028535033123,159.9999216180414042482826343,-19.9999915578431986052206780,2700.000078381958595751717363,0E-26,0,19.99999155784319860522067803,0,20,19.99999155784319860522067803,179.9999131758846028535033123,159.9999131758846028535033123,0,199.9999047337278014587239903,6,True,19.99999155784319860522067803,11.59999493470591916313240682,0,331.5998297286319262649183534,319.9998347939260071017859466,2700.000078381958595751717363,79.99995972455028366479303835,79.99995972455028366479303785,0E-16,79.99995972455028366479303835,0E-26,0,0,0,0,0,159.9999216180414042482826343,179.9999131758846028535033123,179.9999131758846028535033123,179.9999131758846028535033123,0,False,179.9999131758846028535033123,179.9999131758846028535033123,False,179.9999131758846028535033123,0.0,0.00000844215680139477932197,0,0,99.99996189349112058348959597,79.99996189349112058348959597,47.99997713609467235009375758,31.99998475739644823339583839,47.99997713609467235009375758,31.99998475739644823339583839,79.99996623137279442088271215,0,0,0,79.99996623137279442088271215,1.000000000000000000000000000,0E-36,0.079999989931132501814115464,0.0,0.0,0.0,0.0,0.0,0.0,0.0,0.0,0,0,0,2,6.65600000000,0.0,0.0,39.99997986227514183239651892,0.0,0.0,0.0,0.0,0.0,0,0,5E-25,0,0,0,0,0,0,0,0E-12,0E-12,0,0,0,0,0,0,0,0,0.0,0,0,0,0,0,0,0,0,0,0,0,0,0,0,0,0,0,0,0,0,0,0,0,False,0,0,0,0,0,0,0,0,0,0,0,0,0,0,0,0,0,0,0E-26,0E-26,0,0,0,0,0,0,False,0,0,0,0,0,0,0,0,0,0,0,0,0,0,0,0,0,0,0,0,0,0,0,0,0,0,0,0,0,0,0,0,0,0,0,0,0,0,0,0,2,0,0,79.99995972455028366479303785,0,0,0,79.99995972455028366479303785,6.65600000000,0.0,0.0,39.99997986227514183239651892,0,0,0,0,0,0,0,0,0,0,0,0,89.9999565879423014267516559,0E-26,0E-26,89.9999565879423014267516559,0,0,0,0,0,0,0.45,0,0,0,0,0,0,0,0,0,0,2680.000078381958595751717366,2680.000078381958595751717370,19.99999155784319860522067803,0.0,0.0,0.0,yield_seeking,0.1578947368421052631578947368,0.1578947368420948254320717328,-0.0004736842105262844762962151984,0,0,0,0,0,0,0,0,0,0,0,0,0,0,0,0,0,0,0,0,0,0,0,0,0,0,0,0,0,0,0,0,0,0,0,0,0,0,0.0,0.0,0.0,0.0,0.0,0.0,0.0,0.0,0.0,0.0,0.0,0.0,0,0,0,0,0,0,0,0,0,0,0,0,0,0,0,0,0,0,0,0,0,0,0,0,0,0,0,0,0,0,0,0,0,0,0,0E-26,0E-26,2,2,0,0,0,0,1,1,0E-26,0E-26,0,0,1,1,0E-26,0E-26,0,0,0,0,0,0,0,0,0,0,0,0,0,0,0,0,0,0,0,0,0,0,2,2,0,0,2,0,0,0,0,0,0,0,0,0,0,50.0,0.0,50.0,50.0,0.0,50.0,0,0,0,0,0,0,0.0,0.0,0.0
142,0.0,20,20,0.20,0.0,historical,19.99999237869822411669791919,0.20,0.3550,normal,0,1,0,0,,False,0,0.00,159.9999292393431801315847151,0.00000762130177588330208080,159.9999216180414042482826343,179.9999216180414042482826343,179.9999216180414042482826343,1.0,1,79.99996364064732878559249343,0,19.99999237869822411669791920,0,0,0,0,0,0,0,0,0,0,0,0,0,0,0,0,0,0,0,0,179.9999216180414042482826343,0E-26,4E-25,159.9999292393431801315847147,159.9999292393431801315847147,0E-26,0E-27,0.0,20.00,0,0E-26,2720.000070760656819868415283,0,20,20,159.9999216180414042482826343,19.99999237869822411669791920,179.9999216180414042482826343,159.9999292393431801315847151,-19.9999923786982241166979192,2720.000070760656819868415283,0E-26,0,19.99999237869822411669791920,0,20,19.99999237869822411669791920,179.9999216180414042482826343,159.9999216180414042482826343,0,199.9999139967396283649805535,6,True,19.99999237869822411669791920,11.59999542721893447001875152,0,331.5998462846035188498861009,319.9998508573845843798673494,2720.000070760656819868415283,79.99996364064732878559249383,79.99996364064732878559249343,0E-16,79.99996364064732878559249383,0E-26,0,0,0,0,0,159.9999292393431801315847151,179.9999216180414042482826343,179.9999216180414042482826343,179.9999216180414042482826343,0,False,179.9999216180414042482826343,179.9999216180414042482826343,False,179.9999216180414042482826343,0.0,0.00000762130177588330208080,0,0,99.99996559869585134599222121,79.99996559869585134599222121,47.99997935921751080759533272,31.99998623947834053839688849,47.99997935921751080759533272,31.99998623947834053839688849,79.99996951479289646679167677,0,0,0,79.99996951479289646679167677,1.000000000000000000000000000,0E-36,0.079999990910157700936624657,0.0,0.0,0.0,0.0,0.0,0.0,0.0,0.0,0,0,0,2,6.65600000000,0.0,0.0,39.99998182032366439279624672,0.0,0.0,0.0,0.0,0.0,0,0,4E-25,0,0,0,0,0,0,0,0E-12,0E-12,0,0,0,0,0,0,0,0,0.0,0,0,0,0,0,0,0,0,0,0,0,0,0,0,0,0,0,0,0,0,0,0,0,False,0,0,0,0,0,0,0,0,0,0,0,0,0,0,0,0,0,0,0E-26,0E-26,0,0,0,0,0,0,False,0,0,0,0,0,0,0,0,0,0,0,0,0,0,0,0,0,0,0,0,0,0,0,0,0,0,0,0,0,0,0,0,0,0,0,0,0,0,0,0,2,0,0,79.99996364064732878559249343,0,0,0,79.99996364064732878559249343,6.65600000000,0.0,0.0,39.99998182032366439279624672,0,0,0,0,0,0,0,0,0,0,0,0,89.9999608090207021241413169,0E-26,0E-26,89.9999608090207021241413169,0,0,0,0,0,0,0.45,0,0,0,0,0,0,0,0,0,0,2700.000070760656819868415286,2700.000070760656819868415289,19.99999237869822411669791920,0.0,0.0,0.0,yield_seeking,0.1578947368421052631578947368,0.1578947368420969129772363336,-0.0004736842105262907389317090008,0,0,0,0,0,0,0,0,0,0,0,0,0,0,0,0,0,0,0,0,0,0,0,0,0,0,0,0,0,0,0,0,0,0,0,0,0,0,0.0,0.0,0.0,0.0,0.0,0.0,0.0,0.0,0.0,0.0,0.0,0.0,0,0,0,0,0,0,0,0,0,0,0,0,0,0,0,0,0,0,0,0,0,0,0,0,0,0,0,0,0,0,0,0,0,0,0,0E-26,0E-26,2,2,0,0,0,0,1,1,0E-26,0E-26,0,0,1,1,0E-26,0E-26,0,0,0,0,0,0,0,0,0,0,0,0,0,0,0,0,0,0,0,0,0,0,2,2,0,0,2,0,0,0,0,0,0,0,0,0,0,50.0,0.0,50.0,50.0,0.0,50.0,0,0,0,0,0,0,0.0,0.0,0.0
143,0.0,20,20,0.20,0.0,historical,19.99999311973917026919844424,0.20,0.3575,normal,0,1,0,0,,False,0,0.00,159.9999361196040098623862709,0.00000688026082973080155576,159.9999292393431801315847151,179.9999292393431801315847151,179.9999292393431801315847151,1.0,1,79.99996717597106970207300687,0,19.99999311973917026919844424,0,0,0,0,0,0,0,0,0,0,0,0,0,0,0,0,0,0,0,0,179.9999292393431801315847151,0E-27,5E-25,159.9999361196040098623862704,159.9999361196040098623862704,0E-26,0E-27,0.0,20.00,0,0E-27,2740.000063880395990137613727,0,20,20,159.9999292393431801315847151,19.99999311973917026919844424,179.9999292393431801315847151,159.9999361196040098623862709,-19.9999931197391702691984442,2740.000063880395990137613727,0E-27,0,19.99999311973917026919844424,0,20,19.99999311973917026919844424,179.9999292393431801315847151,159.9999292393431801315847151,0,199.9999223590823504007831593,6,True,19.99999311973917026919844424,8.399997247895668107679377698,0,328.3998626068428581016503637,319.9998653589471899939709860,2740.000063880395990137613727,79.99996717597106970207300737,79.99996717597106970207300687,0E-16,79.99996717597106970207300737,0E-26,0,0,0,0,0,159.9999361196040098623862709,179.9999292393431801315847151,179.9999292393431801315847151,179.9999292393431801315847151,0,False,179.9999292393431801315847151,179.9999292393431801315847151,False,179.9999292393431801315847151,0.0,0.00000688026082973080155576,0,0,99.99996894363294016031326355,79.99996894363294016031326355,47.99998136617976409618795813,31.99998757745317606412530542,47.99998136617976409618795813,31.99998757745317606412530542,79.99997247895668107679377697,0,0,0,79.99997247895668107679377697,1.000000000000000000000000000,0E-36,0.079999991793989400496401746,0.0,0.0,0.0,0.0,0.0,0.0,0.0,0.0,0,0,0,2,6.65600000000,0.0,0.0,39.99998358798553485103650344,0.0,0.0,0.0,0.0,0.0,0,0,5E-25,0,0,0,0,0,0,0,0E-12,0E-12,0,0,0,0,0,0,0,1,0.0,0,0,0,0,0,0,0,0,0,0,0,0,0,0,0,0,0,0,0,0,0,0,0,False,0,0,0,0,0,0,0,0,0,0,0,0,0,0,0,0,0,0,0E-26,0E-27,0,0,0,0,0,0,False,0,0,0,0,0,0,0,0,0,0,0,0,0,0,0,0,0,0,0,0,0,0,0,0,0,0,0,0,0,0,0,0,0,0,0,0,0,0,0,0,2,0,0,79.99996717597106970207300687,0,0,0,79.99996717597106970207300687,6.65600000000,0.0,0.0,39.99998358798553485103650344,0,0,0,0,0,0,0,0,0,0,0,0,89.99996461967159006579235735,0E-26,0E-26,89.99996461967159006579235735,0,0,0,0,0,0,0.45,0,0,0,0,0,0,0,0,0,0,2720.000063880395990137613731,2720.000063880395990137613733,19.99999311973917026919844424,0.0,0.0,0.0,yield_seeking,0.1578947368421052631578947368,0.1578947368420985830133680142,-0.0004736842105262957490401040426,0,0,0,0,0,0,0,0,0,0,0,0,0,0,0,0,0,0,0,0,0,0,0,0,0,0,0,0,0,0,0,0,0,0,0,0,0,0,0.0,0.0,0.0,0.0,0.0,0.0,0.0,0.0,0.0,0.0,0.0,0.0,0,0,0,0,0,0,0,0,0,0,0,0,0,0,0,0,0,0,0,0,0,0,0,0,0,0,0,0,0,0,0,0,0,0,0,0E-26,0E-26,2,2,0,0,0,0,1,1,0E-26,0E-26,0,0,1,1,0E-26,0E-26,0,0,0,0,0,0,0,0,0,0,0,0,0,0,0,0,0,0,0,0,0,0,2,2,0,0,2,0,0,0,0,0,0,0,0,0,0,50.0,0.0,50.0,50.0,0.0,50.0,0,0,0,0,0,0,0.0,0.0,0.0
144,0.0,20,20,0.20,0.0,historical,19.99999378872658803206265271,0.20,0.3600,normal,0,1,0,0,,False,0,0.00,159.9999423308774218303236182,0.00000621127341196793734729,159.9999361196040098623862709,179.9999361196040098623862709,179.9999361196040098623862709,1.0,1,79.99997036754518267254404850,0,19.99999378872658803206265271,0,0,0,0,0,0,0,0,0,0,0,0,0,0,0,0,0,0,0,0,179.9999361196040098623862709,0E-26,5E-25,159.9999423308774218303236177,159.9999423308774218303236177,0E-26,0E-27,0.0,20.00,0,0E-26,2760.000057669122578169676380,0,20,20,159.9999361196040098623862709,19.99999378872658803206265271,179.9999361196040098623862709,159.9999423308774218303236182,-19.9999937887265880320626527,2760.000057669122578169676380,0E-26,0,19.99999378872658803206265271,0,20,19.99999378872658803206265271,179.9999361196040098623862709,159.9999361196040098623862709,0,199.9999299083305978944489236,6,True,19.99999378872658803206265271,11.59999627323595281923759163,0,331.5998747237173845119474807,319.9998784504814316927098891,2760.000057669122578169676380,79.99997036754518267254404900,79.99997036754518267254404850,0E-16,79.99997036754518267254404900,0E-26,0,0,0,0,0,159.9999423308774218303236182,179.9999361196040098623862709,179.9999361196040098623862709,179.9999361196040098623862709,0,False,179.9999361196040098623862709,179.9999361196040098623862709,False,179.9999361196040098623862709,0.0,0.00000621127341196793734729,0,0,99.99997196333223915777956925,79.99997196333223915777956925,47.99998317799934349466774155,31.99998878533289566311182770,47.99998317799934349466774155,31.99998878533289566311182770,79.99997515490635212825061084,0,0,0,79.99997515490635212825061084,1.000000000000000000000000000,0E-36,0.079999992591883551659686800,0.0,0.0,0.0,0.0,0.0,0.0,0.0,0.0,0,0,0,2,6.65600000000,0.0,0.0,39.99998518377259133627202425,0.0,0.0,0.0,0.0,0.0,0,0,5E-25,0,0,0,0,0,0,0,0E-13,0E-13,0,0,0,0,0,0,0,0,0.0,0,0,0,0,0,0,0,0,0,0,0,0,0,0,0,0,0,0,0,0,0,0,0,False,0,0,0,0,0,0,0,0,0,0,0,0,0,0,0,0,0,0,0E-26,0E-26,0,0,0,0,0,0,False,0,0,0,0,0,0,0,0,0,0,0,0,0,0,0,0,0,0,0,0,0,0,0,0,0,0,0,0,0,0,0,0,0,0,0,0,0,0,0,0,2,0,0,79.99997036754518267254404850,0,0,0,79.99997036754518267254404850,6.65600000000,0.0,0.0,39.99998518377259133627202425,0,0,0,0,0,0,0,0,0,0,0,0,89.99996805980200493119313525,0E-26,0E-26,89.99996805980200493119313525,0,0,0,0,0,0,0.45,0,0,0,0,0,0,0,0,0,0,2740.000057669122578169676384,2740.000057669122578169676386,19.99999378872658803206265271,0.0,0.0,0.0,yield_seeking,0.1578947368421052631578947368,0.1578947368420999190422733587,-0.0004736842105262997571268200761,0,0,0,0,0,0,0,0,0,0,0,0,0,0,0,0,0,0,0,0,0,0,0,0,0,0,0,0,0,0,0,0,0,0,0,0,0,0,0.0,0.0,0.0,0.0,0.0,0.0,0.0,0.0,0.0,0.0,0.0,0.0,0,0,0,0,0,0,0,0,0,0,0,0,0,0,0,0,0,0,0,0,0,0,0,0,0,0,0,0,0,0,0,0,0,0,0,0E-26,0E-26,2,2,0,0,0,0,1,1,0E-26,0E-26,0,0,1,1,0E-26,0E-26,0,0,0,0,0,0,0,0,0,0,0,0,0,0,0,0,0,0,0,0,0,0,2,2,0,0,2,0,0,0,0,0,0,0,0,0,0,50.0,0.0,50.0,50.0,0.0,50.0,0,0,0,0,0,0,0.0,0.0,0.0
145,0.0,20,20,0.20,0.0,historical,19.99999439266644783155591385,0.20,0.3625,normal,0,1,0,0,,False,0,0.00,159.9999479382109739987677044,0.00000560733355216844408615,159.9999423308774218303236182,179.9999423308774218303236182,179.9999423308774218303236182,1.0,1,79.99997324879342613401589129,0,19.99999439266644783155591385,0,0,0,0,0,0,0,0,0,0,0,0,0,0,0,0,0,0,0,0,179.9999423308774218303236182,0E-26,4E-25,159.9999479382109739987677040,159.9999479382109739987677040,0E-26,0E-27,0.0,20.00,0,0E-26,2780.000052061789026001232294,0,20,20,159.9999423308774218303236182,19.99999439266644783155591385,179.9999423308774218303236182,159.9999479382109739987677044,-19.9999943926664478315559138,2780.000052061789026001232294,0E-26,0,19.99999439266644783155591385,0,20,19.99999439266644783155591385,179.9999423308774218303236182,159.9999423308774218303236182,0,199.9999367235438696618795320,6,True,19.99999439266644783155591385,11.59999663559986869893354831,0,331.5998869046882645280248709,319.9998902690883958290913226,2780.000052061789026001232294,79.99997324879342613401589169,79.99997324879342613401589129,0E-16,79.99997324879342613401589169,0E-26,0,0,0,0,0,159.9999479382109739987677044,179.9999423308774218303236182,179.9999423308774218303236182,179.9999423308774218303236182,0,False,179.9999423308774218303236182,179.9999423308774218303236182,False,179.9999423308774218303236182,0.0,0.00000560733355216844408615,0,0,99.99997468941754786475181264,79.99997468941754786475181264,47.99998481365052871885108758,31.99998987576701914590072506,47.99998481365052871885108758,31.99998987576701914590072506,79.99997757066579132622365540,0,0,0,79.99997757066579132622365540,1.000000000000000000000000000,0E-36,0.079999993312196120198215047,0.0,0.0,0.0,0.0,0.0,0.0,0.0,0.0,0,0,0,2,6.65600000000,0.0,0.0,39.99998662439671306700794564,0.0,0.0,0.0,0.0,0.0,0,0,4E-25,0,0,0,0,0,0,0,0E-13,0E-13,0,0,0,0,0,0,0,0,0.0,0,0,0,0,0,0,0,0,0,0,0,0,0,0,0,0,0,0,0,0,0,0,0,False,0,0,0,0,0,0,0,0,0,0,0,0,0,0,0,0,0,0,0E-26,0E-26,0,0,0,0,0,0,False,0,0,0,0,0,0,0,0,0,0,0,0,0,0,0,0,0,0,0,0,0,0,0,0,0,0,0,0,0,0,0,0,0,0,0,0,0,0,0,0,2,0,0,79.99997324879342613401589129,0,0,0,79.99997324879342613401589129,6.65600000000,0.0,0.0,39.99998662439671306700794564,0,0,0,0,0,0,0,0,0,0,0,0,89.9999711654387109151618089,0E-26,0E-26,89.9999711654387109151618089,0,0,0,0,0,0,0.45,0,0,0,0,0,0,0,0,0,0,2760.000052061789026001232298,2760.000052061789026001232300,19.99999439266644783155591385,0.0,0.0,0.0,yield_seeking,0.1578947368421052631578947368,0.1578947368421009878653976343,-0.0004736842105263029635961929029,0,0,0,0,0,0,0,0,0,0,0,0,0,0,0,0,0,0,0,0,0,0,0,0,0,0,0,0,0,0,0,0,0,0,0,0,0,0,0.0,0.0,0.0,0.0,0.0,0.0,0.0,0.0,0.0,0.0,0.0,0.0,0,0,0,0,0,0,0,0,0,0,0,0,0,0,0,0,0,0,0,0,0,0,0,0,0,0,0,0,0,0,0,0,0,0,0,0E-26,0E-26,2,2,0,0,0,0,1,1,0E-26,0E-26,0,0,1,1,0E-26,0E-26,0,0,0,0,0,0,0,0,0,0,0,0,0,0,0,0,0,0,0,0,0,0,2,2,0,0,2,0,0,0,0,0,0,0,0,0,0,50.0,0.0,50.0,50.0,0.0,50.0,0,0,0,0,0,0,0.0,0.0,0.0
146,0.0,20,20,0.20,0.0,historical,19.99999493788350957295036253,0.20,0.3650,normal,0,1,0,0,,False,0,0.00,159.9999530003274644258173419,0.00000506211649042704963747,159.9999479382109739987677044,179.9999479382109739987677044,179.9999479382109739987677044,1.0,1,79.99997584988967099713011483,0,19.99999493788350957295036253,0,0,0,0,0,0,0,0,0,0,0,0,0,0,0,0,0,0,0,0,179.9999479382109739987677044,0E-26,5E-25,159.9999530003274644258173414,159.9999530003274644258173414,0E-26,0E-27,0.0,20.00,0,0E-26,2800.000046999672535574182658,0,20,20,159.9999479382109739987677044,19.99999493788350957295036253,179.9999479382109739987677044,159.9999530003274644258173419,-19.9999949378835095729503625,2800.000046999672535574182658,0E-26,0,19.99999493788350957295036253,0,20,19.99999493788350957295036253,179.9999479382109739987677044,159.9999479382109739987677044,0,199.9999428760944835717180669,6,True,19.99999493788350957295036253,11.59999696273010574377021752,0,331.5998979012685441683552638,319.9999009385384384245850463,2800.000046999672535574182658,79.99997584988967099713011533,79.99997584988967099713011483,0E-16,79.99997584988967099713011533,0E-26,0,0,0,0,0,159.9999530003274644258173419,179.9999479382109739987677044,179.9999479382109739987677044,179.9999479382109739987677044,0,False,179.9999479382109739987677044,179.9999479382109739987677044,False,179.9999479382109739987677044,0.0,0.00000506211649042704963747,0,0,99.99997715043779342868722659,79.99997715043779342868722659,47.99998629026267605721233596,31.99999086017511737147489063,47.99998629026267605721233596,31.99999086017511737147489063,79.99997975153403829180145011,0,0,0,79.99997975153403829180145011,1.000000000000000000000000000,0E-36,0.079999993962470595161767012,0.0,0.0,0.0,0.0,0.0,0.0,0.0,0.0,0,0,0,2,6.65600000000,0.0,0.0,39.99998792494483549856505742,0.0,0.0,0.0,0.0,0.0,0,0,5E-25,0,0,0,0,0,0,0,0E-13,0E-13,0,0,0,0,0,0,0,0,0.0,0,0,0,0,0,0,0,0,0,0,0,0,0,0,0,0,0,0,0,0,0,0,0,False,0,0,0,0,0,0,0,0,0,0,0,0,0,0,0,0,0,0,0E-26,0E-26,0,0,0,0,0,0,False,0,0,0,0,0,0,0,0,0,0,0,0,0,0,0,0,0,0,0,0,0,0,0,0,0,0,0,0,0,0,0,0,0,0,0,0,0,0,0,0,2,0,0,79.99997584988967099713011483,0,0,0,79.99997584988967099713011483,6.65600000000,0.0,0.0,39.99998792494483549856505742,0,0,0,0,0,0,0,0,0,0,0,0,89.9999739691054869993838520,0E-26,0E-26,89.9999739691054869993838520,0,0,0,0,0,0,0.45,0,0,0,0,0,0,0,0,0,0,2780.000046999672535574182661,2780.000046999672535574182663,19.99999493788350957295036253,0.0,0.0,0.0,yield_seeking,0.1578947368421052631578947368,0.1578947368421018429238970548,-0.0004736842105263055287716911644,0,0,0,0,0,0,0,0,0,0,0,0,0,0,0,0,0,0,0,0,0,0,0,0,0,0,0,0,0,0,0,0,0,0,0,0,0,0,0.0,0.0,0.0,0.0,0.0,0.0,0.0,0.0,0.0,0.0,0.0,0.0,0,0,0,0,0,0,0,0,0,0,0,0,0,0,0,0,0,0,0,0,0,0,0,0,0,0,0,0,0,0,0,0,0,0,0,0E-26,0E-26,2,2,0,0,0,0,1,1,0E-26,0E-26,0,0,1,1,0E-26,0E-26,0,0,0,0,0,0,0,0,0,0,0,0,0,0,0,0,0,0,0,0,0,0,2,2,0,0,2,0,0,0,0,0,0,0,0,0,0,50.0,0.0,50.0,50.0,0.0,50.0,0,0,0,0,0,0,0.0,0.0,0.0
147,0.0,20,20,0.20,0.0,historical,19.99999543008755868573744532,0.20,0.3675,normal,0,1,0,0,,False,0,0.00,159.9999575702399057400798966,0.00000456991244131426255468,159.9999530003274644258173419,179.9999530003274644258173419,179.9999530003274644258173419,1.0,1,79.99997819807389649545798143,0,19.99999543008755868573744532,0,0,0,0,0,0,0,0,0,0,0,0,0,0,0,0,0,0,0,0,179.9999530003274644258173419,0E-26,5E-25,159.9999575702399057400798961,159.9999575702399057400798961,0E-26,0E-27,0.0,20.00,0,0E-26,2820.000042429760094259920103,0,20,20,159.9999530003274644258173419,19.99999543008755868573744532,179.9999530003274644258173419,159.9999575702399057400798966,-19.9999954300875586857374453,2820.000042429760094259920103,0E-26,0,19.99999543008755868573744532,0,20,19.99999543008755868573744532,179.9999530003274644258173419,159.9999530003274644258173419,0,199.9999484304150231115547872,6,True,19.99999543008755868573744532,11.59999725805253521144246719,0,331.5999078286199053773397056,319.9999105705673701658972384,2820.000042429760094259920103,79.99997819807389649545798193,79.99997819807389649545798143,0E-16,79.99997819807389649545798193,0E-26,0,0,0,0,0,159.9999575702399057400798966,179.9999530003274644258173419,179.9999530003274644258173419,179.9999530003274644258173419,0,False,179.9999530003274644258173419,179.9999530003274644258173419,False,179.9999530003274644258173419,0.0,0.00000456991244131426255468,0,0,99.99997937216600924462191469,79.99997937216600924462191469,47.99998762329960554677314882,31.99999174886640369784876587,47.99998762329960554677314882,31.99999174886640369784876587,79.99998172035023474294978127,0,0,0,79.99998172035023474294978127,1.000000000000000000000000000,0E-36,0.079999994549516988736016496,0.0,0.0,0.0,0.0,0.0,0.0,0.0,0.0,0,0,0,2,6.65600000000,0.0,0.0,39.99998909903694824772899072,0.0,0.0,0.0,0.0,0.0,0,0,5E-25,0,0,0,0,0,0,0,0E-13,0E-13,0,0,0,0,0,0,0,0,0.0,0,0,0,0,0,0,0,0,0,0,0,0,0,0,0,0,0,0,0,0,0,0,0,False,0,0,0,0,0,0,0,0,0,0,0,0,0,0,0,0,0,0,0E-26,0E-26,0,0,0,0,0,0,False,0,0,0,0,0,0,0,0,0,0,0,0,0,0,0,0,0,0,0,0,0,0,0,0,0,0,0,0,0,0,0,0,0,0,0,0,0,0,0,0,2,0,0,79.99997819807389649545798143,0,0,0,79.99997819807389649545798143,6.65600000000,0.0,0.0,39.99998909903694824772899072,0,0,0,0,0,0,0,0,0,0,0,0,89.9999765001637322129086707,0E-26,0E-26,89.9999765001637322129086707,0,0,0,0,0,0,0.45,0,0,0,0,0,0,0,0,0,0,2800.000042429760094259920106,2800.000042429760094259920108,19.99999543008755868573744532,0.0,0.0,0.0,yield_seeking,0.1578947368421052631578947368,0.1578947368421025269706965912,-0.0004736842105263075809120897736,0,0,0,0,0,0,0,0,0,0,0,0,0,0,0,0,0,0,0,0,0,0,0,0,0,0,0,0,0,0,0,0,0,0,0,0,0,0,0.0,0.0,0.0,0.0,0.0,0.0,0.0,0.0,0.0,0.0,0.0,0.0,0,0,0,0,0,0,0,0,0,0,0,0,0,0,0,0,0,0,0,0,0,0,0,0,0,0,0,0,0,0,0,0,0,0,0,0E-26,0E-26,2,2,0,0,0,0,1,1,0E-26,0E-26,0,0,1,1,0E-26,0E-26,0,0,0,0,0,0,0,0,0,0,0,0,0,0,0,0,0,0,0,0,0,0,2,2,0,0,2,0,0,0,0,0,0,0,0,0,0,50.0,0.0,50.0,50.0,0.0,50.0,0,0,0,0,0,0,0.0,0.0,0.0
148,0.0,20,20,0.20,0.0,historical,19.99999587443320184892438294,0.20,0.3700,normal,0,1,0,0,,False,0,0.00,159.9999616958067038911555137,0.00000412556679815107561707,159.9999575702399057400798966,179.9999575702399057400798966,179.9999575702399057400798966,1.0,1,79.99998031793746085555380156,0,19.99999587443320184892438293,0,0,0,0,0,0,0,0,0,0,0,0,0,0,0,0,0,0,0,0,179.9999575702399057400798966,0E-27,5E-25,159.9999616958067038911555132,159.9999616958067038911555132,0E-26,0E-27,0.0,20.00,0,0E-27,2840.000038304193296108844486,0,20,20,159.9999575702399057400798966,19.99999587443320184892438293,179.9999575702399057400798966,159.9999616958067038911555137,-19.9999958744332018489243829,2840.000038304193296108844486,0E-27,0,19.99999587443320184892438293,0,20,19.99999587443320184892438293,179.9999575702399057400798966,159.9999575702399057400798966,0,199.9999534446731075890042795,6,True,19.99999587443320184892438293,8.399998349773280739569753174,0,328.3999176158198903708051635,319.9999192660466096312354103,2840.000038304193296108844486,79.99998031793746085555380206,79.99998031793746085555380156,0E-16,79.99998031793746085555380206,0E-26,0,0,0,0,0,159.9999616958067038911555137,179.9999575702399057400798966,179.9999575702399057400798966,179.9999575702399057400798966,0,False,179.9999575702399057400798966,179.9999575702399057400798966,False,179.9999575702399057400798966,0.0,0.00000412556679815107561707,0,0,99.99998137786924303560171163,79.99998137786924303560171163,47.99998882672154582136102697,31.99999255114769721424068466,47.99998882672154582136102697,31.99999255114769721424068466,79.99998349773280739569753176,0,0,0,79.99998349773280739569753176,1.000000000000000000000000000,0E-36,0.079999995079483154639885009,0.0,0.0,0.0,0.0,0.0,0.0,0.0,0.0,0,0,0,2,6.65600000000,0.0,0.0,39.99999015896873042777690078,0.0,0.0,0.0,0.0,0.0,0,0,5E-25,0,0,0,0,0,0,0,0E-13,0E-13,0,0,0,0,0,0,0,0,0.0,0,0,0,0,0,0,0,0,0,0,0,0,0,0,0,0,0,0,0,0,0,0,0,False,0,0,0,0,0,0,0,0,0,0,0,0,0,0,0,0,0,0,0E-26,0E-27,0,0,0,0,0,0,False,0,0,0,0,0,0,0,0,0,0,0,0,0,0,0,0,0,0,0,0,0,0,0,0,0,0,0,0,0,0,0,0,0,0,0,0,0,0,0,0,2,0,0,79.99998031793746085555380156,0,0,0,79.99998031793746085555380156,6.65600000000,0.0,0.0,39.99999015896873042777690078,0,0,0,0,0,0,0,0,0,0,0,0,89.99997878511995287003994805,0E-26,0E-26,89.99997878511995287003994805,0,0,0,0,0,0,0.45,0,0,0,0,0,0,0,0,0,0,2820.000038304193296108844489,2820.000038304193296108844491,19.99999587443320184892438293,0.0,0.0,0.0,yield_seeking,0.1578947368421052631578947368,0.1578947368421030742081362203,-0.0004736842105263092226244086609,0,0,0,0,0,0,0,0,0,0,0,0,0,0,0,0,0,0,0,0,0,0,0,0,0,0,0,0,0,0,0,0,0,0,0,0,0,0,0.0,0.0,0.0,0.0,0.0,0.0,0.0,0.0,0.0,0.0,0.0,0.0,0,0,0,0,0,0,0,0,0,0,0,0,0,0,0,0,0,0,0,0,0,0,0,0,0,0,0,0,0,0,0,0,0,0,0,0E-26,0E-26,2,2,0,0,0,0,1,1,0E-26,0E-26,0,0,1,1,0E-26,0E-26,0,0,0,0,0,0,0,0,0,0,0,0,0,0,0,0,0,0,0,0,0,0,2,2,0,0,2,0,0,0,0,0,0,0,0,0,0,50.0,0.0,50.0,50.0,0.0,50.0,0,0,0,0,0,0,0.0,0.0,0.0
149,0.0,20,20,0.20,0.0,historical,19.99999627557384860712034233,0.20,0.3725,normal,0,1,0,0,,False,0,0.00,159.9999654202328552840351714,0.00000372442615139287965768,159.9999616958067038911555137,179.9999616958067038911555137,179.9999616958067038911555137,1.0,1,79.99998223168063428472482864,0,19.99999627557384860712034232,0,0,0,0,0,0,0,0,0,0,0,0,0,0,0,0,0,0,0,0,179.9999616958067038911555137,0E-27,5E-25,159.9999654202328552840351709,159.9999654202328552840351709,0E-26,0E-27,0.0,20.00,0,0E-27,2860.000034579767144715964828,0,20,20,159.9999616958067038911555137,19.99999627557384860712034232,179.9999616958067038911555137,159.9999654202328552840351714,-19.9999962755738486071203423,2860.000034579767144715964828,0E-27,0,19.99999627557384860712034232,0,20,19.99999627557384860712034232,179.9999616958067038911555137,159.9999616958067038911555137,0,199.9999579713805524982758560,6,True,19.99999627557384860712034232,8.399998510229539442848136932,0,328.3999256262690986180388220,319.9999271160395591751906851,2860.000034579767144715964828,79.99998223168063428472482914,79.99998223168063428472482864,0E-16,79.99998223168063428472482914,0E-26,0,0,0,0,0,159.9999654202328552840351714,179.9999616958067038911555137,179.9999616958067038911555137,179.9999616958067038911555137,0,False,179.9999616958067038911555137,179.9999616958067038911555137,False,179.9999616958067038911555137,0.0,0.00000372442615139287965769,1E-26,0,99.99998318855222099931034221,79.99998318855222099931034221,47.99998991313133259958620533,31.99999327542088839972413688,47.99998991313133259958620533,31.99999327542088839972413688,79.99998510229539442848136931,0,0,0,79.99998510229539442848136931,1.000000000000000000000000000,0E-36,0.079999995557919171967296197,0.0,0.0,0.0,0.0,0.0,0.0,0.0,0.0,0,0,0,2,6.65600000000,0.0,0.0,39.99999111584031714236241432,0.0,0.0,0.0,0.0,0.0,0,0,5E-25,0,0,0,0,0,0,0,0E-13,0E-13,0,0,0,0,0,0,0,0,0.0,0,0,0,0,0,0,0,0,0,0,0,0,0,0,0,0,0,0,0,0,0,0,0,False,0,0,0,0,0,0,0,0,0,0,0,0,0,0,0,0,0,0,0E-26,0E-27,0,0,0,0,0,0,False,0,0,0,0,0,0,0,0,0,0,0,0,0,0,0,0,0,0,0,0,0,0,0,0,0,0,0,0,0,0,0,0,0,0,0,0,0,0,0,0,2,0,0,79.99998223168063428472482864,0,0,0,79.99998223168063428472482864,6.65600000000,0.0,0.0,39.99999111584031714236241432,0,0,0,0,0,0,0,0,0,0,0,0,89.9999808479033519455777566,0E-26,0E-26,89.9999808479033519455777566,0,0,0,0,0,0,0.45,0,0,0,0,0,0,0,0,0,0,2840.000034579767144715964831,2840.000034579767144715964833,19.99999627557384860712034232,0.0,0.0,0.0,yield_seeking,0.1578947368421052631578947368,0.1578947368421035119980879236,-0.0004736842105263105359942637708,0,0,0,0,0,0,0,0,0,0,0,0,0,0,0,0,0,0,0,0,0,0,0,0,0,0,0,0,0,0,0,0,0,0,0,0,0,0,0.0,0.0,0.0,0.0,0.0,0.0,0.0,0.0,0.0,0.0,0.0,0.0,0,0,0,0,0,0,0,0,0,0,0,0,0,0,0,0,0,0,0,0,0,0,0,0,0,0,0,0,0,0,0,0,0,0,0,0E-26,0E-26,2,2,0,0,0,0,1,1,0E-26,0E-26,0,0,1,1,0E-26,0E-26,0,0,0,0,0,0,0,0,0,0,0,0,0,0,0,0,0,0,0,0,0,0,2,2,0,0,2,0,0,0,0,0,0,0,0,0,0,50.0,0.0,50.0,50.0,0.0,50.0,0,0,0,0,0,0,0.0,0.0,0.0
150,0.0,20,20,0.20,0.0,historical,19.99999663771044419986206844,0.20,0.3750,normal,0,1,0,0,,False,0,0.00,159.9999687825224110841731030,0.00000336228955580013793155,159.9999654202328552840351714,179.9999654202328552840351714,179.9999654202328552840351714,1.0,1,79.99998395934509129061420668,0,19.99999663771044419986206845,0,0,0,0,0,0,0,0,0,0,0,0,0,0,0,0,0,0,0,0,179.9999654202328552840351714,0E-27,6E-25,159.9999687825224110841731024,159.9999687825224110841731024,0E-26,0E-27,0.0,20.00,0,0E-27,2880.000031217477588915826896,0,20,20,159.9999654202328552840351714,19.99999663771044419986206845,179.9999654202328552840351714,159.9999687825224110841731030,-19.9999966377104441998620684,2880.000031217477588915826896,0E-27,0,19.99999663771044419986206845,0,20,19.99999663771044419986206845,179.9999654202328552840351714,159.9999654202328552840351714,0,199.9999620579432994838972398,6,True,19.99999663771044419986206845,8.399998655084177679944827376,0,328.3999328578394440481531018,319.9999342027552663682082744,2880.000031217477588915826896,79.99998395934509129061420728,79.99998395934509129061420668,0E-16,79.99998395934509129061420728,0E-26,0,0,0,0,0,159.9999687825224110841731030,179.9999654202328552840351714,179.9999654202328552840351714,179.9999654202328552840351714,0,False,179.9999654202328552840351714,179.9999654202328552840351714,False,179.9999654202328552840351714,0.0,0.00000336228955580013793155,0,0,99.99998482317731979355889571,79.99998482317731979355889571,47.99999089390639187613533743,31.99999392927092791742355828,47.99999089390639187613533743,31.99999392927092791742355828,79.99998655084177679944827376,0,0,0,79.99998655084177679944827376,1.000000000000000000000000000,0E-36,0.079999995989835468751836390,0.0,0.0,0.0,0.0,0.0,0.0,0.0,0.0,0,0,0,2,6.65600000000,0.0,0.0,39.99999197967254564530710334,0.0,0.0,0.0,0.0,0.0,0,0,6E-25,0,0,0,0,0,0,0,0E-13,0E-13,0,0,0,0,0,0,0,0,0.0,0,0,0,0,0,0,0,0,0,0,0,0,0,0,0,0,0,0,0,0,0,0,0,False,0,0,0,0,0,0,0,0,0,0,0,0,0,0,0,0,0,0,0E-26,0E-27,0,0,0,0,0,0,False,0,0,0,0,0,0,0,0,0,0,0,0,0,0,0,0,0,0,0,0,0,0,0,0,0,0,0,0,0,0,0,0,0,0,0,0,0,0,0,0,2,0,0,79.99998395934509129061420668,0,0,0,79.99998395934509129061420668,6.65600000000,0.0,0.0,39.99999197967254564530710334,0,0,0,0,0,0,0,0,0,0,0,0,89.9999827101164276420175854,0E-26,0E-26,89.9999827101164276420175854,0,0,0,0,0,0,0.45,0,0,0,0,0,0,0,0,0,0,2860.000031217477588915826899,2860.000031217477588915826901,19.99999663771044419986206845,0.0,0.0,0.0,yield_seeking,0.1578947368421052631578947368,0.1578947368421038622300492862,-0.0004736842105263115866901478586,0,0,0,0,0,0,0,0,0,0,0,0,0,0,0,0,0,0,0,0,0,0,0,0,0,0,0,0,0,0,0,0,0,0,0,0,0,0,0.0,0.0,0.0,0.0,0.0,0.0,0.0,0.0,0.0,0.0,0.0,0.0,0,0,0,0,0,0,0,0,0,0,0,0,0,0,0,0,0,0,0,0,0,0,0,0,0,0,0,0,0,0,0,0,0,0,0,0E-26,0E-26,2,2,0,0,0,0,1,1,0E-26,0E-26,0,0,1,1,0E-26,0E-26,0,0,0,0,0,0,0,0,0,0,0,0,0,0,0,0,0,0,0,0,0,0,2,2,0,0,2,0,0,0,0,0,0,0,0,0,0,50.0,0.0,50.0,50.0,0.0,50.0,0,0,0,0,0,0,0.0,0.0,0.0
151,0.0,20,20,0.20,0.0,historical,19.99999696463546395871177914,0.20,0.3775,normal,0,1,0,0,,False,0,0.00,159.9999718178869471254613238,0.00000303536453604128822085,159.9999687825224110841731030,179.9999687825224110841731030,179.9999687825224110841731030,1.0,1,79.99998551902379710830737061,0,19.99999696463546395871177915,0,0,0,0,0,0,0,0,0,0,0,0,0,0,0,0,0,0,0,0,179.9999687825224110841731030,0E-27,6E-25,159.9999718178869471254613232,159.9999718178869471254613232,0E-26,0E-27,0.0,20.00,0,0E-27,2900.000028182113052874538675,0,20,20,159.9999687825224110841731030,19.99999696463546395871177915,179.9999687825224110841731030,159.9999718178869471254613238,-19.9999969646354639587117792,2900.000028182113052874538675,0E-27,0,19.99999696463546395871177915,0,20,19.99999696463546395871177915,179.9999687825224110841731030,159.9999687825224110841731030,0,199.9999657471578750428848822,6,True,19.99999696463546395871177915,8.399998785854185583484711656,0,328.3999393862635437931191385,319.9999406004093582096344268,2900.000028182113052874538675,79.99998551902379710830737121,79.99998551902379710830737061,0E-16,79.99998551902379710830737121,0E-26,0,0,0,0,0,159.9999718178869471254613238,179.9999687825224110841731030,179.9999687825224110841731030,179.9999687825224110841731030,0,False,179.9999687825224110841731030,179.9999687825224110841731030,False,179.9999687825224110841731030,0.0,0.00000303536453604128822085,0,0,99.99998629886315001715395260,79.99998629886315001715395260,47.99999177931789001029237156,31.99999451954526000686158104,47.99999177931789001029237156,31.99999451954526000686158104,79.99998785854185583484711656,0,0,0,79.99998785854185583484711656,1.000000000000000000000000000,0E-36,0.079999996379755293968608883,0.0,0.0,0.0,0.0,0.0,0.0,0.0,0.0,0,0,0,2,6.65600000000,0.0,0.0,39.99999275951189855415368530,0.0,0.0,0.0,0.0,0.0,0,0,6E-25,0,0,0,0,0,0,0,0E-13,0E-13,0,0,0,0,0,0,0,0,0.0,0,0,0,0,0,0,0,0,0,0,0,0,0,0,0,0,0,0,0,0,0,0,0,False,0,0,0,0,0,0,0,0,0,0,0,0,0,0,0,0,0,0,0E-26,0E-27,0,0,0,0,0,0,False,0,0,0,0,0,0,0,0,0,0,0,0,0,0,0,0,0,0,0,0,0,0,0,0,0,0,0,0,0,0,0,0,0,0,0,0,0,0,0,0,2,0,0,79.99998551902379710830737061,0,0,0,79.99998551902379710830737061,6.65600000000,0.0,0.0,39.99999275951189855415368530,0,0,0,0,0,0,0,0,0,0,0,0,89.9999843912612055420865512,0E-26,0E-26,89.9999843912612055420865512,0,0,0,0,0,0,0.45,0,0,0,0,0,0,0,0,0,0,2880.000028182113052874538678,2880.000028182113052874538680,19.99999696463546395871177915,0.0,0.0,0.0,yield_seeking,0.1578947368421052631578947368,0.1578947368421041424156183763,-0.0004736842105263124272468551289,0,0,0,0,0,0,0,0,0,0,0,0,0,0,0,0,0,0,0,0,0,0,0,0,0,0,0,0,0,0,0,0,0,0,0,0,0,0,0.0,0.0,0.0,0.0,0.0,0.0,0.0,0.0,0.0,0.0,0.0,0.0,0,0,0,0,0,0,0,0,0,0,0,0,0,0,0,0,0,0,0,0,0,0,0,0,0,0,0,0,0,0,0,0,0,0,0,0E-26,0E-26,2,2,0,0,0,0,1,1,0E-26,0E-26,0,0,1,1,0E-26,0E-26,0,0,0,0,0,0,0,0,0,0,0,0,0,0,0,0,0,0,0,0,0,0,2,2,0,0,2,0,0,0,0,0,0,0,0,0,0,50.0,0.0,50.0,50.0,0.0,50.0,0,0,0,0,0,0,0.0,0.0,0.0
152,0.0,20,20,0.20,0.0,historical,19.99999725977263000343079052,0.20,0.3800,normal,0,1,0,0,,False,0,0.00,159.9999745581143171220305333,0.00000274022736999656920948,159.9999718178869471254613238,179.9999718178869471254613238,179.9999718178869471254613238,1.0,1,79.99998692705048627047368719,0,19.99999725977263000343079052,0,0,0,0,0,0,0,0,0,0,0,0,0,0,0,0,0,0,0,0,179.9999718178869471254613238,0E-26,6E-25,159.9999745581143171220305327,159.9999745581143171220305327,0E-26,0E-27,0.0,20.00,0,0E-26,2920.000025441885682877969465,0,20,20,159.9999718178869471254613238,19.99999725977263000343079052,179.9999718178869471254613238,159.9999745581143171220305333,-19.9999972597726300034307905,2920.000025441885682877969465,0E-26,0,19.99999725977263000343079052,0,20,19.99999725977263000343079052,179.9999718178869471254613238,159.9999718178869471254613238,0,199.9999690776595771288921143,6,True,19.99999725977263000343079052,11.59999835586357800205847431,0,331.5999447318648422495503314,319.9999463760012642474918570,2920.000025441885682877969465,79.99998692705048627047368779,79.99998692705048627047368719,0E-16,79.99998692705048627047368779,0E-26,0,0,0,0,0,159.9999745581143171220305333,179.9999718178869471254613238,179.9999718178869471254613238,179.9999718178869471254613238,0,False,179.9999718178869471254613238,179.9999718178869471254613238,False,179.9999718178869471254613238,0.0,0.00000274022736999656920948,0,0,99.99998763106383085155684549,79.99998763106383085155684549,47.99999257863829851093410729,31.99999505242553234062273820,47.99999257863829851093410729,31.99999505242553234062273820,79.99998903909052001372316208,0,0,0,79.99998903909052001372316208,1.000000000000000000000000000,0E-36,0.079999996731762087498753059,0.0,0.0,0.0,0.0,0.0,0.0,0.0,0.0,0,0,0,2,6.65600000000,0.0,0.0,39.99999346352524313523684360,0.0,0.0,0.0,0.0,0.0,0,0,6E-25,0,0,0,0,0,0,0,0E-13,0E-13,0,0,0,0,0,0,0,0,0.0,0,0,0,0,0,0,0,0,0,0,0,0,0,0,0,0,0,0,0,0,0,0,0,False,0,0,0,0,0,0,0,0,0,0,0,0,0,0,0,0,0,0,0E-26,0E-26,0,0,0,0,0,0,False,0,0,0,0,0,0,0,0,0,0,0,0,0,0,0,0,0,0,0,0,0,0,0,0,0,0,0,0,0,0,0,0,0,0,0,0,0,0,0,0,2,0,0,79.99998692705048627047368719,0,0,0,79.99998692705048627047368719,6.65600000000,0.0,0.0,39.99999346352524313523684360,0,0,0,0,0,0,0,0,0,0,0,0,89.9999859089434735627306616,0E-26,0E-26,89.9999859089434735627306616,0,0,0,0,0,0,0.45,0,0,0,0,0,0,0,0,0,0,2900.000025441885682877969468,2900.000025441885682877969471,19.99999725977263000343079052,0.0,0.0,0.0,yield_seeking,0.1578947368421052631578947368,0.1578947368421043665640736484,-0.0004736842105263130996922209452,0,0,0,0,0,0,0,0,0,0,0,0,0,0,0,0,0,0,0,0,0,0,0,0,0,0,0,0,0,0,0,0,0,0,0,0,0,0,0.0,0.0,0.0,0.0,0.0,0.0,0.0,0.0,0.0,0.0,0.0,0.0,0,0,0,0,0,0,0,0,0,0,0,0,0,0,0,0,0,0,0,0,0,0,0,0,0,0,0,0,0,0,0,0,0,0,0,0E-26,0E-26,2,2,0,0,0,0,1,1,0E-26,0E-26,0,0,1,1,0E-26,0E-26,0,0,0,0,0,0,0,0,0,0,0,0,0,0,0,0,0,0,0,0,0,0,2,2,0,0,2,0,0,0,0,0,0,0,0,0,0,50.0,0.0,50.0,50.0,0.0,50.0,0,0,0,0,0,0,0.0,0.0,0.0
153,0.0,20,20,0.20,0.0,historical,19.99999752621276617031136910,0.20,0.3825,normal,0,1,0,0,,False,0,0.00,159.9999770319015509517191642,0.00000247378723382968863090,159.9999745581143171220305333,179.9999745581143171220305333,179.9999745581143171220305333,1.0,1,79.99998819817071763478240287,0,19.99999752621276617031136910,0,0,0,0,0,0,0,0,0,0,0,0,0,0,0,0,0,0,0,0,179.9999745581143171220305333,0E-27,6E-25,159.9999770319015509517191636,159.9999770319015509517191636,0E-26,0E-27,0.0,20.00,0,0E-27,2940.000022968098449048280835,0,20,20,159.9999745581143171220305333,19.99999752621276617031136910,179.9999745581143171220305333,159.9999770319015509517191642,-19.9999975262127661703113691,2940.000022968098449048280835,0E-27,0,19.99999752621276617031136910,0,20,19.99999752621276617031136910,179.9999745581143171220305333,159.9999745581143171220305333,0,199.9999720843270832923419024,6,True,19.99999752621276617031136910,8.399999010485106468124547640,0,328.3999506005009745418742451,319.9999515900158680737496975,2940.000022968098449048280835,79.99998819817071763478240347,79.99998819817071763478240287,0E-16,79.99998819817071763478240347,0E-26,0,0,0,0,0,159.9999770319015509517191642,179.9999745581143171220305333,179.9999745581143171220305333,179.9999745581143171220305333,0,False,179.9999745581143171220305333,179.9999745581143171220305333,False,179.9999745581143171220305333,0.0,0.00000247378723382968863090,0,0,99.99998883373083331693676072,79.99998883373083331693676072,47.99999330023849999016205643,31.99999553349233332677470429,47.99999330023849999016205643,31.99999553349233332677470429,79.99999010485106468124547639,0,0,0,79.99999010485106468124547639,1.000000000000000000000000000,0E-36,0.079999997049542244148711358,0.0,0.0,0.0,0.0,0.0,0.0,0.0,0.0,0,0,0,2,6.65600000000,0.0,0.0,39.99999409908535881739120144,0.0,0.0,0.0,0.0,0.0,0,0,6E-25,0,0,0,0,0,0,0,0E-13,0E-13,0,0,0,0,0,0,0,0,0.0,0,0,0,0,0,0,0,0,0,0,0,0,0,0,0,0,0,0,0,0,0,0,0,False,0,0,0,0,0,0,0,0,0,0,0,0,0,0,0,0,0,0,0E-26,0E-27,0,0,0,0,0,0,False,0,0,0,0,0,0,0,0,0,0,0,0,0,0,0,0,0,0,0,0,0,0,0,0,0,0,0,0,0,0,0,0,0,0,0,0,0,0,0,0,2,0,0,79.99998819817071763478240287,0,0,0,79.99998819817071763478240287,6.65600000000,0.0,0.0,39.99999409908535881739120144,0,0,0,0,0,0,0,0,0,0,0,0,89.99998727905715856101526635,0E-26,0E-26,89.99998727905715856101526635,0,0,0,0,0,0,0.45,0,0,0,0,0,0,0,0,0,0,2920.000022968098449048280837,2920.000022968098449048280840,19.99999752621276617031136910,0.0,0.0,0.0,yield_seeking,0.1578947368421052631578947368,0.1578947368421045458828378661,-0.0004736842105263136376485135983,0,0,0,0,0,0,0,0,0,0,0,0,0,0,0,0,0,0,0,0,0,0,0,0,0,0,0,0,0,0,0,0,0,0,0,0,0,0,0.0,0.0,0.0,0.0,0.0,0.0,0.0,0.0,0.0,0.0,0.0,0.0,0,0,0,0,0,0,0,0,0,0,0,0,0,0,0,0,0,0,0,0,0,0,0,0,0,0,0,0,0,0,0,0,0,0,0,0E-26,0E-26,2,2,0,0,0,0,1,1,0E-26,0E-26,0,0,1,1,0E-26,0E-26,0,0,0,0,0,0,0,0,0,0,0,0,0,0,0,0,0,0,0,0,0,0,2,2,0,0,2,0,0,0,0,0,0,0,0,0,0,50.0,0.0,50.0,50.0,0.0,50.0,0,0,0,0,0,0,0.0,0.0,0.0
154,0.0,20,20,0.20,0.0,historical,19.99999776674616666338735214,0.20,0.3850,normal,0,1,0,0,,False,0,0.00,159.9999792651553842883318120,0.00000223325383333661264785,159.9999770319015509517191642,179.9999770319015509517191642,179.9999770319015509517191642,1.0,1,79.99998934569629724228920520,0,19.99999776674616666338735215,0,0,0,0,0,0,0,0,0,0,0,0,0,0,0,0,0,0,0,0,179.9999770319015509517191642,0E-26,5E-25,159.9999792651553842883318115,159.9999792651553842883318115,0E-26,0E-27,0.0,20.00,0,0E-26,2960.000020734844615711668188,0,20,20,159.9999770319015509517191642,19.99999776674616666338735215,179.9999770319015509517191642,159.9999792651553842883318120,-19.9999977667461666633873522,2960.000020734844615711668188,0E-26,0,19.99999776674616666338735215,0,20,19.99999776674616666338735215,179.9999770319015509517191642,159.9999770319015509517191642,0,199.9999747986477176151065164,6,True,19.99999776674616666338735215,11.59999866004769999803241129,0,331.5999549571046352380833876,319.9999562970569352400509763,2960.000020734844615711668188,79.99998934569629724228920570,79.99998934569629724228920520,0E-16,79.99998934569629724228920570,0E-26,0,0,0,0,0,159.9999792651553842883318120,179.9999770319015509517191642,179.9999770319015509517191642,179.9999770319015509517191642,0,False,179.9999770319015509517191642,179.9999770319015509517191642,False,179.9999770319015509517191642,0.0,0.00000223325383333661264785,0,0,99.99998991945908704604260629,79.99998991945908704604260629,47.99999395167545222762556377,31.99999596778363481841704252,47.99999395167545222762556377,31.99999596778363481841704252,79.99999106698466665354940857,0,0,0,79.99999106698466665354940857,1.000000000000000000000000000,0E-36,0.079999997336423719578689463,0.0,0.0,0.0,0.0,0.0,0.0,0.0,0.0,0,0,0,2,6.65600000000,0.0,0.0,39.99999467284814862114460260,0.0,0.0,0.0,0.0,0.0,0,0,5E-25,0,0,0,0,0,0,0,0E-13,0E-13,0,0,0,0,0,0,0,0,0.0,0,0,0,0,0,0,0,0,0,0,0,0,0,0,0,0,0,0,0,0,0,0,0,False,0,0,0,0,0,0,0,0,0,0,0,0,0,0,0,0,0,0,0E-26,0E-26,0,0,0,0,0,0,False,0,0,0,0,0,0,0,0,0,0,0,0,0,0,0,0,0,0,0,0,0,0,0,0,0,0,0,0,0,0,0,0,0,0,0,0,0,0,0,0,2,0,0,79.99998934569629724228920520,0,0,0,79.99998934569629724228920520,6.65600000000,0.0,0.0,39.99999467284814862114460260,0,0,0,0,0,0,0,0,0,0,0,0,89.9999885159507754758595818,0E-26,0E-26,89.9999885159507754758595818,0,0,0,0,0,0,0.45,0,0,0,0,0,0,0,0,0,0,2940.000020734844615711668189,2940.000020734844615711668192,19.99999776674616666338735215,0.0,0.0,0.0,yield_seeking,0.1578947368421052631578947368,0.1578947368421046893378492402,-0.0004736842105263140680135477206,0,0,0,0,0,0,0,0,0,0,0,0,0,0,0,0,0,0,0,0,0,0,0,0,0,0,0,0,0,0,0,0,0,0,0,0,0,0,0.0,0.0,0.0,0.0,0.0,0.0,0.0,0.0,0.0,0.0,0.0,0.0,0,0,0,0,0,0,0,0,0,0,0,0,0,0,0,0,0,0,0,0,0,0,0,0,0,0,0,0,0,0,0,0,0,0,0,0E-26,0E-26,2,2,0,0,0,0,1,1,0E-26,0E-26,0,0,1,1,0E-26,0E-26,0,0,0,0,0,0,0,0,0,0,0,0,0,0,0,0,0,0,0,0,0,0,2,2,0,0,2,0,0,0,0,0,0,0,0,0,0,50.0,0.0,50.0,50.0,0.0,50.0,0,0,0,0,0,0,0.0,0.0,0.0
155,0.0,20,20,0.20,0.0,historical,19.99999798389181740920852126,0.20,0.3875,normal,0,1,0,0,,False,0,0.00,159.9999812812635668791232908,0.00000201610818259079147875,159.9999792651553842883318120,179.9999792651553842883318120,179.9999792651553842883318120,1.0,1,79.99999038164468620010715713,0,19.99999798389181740920852125,0,0,0,0,0,0,0,0,0,0,0,0,0,0,0,0,0,0,0,0,179.9999792651553842883318120,0E-26,6E-25,159.9999812812635668791232902,159.9999812812635668791232902,0E-26,0E-27,0.0,20.00,0,0E-26,2980.000018718736433120876710,0,20,20,159.9999792651553842883318120,19.99999798389181740920852125,179.9999792651553842883318120,159.9999812812635668791232908,-19.9999979838918174092085212,2980.000018718736433120876710,0E-26,0,19.99999798389181740920852125,0,20,19.99999798389181740920852125,179.9999792651553842883318120,159.9999792651553842883318120,0,199.9999772490472016975403332,6,True,19.99999798389181740920852125,11.59999879033509044552511275,0,331.5999593367540416129802154,319.9999605464189511674551028,2980.000018718736433120876710,79.99999038164468620010715773,79.99999038164468620010715713,0E-16,79.99999038164468620010715773,0E-26,0,0,0,0,0,159.9999812812635668791232908,179.9999792651553842883318120,179.9999792651553842883318120,179.9999792651553842883318120,0,False,179.9999792651553842883318120,179.9999792651553842883318120,False,179.9999792651553842883318120,0.0,0.00000201610818259079147875,0,0,99.99999089961888067901613310,79.99999089961888067901613310,47.99999453977132840740967986,31.99999635984755227160645324,47.99999453977132840740967986,31.99999635984755227160645324,79.99999193556726963683408504,0,0,0,79.99999193556726963683408504,1.000000000000000000000000000,0E-36,0.079999997595410882447620335,0.0,0.0,0.0,0.0,0.0,0.0,0.0,0.0,0,0,0,2,6.65600000000,0.0,0.0,39.99999519082234310005357856,0.0,0.0,0.0,0.0,0.0,0,0,6E-25,0,0,0,0,0,0,0,0E-13,0E-13,0,0,0,0,0,0,0,1,0.0,0,0,0,0,0,0,0,0,0,0,0,0,0,0,0,0,0,0,0,0,0,0,0,False,0,0,0,0,0,0,0,0,0,0,0,0,0,0,0,0,0,0,0E-26,0E-26,0,0,0,0,0,0,False,0,0,0,0,0,0,0,0,0,0,0,0,0,0,0,0,0,0,0,0,0,0,0,0,0,0,0,0,0,0,0,0,0,0,0,0,0,0,0,0,2,0,0,79.99999038164468620010715713,0,0,0,79.99999038164468620010715713,6.65600000000,0.0,0.0,39.99999519082234310005357856,0,0,0,0,0,0,0,0,0,0,0,0,89.99998963257769214416590575,0E-26,0E-26,89.99998963257769214416590575,0,0,0,0,0,0,0.45,0,0,0,0,0,0,0,0,0,0,2960.000018718736433120876711,2960.000018718736433120876713,19.99999798389181740920852125,0.0,0.0,0.0,yield_seeking,0.1578947368421052631578947368,0.1578947368421048041018583395,-0.0004736842105263144123055750185,0,0,0,0,0,0,0,0,0,0,0,0,0,0,0,0,0,0,0,0,0,0,0,0,0,0,0,0,0,0,0,0,0,0,0,0,0,0,0.0,0.0,0.0,0.0,0.0,0.0,0.0,0.0,0.0,0.0,0.0,0.0,0,0,0,0,0,0,0,0,0,0,0,0,0,0,0,0,0,0,0,0,0,0,0,0,0,0,0,0,0,0,0,0,0,0,0,0E-26,0E-26,2,2,0,0,0,0,1,1,0E-26,0E-26,0,0,1,1,0E-26,0E-26,0,0,0,0,0,0,0,0,0,0,0,0,0,0,0,0,0,0,0,0,0,0,2,2,0,0,2,0,0,0,0,0,0,0,0,0,0,50.0,0.0,50.0,50.0,0.0,50.0,0,0,0,0,0,0,0.0,0.0,0.0
156,0.0,20,20,0.20,0.0,historical,19.99999817992377613580322662,0.20,0.3900,normal,0,1,0,0,,False,0,0.00,159.9999831013397907433200642,0.00000182007622386419677338,159.9999812812635668791232908,179.9999812812635668791232908,179.9999812812635668791232908,1.0,1,79.99999131686485353734945684,0,19.99999817992377613580322662,0,0,0,0,0,0,0,0,0,0,0,0,0,0,0,0,0,0,0,0,179.9999812812635668791232908,0E-27,6E-25,159.9999831013397907433200636,159.9999831013397907433200636,0E-26,0E-27,0.0,20.00,0,0E-27,3000.000016898660209256679937,0,20,20,159.9999812812635668791232908,19.99999817992377613580322662,179.9999812812635668791232908,159.9999831013397907433200642,-19.9999981799237761358032266,3000.000016898660209256679937,0E-27,0,19.99999817992377613580322662,0,20,19.99999817992377613580322662,179.9999812812635668791232908,159.9999812812635668791232908,0,199.9999794611873430149265174,6,True,19.99999817992377613580322662,8.399999271969510454321290648,0,328.3999636545728680767646456,319.9999643826033576224433550,3000.000016898660209256679937,79.99999131686485353734945744,79.99999131686485353734945684,0E-16,79.99999131686485353734945744,0E-26,0,0,0,0,0,159.9999831013397907433200642,179.9999812812635668791232908,179.9999812812635668791232908,179.9999812812635668791232908,0,False,179.9999812812635668791232908,179.9999812812635668791232908,False,179.9999812812635668791232908,0.0,0.00000182007622386419677338,0,0,99.99999178447493720597060673,79.99999178447493720597060673,47.99999507068496232358236403,31.99999671378997488238824270,47.99999507068496232358236403,31.99999671378997488238824270,79.99999271969510454321290648,0,0,0,79.99999271969510454321290648,1.000000000000000000000000000,0E-37,0.079999997829215977769199379,0.0,0.0,0.0,0.0,0.0,0.0,0.0,0.0,0,0,0,2,6.65600000000,0.0,0.0,39.99999565843242676867472842,0.0,0.0,0.0,0.0,0.0,0,0,6E-25,0,0,0,0,0,0,0,0E-14,0E-14,0,0,0,0,0,0,0,0,0.0,0,0,0,0,0,0,0,0,0,0,0,0,0,0,0,0,0,0,0,0,0,0,0,False,0,0,0,0,0,0,0,0,0,0,0,0,0,0,0,0,0,0,0E-26,0E-27,0,0,0,0,0,0,False,0,0,0,0,0,0,0,0,0,0,0,0,0,0,0,0,0,0,0,0,0,0,0,0,0,0,0,0,0,0,0,0,0,0,0,0,0,0,0,0,2,0,0,79.99999131686485353734945684,0,0,0,79.99999131686485353734945684,6.65600000000,0.0,0.0,39.99999565843242676867472842,0,0,0,0,0,0,0,0,0,0,0,0,89.9999906406317834395616451,0E-26,0E-26,89.9999906406317834395616451,0,0,0,0,0,0,0.45,0,0,0,0,0,0,0,0,0,0,2980.000016898660209256679938,2980.000016898660209256679940,19.99999817992377613580322662,0.0,0.0,0.0,yield_seeking,0.1578947368421052631578947368,0.1578947368421048959130656190,-0.0004736842105263146877391968570,0,0,0,0,0,0,0,0,0,0,0,0,0,0,0,0,0,0,0,0,0,0,0,0,0,0,0,0,0,0,0,0,0,0,0,0,0,0,0.0,0.0,0.0,0.0,0.0,0.0,0.0,0.0,0.0,0.0,0.0,0.0,0,0,0,0,0,0,0,0,0,0,0,0,0,0,0,0,0,0,0,0,0,0,0,0,0,0,0,0,0,0,0,0,0,0,0,0E-26,0E-26,2,2,0,0,0,0,1,1,0E-26,0E-26,0,0,1,1,0E-26,0E-26,0,0,0,0,0,0,0,0,0,0,0,0,0,0,0,0,0,0,0,0,0,0,2,2,0,0,2,0,0,0,0,0,0,0,0,0,0,50.0,0.0,50.0,50.0,0.0,50.0,0,0,0,0,0,0,0.0,0.0,0.0
157,0.0,20,20,0.20,0.0,historical,19.99999835689498744119412135,0.20,0.3925,normal,0,1,0,0,,False,0,0.00,159.9999847444448033021259428,0.00000164310501255880587865,159.9999831013397907433200642,179.9999831013397907433200642,179.9999831013397907433200642,1.0,1,79.99999216115089202832026823,0,19.99999835689498744119412135,0,0,0,0,0,0,0,0,0,0,0,0,0,0,0,0,0,0,0,0,179.9999831013397907433200642,0E-26,6E-25,159.9999847444448033021259422,159.9999847444448033021259422,0E-26,0E-27,0.0,20.00,0,0E-26,3020.000015255555196697874060,0,20,20,159.9999831013397907433200642,19.99999835689498744119412135,179.9999831013397907433200642,159.9999847444448033021259428,-19.9999983568949874411941214,3020.000015255555196697874060,0E-26,0,19.99999835689498744119412135,0,20,19.99999835689498744119412135,179.9999831013397907433200642,159.9999831013397907433200642,0,199.9999814582347781845141856,6,True,19.99999835689498744119412135,11.59999901413699246471647281,0,331.5999668599215865101624799,319.9999678457845940454460071,3020.000015255555196697874060,79.99999216115089202832026883,79.99999216115089202832026823,0E-16,79.99999216115089202832026883,0E-26,0,0,0,0,0,159.9999847444448033021259428,179.9999831013397907433200642,179.9999831013397907433200642,179.9999831013397907433200642,0,False,179.9999831013397907433200642,179.9999831013397907433200642,False,179.9999831013397907433200642,0.0,0.00000164310501255880587865,0,0,99.99999258329391127380567397,79.99999258329391127380567397,47.99999554997634676428340438,31.99999703331756450952226959,47.99999554997634676428340438,31.99999703331756450952226959,79.99999342757994976477648538,0,0,0,79.99999342757994976477648538,1.000000000000000000000000000,0E-37,0.079999998040287530983450822,0.0,0.0,0.0,0.0,0.0,0.0,0.0,0.0,0,0,0,2,6.65600000000,0.0,0.0,39.99999608057544601416013412,0.0,0.0,0.0,0.0,0.0,0,0,6E-25,0,0,0,0,0,0,0,0E-14,0E-14,0,0,0,0,0,0,0,0,0.0,0,0,0,0,0,0,0,0,0,0,0,0,0,0,0,0,0,0,0,0,0,0,0,False,0,0,0,0,0,0,0,0,0,0,0,0,0,0,0,0,0,0,0E-26,0E-26,0,0,0,0,0,0,False,0,0,0,0,0,0,0,0,0,0,0,0,0,0,0,0,0,0,0,0,0,0,0,0,0,0,0,0,0,0,0,0,0,0,0,0,0,0,0,0,2,0,0,79.99999216115089202832026823,0,0,0,79.99999216115089202832026823,6.65600000000,0.0,0.0,39.99999608057544601416013412,0,0,0,0,0,0,0,0,0,0,0,0,89.9999915506698953716600318,0E-26,0E-26,89.9999915506698953716600318,0,0,0,0,0,0,0.45,0,0,0,0,0,0,0,0,0,0,3000.000015255555196697874060,3000.000015255555196697874061,19.99999835689498744119412135,0.0,0.0,0.0,yield_seeking,0.1578947368421052631578947368,0.1578947368421049693620314426,-0.0004736842105263149080860943278,0,0,0,0,0,0,0,0,0,0,0,0,0,0,0,0,0,0,0,0,0,0,0,0,0,0,0,0,0,0,0,0,0,0,0,0,0,0,0.0,0.0,0.0,0.0,0.0,0.0,0.0,0.0,0.0,0.0,0.0,0.0,0,0,0,0,0,0,0,0,0,0,0,0,0,0,0,0,0,0,0,0,0,0,0,0,0,0,0,0,0,0,0,0,0,0,0,0E-26,0E-26,2,2,0,0,0,0,1,1,0E-26,0E-26,0,0,1,1,0E-26,0E-26,0,0,0,0,0,0,0,0,0,0,0,0,0,0,0,0,0,0,0,0,0,0,2,2,0,0,2,0,0,0,0,0,0,0,0,0,0,50.0,0.0,50.0,50.0,0.0,50.0,0,0,0,0,0,0,0.0,0.0,0.0
158,0.0,20,20,0.20,0.0,historical,19.99999851665878225476113479,0.20,0.3950,normal,0,1,0,0,,False,0,0.00,159.9999862277860210473648080,0.00000148334121774523886520,159.9999847444448033021259428,179.9999847444448033021259428,179.9999847444448033021259428,1.0,1,79.99999292334458682460997661,0,19.99999851665878225476113480,0,0,0,0,0,0,0,0,0,0,0,0,0,0,0,0,0,0,0,0,179.9999847444448033021259428,0E-27,6E-25,159.9999862277860210473648074,159.9999862277860210473648074,0E-26,0E-27,0.0,20.00,0,0E-27,3040.000013772213978952635195,0,20,20,159.9999847444448033021259428,19.99999851665878225476113480,179.9999847444448033021259428,159.9999862277860210473648080,-19.9999985166587822547611348,3040.000013772213978952635195,0E-27,0,19.99999851665878225476113480,0,20,19.99999851665878225476113480,179.9999847444448033021259428,159.9999847444448033021259428,0,199.9999832611035855568870776,6,True,19.99999851665878225476113480,8.399999406663512901904453918,0,328.3999703788943372513952047,319.9999709722308243494907508,3040.000013772213978952635195,79.99999292334458682460997721,79.99999292334458682460997661,0E-16,79.99999292334458682460997721,0E-26,0,0,0,0,0,159.9999862277860210473648080,179.9999847444448033021259428,179.9999847444448033021259428,179.9999847444448033021259428,0,False,179.9999847444448033021259428,179.9999847444448033021259428,False,179.9999847444448033021259428,0.0,0.00000148334121774523886520,0,0,99.99999330444143422275483079,79.99999330444143422275483079,47.99999598266486053365289847,31.99999732177657368910193232,47.99999598266486053365289847,31.99999732177657368910193232,79.99999406663512901904453917,0,0,0,79.99999406663512901904453917,1.000000000000000000000000000,0E-37,0.079999998230835990209101660,0.0,0.0,0.0,0.0,0.0,0.0,0.0,0.0,0,0,0,2,6.65600000000,0.0,0.0,39.99999646167229341230498830,0.0,0.0,0.0,0.0,0.0,0,0,6E-25,0,0,0,0,0,0,0,0E-14,0E-14,0,0,0,0,0,0,0,0,0.0,0,0,0,0,0,0,0,0,0,0,0,0,0,0,0,0,0,0,0,0,0,0,0,False,0,0,0,0,0,0,0,0,0,0,0,0,0,0,0,0,0,0,0E-26,0E-27,0,0,0,0,0,0,False,0,0,0,0,0,0,0,0,0,0,0,0,0,0,0,0,0,0,0,0,0,0,0,0,0,0,0,0,0,0,0,0,0,0,0,0,0,0,0,0,2,0,0,79.99999292334458682460997661,0,0,0,79.99999292334458682460997661,6.65600000000,0.0,0.0,39.99999646167229341230498830,0,0,0,0,0,0,0,0,0,0,0,0,89.9999923722224016510629711,0E-26,0E-26,89.9999923722224016510629711,0,0,0,0,0,0,0.45,0,0,0,0,0,0,0,0,0,0,3020.000013772213978952635195,3020.000013772213978952635196,19.99999851665878225476113480,0.0,0.0,0.0,yield_seeking,0.1578947368421052631578947368,0.1578947368421050281212041014,-0.0004736842105263150843636123042,0,0,0,0,0,0,0,0,0,0,0,0,0,0,0,0,0,0,0,0,0,0,0,0,0,0,0,0,0,0,0,0,0,0,0,0,0,0,0.0,0.0,0.0,0.0,0.0,0.0,0.0,0.0,0.0,0.0,0.0,0.0,0,0,0,0,0,0,0,0,0,0,0,0,0,0,0,0,0,0,0,0,0,0,0,0,0,0,0,0,0,0,0,0,0,0,0,0E-26,0E-26,2,2,0,0,0,0,1,1,0E-26,0E-26,0,0,1,1,0E-26,0E-26,0,0,0,0,0,0,0,0,0,0,0,0,0,0,0,0,0,0,0,0,0,0,2,2,0,0,2,0,0,0,0,0,0,0,0,0,0,50.0,0.0,50.0,50.0,0.0,50.0,0,0,0,0,0,0,0.0,0.0,0.0
159,0.0,20,20,0.20,0.0,historical,19.99999866088828684455096616,0.20,0.3975,normal,0,1,0,0,,False,0,0.00,159.9999875668977342028138418,0.00000133911171315544903385,159.9999862277860210473648080,179.9999862277860210473648080,179.9999862277860210473648080,1.0,1,79.99999361142801104604753180,0,19.99999866088828684455096615,0,0,0,0,0,0,0,0,0,0,0,0,0,0,0,0,0,0,0,0,179.9999862277860210473648080,0E-26,5E-25,159.9999875668977342028138413,159.9999875668977342028138413,0E-26,0E-27,0.0,20.00,0,0E-26,3060.000012433102265797186161,0,20,20,159.9999862277860210473648080,19.99999866088828684455096615,179.9999862277860210473648080,159.9999875668977342028138418,-19.9999986608882868445509662,3060.000012433102265797186161,0E-26,0,19.99999866088828684455096615,0,20,19.99999866088828684455096615,179.9999862277860210473648080,159.9999862277860210473648080,0,199.9999848886743078919157742,6,True,19.99999866088828684455096615,11.59999919653297210673057969,0,331.5999729912167273569092295,319.9999737946837552501786498,3060.000012433102265797186161,79.99999361142801104604753230,79.99999361142801104604753180,0E-16,79.99999361142801104604753230,0E-26,0,0,0,0,0,159.9999875668977342028138418,179.9999862277860210473648080,179.9999862277860210473648080,179.9999862277860210473648080,0,False,179.9999862277860210473648080,179.9999862277860210473648080,False,179.9999862277860210473648080,0.0,0.00000133911171315544903385,0,0,99.99999395546972315676630943,79.99999395546972315676630943,47.99999637328183389405978566,31.99999758218788926270652377,47.99999637328183389405978566,31.99999758218788926270652377,79.99999464355314737820386464,0,0,0,79.99999464355314737820386464,1.000000000000000000000000000,0E-37,0.079999998402856875218214017,0.0,0.0,0.0,0.0,0.0,0.0,0.0,0.0,0,0,0,2,6.65600000000,0.0,0.0,39.99999680571400552302376590,0.0,0.0,0.0,0.0,0.0,0,0,5E-25,0,0,0,0,0,0,0,0E-14,0E-14,0,0,0,0,0,0,0,0,0.0,0,0,0,0,0,0,0,0,0,0,0,0,0,0,0,0,0,0,0,0,0,0,0,False,0,0,0,0,0,0,0,0,0,0,0,0,0,0,0,0,0,0,0E-26,0E-26,0,0,0,0,0,0,False,0,0,0,0,0,0,0,0,0,0,0,0,0,0,0,0,0,0,0,0,0,0,0,0,0,0,0,0,0,0,0,0,0,0,0,0,0,0,0,0,2,0,0,79.99999361142801104604753180,0,0,0,79.99999361142801104604753180,6.65600000000,0.0,0.0,39.99999680571400552302376590,0,0,0,0,0,0,0,0,0,0,0,0,89.9999931138930105236824037,0E-26,0E-26,89.9999931138930105236824037,0,0,0,0,0,0,0.45,0,0,0,0,0,0,0,0,0,0,3040.000012433102265797186161,3040.000012433102265797186162,19.99999866088828684455096615,0.0,0.0,0.0,yield_seeking,0.1578947368421052631578947368,0.1578947368421050751285422285,-0.0004736842105263152253856266855,0,0,0,0,0,0,0,0,0,0,0,0,0,0,0,0,0,0,0,0,0,0,0,0,0,0,0,0,0,0,0,0,0,0,0,0,0,0,0.0,0.0,0.0,0.0,0.0,0.0,0.0,0.0,0.0,0.0,0.0,0.0,0,0,0,0,0,0,0,0,0,0,0,0,0,0,0,0,0,0,0,0,0,0,0,0,0,0,0,0,0,0,0,0,0,0,0,0E-26,0E-26,2,2,0,0,0,0,1,1,0E-26,0E-26,0,0,1,1,0E-26,0E-26,0,0,0,0,0,0,0,0,0,0,0,0,0,0,0,0,0,0,0,0,0,0,2,2,0,0,2,0,0,0,0,0,0,0,0,0,0,50.0,0.0,50.0,50.0,0.0,50.0,0,0,0,0,0,0,0.0,0.0,0.0
160,0.0,20,20,0.20,0.0,historical,19.99999879109394463135326189,0.20,0.4000,normal,0,1,0,0,,False,0,0.00,159.9999887758037895714605799,0.00000120890605536864673812,159.9999875668977342028138418,179.9999875668977342028138418,179.9999875668977342028138418,1.0,1,79.99999423260711803779373808,0,19.99999879109394463135326188,0,0,0,0,0,0,0,0,0,0,0,0,0,0,0,0,0,0,0,0,179.9999875668977342028138418,0E-27,6E-25,159.9999887758037895714605793,159.9999887758037895714605793,0E-26,0E-27,0.0,20.00,0,0E-27,3080.000011224196210428539422,0,20,20,159.9999875668977342028138418,19.99999879109394463135326188,179.9999875668977342028138418,159.9999887758037895714605799,-19.9999987910939446313532619,3080.000011224196210428539422,0E-27,0,19.99999879109394463135326188,0,20,19.99999879109394463135326188,179.9999875668977342028138418,159.9999875668977342028138418,0,199.9999863579916788341671037,6,True,19.99999879109394463135326188,8.399999516437577852541304754,0,328.3999758591391016268157264,319.9999763427015237742744217,3080.000011224196210428539422,79.99999423260711803779373868,79.99999423260711803779373808,0E-16,79.99999423260711803779373868,0E-26,0,0,0,0,0,159.9999887758037895714605799,179.9999875668977342028138418,179.9999875668977342028138418,179.9999875668977342028138418,0,False,179.9999875668977342028138418,179.9999875668977342028138418,False,179.9999875668977342028138418,0.0,0.00000120890605536864673812,0,0,99.99999454319667153366684125,79.99999454319667153366684125,47.99999672591800292020010475,31.99999781727866861346673650,47.99999672591800292020010475,31.99999781727866861346673650,79.99999516437577852541304755,0,0,0,79.99999516437577852541304755,1.000000000000000000000000000,0E-37,0.079999998558151675563126395,0.0,0.0,0.0,0.0,0.0,0.0,0.0,0.0,0,0,0,2,6.65600000000,0.0,0.0,39.99999711630355901889686904,0.0,0.0,0.0,0.0,0.0,0,0,6E-25,0,0,0,0,0,0,0,0E-14,0E-14,0,0,0,0,0,0,0,0,0.0,0,0,0,0,0,0,0,0,0,0,0,0,0,0,0,0,0,0,0,0,0,0,0,False,0,0,0,0,0,0,0,0,0,0,0,0,0,0,0,0,0,0,0E-26,0E-27,0,0,0,0,0,0,False,0,0,0,0,0,0,0,0,0,0,0,0,0,0,0,0,0,0,0,0,0,0,0,0,0,0,0,0,0,0,0,0,0,0,0,0,0,0,0,0,2,0,0,79.99999423260711803779373808,0,0,0,79.99999423260711803779373808,6.65600000000,0.0,0.0,39.99999711630355901889686904,0,0,0,0,0,0,0,0,0,0,0,0,89.9999937834488671014069206,0E-26,0E-26,89.9999937834488671014069206,0,0,0,0,0,0,0.45,0,0,0,0,0,0,0,0,0,0,3060.000011224196210428539423,3060.000011224196210428539424,19.99999879109394463135326188,0.0,0.0,0.0,yield_seeking,0.1578947368421052631578947368,0.1578947368421051127344127302,-0.0004736842105263153382032381906,0,0,0,0,0,0,0,0,0,0,0,0,0,0,0,0,0,0,0,0,0,0,0,0,0,0,0,0,0,0,0,0,0,0,0,0,0,0,0.0,0.0,0.0,0.0,0.0,0.0,0.0,0.0,0.0,0.0,0.0,0.0,0,0,0,0,0,0,0,0,0,0,0,0,0,0,0,0,0,0,0,0,0,0,0,0,0,0,0,0,0,0,0,0,0,0,0,0E-26,0E-26,2,2,0,0,0,0,1,1,0E-26,0E-26,0,0,1,1,0E-26,0E-26,0,0,0,0,0,0,0,0,0,0,0,0,0,0,0,0,0,0,0,0,0,0,2,2,0,0,2,0,0,0,0,0,0,0,0,0,0,50.0,0.0,50.0,50.0,0.0,50.0,0,0,0,0,0,0,0.0,0.0,0.0
161,0.0,20,20,0.20,0.0,historical,19.99999890863933430673336825,0.20,0.4025,normal,0,1,0,0,,False,0,0.00,159.9999898671644552647272116,0.00000109136066569326663175,159.9999887758037895714605799,179.9999887758037895714605799,179.9999887758037895714605799,1.0,1,79.99999479338720571344963207,0,19.99999890863933430673336825,0,0,0,0,0,0,0,0,0,0,0,0,0,0,0,0,0,0,0,0,179.9999887758037895714605798,0E-26,5E-25,159.9999898671644552647272111,159.9999898671644552647272111,0E-26,0E-27,0.0,20.00,0,0E-26,3100.000010132835544735272790,0,20,20,159.9999887758037895714605799,19.99999890863933430673336825,179.9999887758037895714605799,159.9999898671644552647272116,-19.9999989086393343067333683,3100.000010132835544735272790,0E-26,0,19.99999890863933430673336825,0,20,19.99999890863933430673336825,179.9999887758037895714605799,159.9999887758037895714605799,0,199.9999876844431238781939482,6,True,19.99999890863933430673336825,11.59999934518360058404002095,0,331.5999779881518454202278125,319.9999786429682448361877915,3100.000010132835544735272790,79.99999479338720571344963257,79.99999479338720571344963207,0E-16,79.99999479338720571344963257,0E-26,0,0,0,0,0,159.9999898671644552647272116,179.9999887758037895714605799,179.9999887758037895714605799,179.9999887758037895714605799,0,False,179.9999887758037895714605799,179.9999887758037895714605799,False,179.9999887758037895714605799,0.0,0.00000109136066569326663175,0,0,99.99999507377724955127757903,79.99999507377724955127757903,47.99999704426634973076654742,31.99999802951089982051103161,47.99999704426634973076654742,31.99999802951089982051103161,79.99999563455733722693347300,0,0,0,79.99999563455733722693347300,1.000000000000000000000000000,0E-37,0.079999998698346716713304427,0.0,0.0,0.0,0.0,0.0,0.0,0.0,0.0,0,0,0,2,6.65600000000,0.0,0.0,39.99999739669360285672481604,0.0,0.0,0.0,0.0,0.0,0,0,5E-25,0,0,0,0,0,0,0,0E-14,0E-14,0,0,0,0,0,0,0,0,0.0,0,0,0,0,0,0,0,0,0,0,0,0,0,0,0,0,0,0,0,0,0,0,0,False,0,0,0,0,0,0,0,0,0,0,0,0,0,0,0,0,0,0,0E-26,0E-26,0,0,0,0,0,0,False,0,0,0,0,0,0,0,0,0,0,0,0,0,0,0,0,0,0,0,0,0,0,0,0,0,0,0,0,0,0,0,0,0,0,0,0,0,0,0,0,2,0,0,79.99999479338720571344963207,0,0,0,79.99999479338720571344963207,6.65600000000,0.0,0.0,39.99999739669360285672481604,0,0,0,0,0,0,0,0,0,0,0,0,89.9999943879018947857302897,0E-26,0E-26,89.9999943879018947857302897,0,0,0,0,0,0,0.45,0,0,0,0,0,0,0,0,0,0,3080.000010132835544735272791,3080.000010132835544735272792,19.99999890863933430673336825,0.0,0.0,0.0,yield_seeking,0.1578947368421052631578947368,0.1578947368421051428191091315,-0.0004736842105263154284573273945,0,0,0,0,0,0,0,0,0,0,0,0,0,0,0,0,0,0,0,0,0,0,0,0,0,0,0,0,0,0,0,0,0,0,0,0,0,0,0.0,0.0,0.0,0.0,0.0,0.0,0.0,0.0,0.0,0.0,0.0,0.0,0,0,0,0,0,0,0,0,0,0,0,0,0,0,0,0,0,0,0,0,0,0,0,0,0,0,0,0,0,0,0,0,0,0,0,0E-26,0E-26,2,2,0,0,0,0,1,1,0E-26,0E-26,0,0,1,1,0E-26,0E-26,0,0,0,0,0,0,0,0,0,0,0,0,0,0,0,0,0,0,0,0,0,0,2,2,0,0,2,0,0,0,0,0,0,0,0,0,0,50.0,0.0,50.0,50.0,0.0,50.0,0,0,0,0,0,0,0.0,0.0,0.0
162,0.0,20,20,0.20,0.0,historical,19.99999901475544991025551581,0.20,0.4050,normal,0,1,0,0,,False,0,0.00,159.9999908524090053544716958,9.8524455008974448420E-7,159.9999898671644552647272116,179.9999898671644552647272116,179.9999898671644552647272116,1.0,1,79.99999529964104328447860458,0,19.99999901475544991025551580,0,0,0,0,0,0,0,0,0,0,0,0,0,0,0,0,0,0,0,0,179.9999898671644552647272116,0E-26,5E-25,159.9999908524090053544716953,159.9999908524090053544716953,0E-26,0E-27,0.0,20.00,0,0E-26,3120.000009147590994645528305,0,20,20,159.9999898671644552647272116,19.99999901475544991025551580,179.9999898671644552647272116,159.9999908524090053544716958,-19.9999990147554499102555158,3120.000009147590994645528305,0E-26,0,19.99999901475544991025551580,0,20,19.99999901475544991025551580,179.9999898671644552647272116,159.9999898671644552647272116,0,199.9999888819199051749827274,6,True,19.99999901475544991025551580,11.59999940885326994615330948,0,331.5999801284267305653522169,319.9999807195734606191989074,3120.000009147590994645528305,79.99999529964104328447860508,79.99999529964104328447860458,0E-16,79.99999529964104328447860508,0E-26,0,0,0,0,0,159.9999908524090053544716958,179.9999898671644552647272116,179.9999898671644552647272116,179.9999898671644552647272116,0,False,179.9999898671644552647272116,179.9999898671644552647272116,False,179.9999898671644552647272116,0.0,9.8524455008974448420E-7,0,0,99.99999555276796206999309076,79.99999555276796206999309076,47.99999733166077724199585446,31.99999822110718482799723630,47.99999733166077724199585446,31.99999822110718482799723630,79.99999605902179964102206323,0,0,0,79.99999605902179964102206323,1.000000000000000000000000000,0E-37,0.079999998824910191779320839,0.0,0.0,0.0,0.0,0.0,0.0,0.0,0.0,0,0,0,2,6.65600000000,0.0,0.0,39.99999764982052164223930229,0.0,0.0,0.0,0.0,0.0,0,0,5E-25,0,0,0,0,0,0,0,0E-14,0E-14,0,0,0,0,0,0,0,0,0.0,0,0,0,0,0,0,0,0,0,0,0,0,0,0,0,0,0,0,0,0,0,0,0,False,0,0,0,0,0,0,0,0,0,0,0,0,0,0,0,0,0,0,0E-26,0E-26,0,0,0,0,0,0,False,0,0,0,0,0,0,0,0,0,0,0,0,0,0,0,0,0,0,0,0,0,0,0,0,0,0,0,0,0,0,0,0,0,0,0,0,0,0,0,0,2,0,0,79.99999529964104328447860458,0,0,0,79.99999529964104328447860458,6.65600000000,0.0,0.0,39.99999764982052164223930229,0,0,0,0,0,0,0,0,0,0,0,0,89.99999493358222763236360555,0E-26,0E-26,89.99999493358222763236360555,0,0,0,0,0,0,0.45,0,0,0,0,0,0,0,0,0,0,3100.000009147590994645528306,3100.000009147590994645528308,19.99999901475544991025551580,0.0,0.0,0.0,yield_seeking,0.1578947368421052631578947368,0.1578947368421051668868662526,-0.0004736842105263155006605987578,0,0,0,0,0,0,0,0,0,0,0,0,0,0,0,0,0,0,0,0,0,0,0,0,0,0,0,0,0,0,0,0,0,0,0,0,0,0,0.0,0.0,0.0,0.0,0.0,0.0,0.0,0.0,0.0,0.0,0.0,0.0,0,0,0,0,0,0,0,0,0,0,0,0,0,0,0,0,0,0,0,0,0,0,0,0,0,0,0,0,0,0,0,0,0,0,0,0E-26,0E-26,2,2,0,0,0,0,1,1,0E-26,0E-26,0,0,1,1,0E-26,0E-26,0,0,0,0,0,0,0,0,0,0,0,0,0,0,0,0,0,0,0,0,0,0,2,2,0,0,2,0,0,0,0,0,0,0,0,0,0,50.0,0.0,50.0,50.0,0.0,50.0,0,0,0,0,0,0,0.0,0.0,0.0
163,0.0,20,20,0.20,0.0,historical,19.99999911055359241399861815,0.20,0.4075,normal,0,1,0,0,,False,0,0.00,159.9999917418554129404730776,8.8944640758600138185E-7,159.9999908524090053544716958,179.9999908524090053544716958,179.9999908524090053544716958,1.0,1,79.99999575667037383308495178,0,19.99999911055359241399861815,0,0,0,0,0,0,0,0,0,0,0,0,0,0,0,0,0,0,0,0,179.9999908524090053544716958,0E-26,4E-25,159.9999917418554129404730772,159.9999917418554129404730772,0E-26,0E-27,0.0,20.00,0,0E-26,3140.000008258144587059526923,0,20,20,159.9999908524090053544716958,19.99999911055359241399861815,179.9999908524090053544716958,159.9999917418554129404730776,-19.9999991105535924139986182,3140.000008258144587059526923,0E-26,0,19.99999911055359241399861815,0,20,19.99999911055359241399861815,179.9999908524090053544716958,159.9999908524090053544716958,0,199.9999899629625977684703140,6,True,19.99999911055359241399861815,11.59999946633215544839917089,0,331.5999820605965737433439443,319.9999825942644182949447734,3140.000008258144587059526923,79.99999575667037383308495218,79.99999575667037383308495178,0E-16,79.99999575667037383308495218,0E-26,0,0,0,0,0,159.9999917418554129404730776,179.9999908524090053544716958,179.9999908524090053544716958,179.9999908524090053544716958,0,False,179.9999908524090053544716958,179.9999908524090053544716958,False,179.9999908524090053544716958,0.0,8.8944640758600138185E-7,0,0,99.99999598518503910738812539,79.99999598518503910738812539,47.99999759111102346443287523,31.99999839407401564295525016,47.99999759111102346443287523,31.99999839407401564295525016,79.99999644221436965599447261,0,0,0,79.99999644221436965599447261,1.000000000000000000000000000,0E-37,0.079999998939167537189998515,0.0,0.0,0.0,0.0,0.0,0.0,0.0,0.0,0,0,0,2,6.65600000000,0.0,0.0,39.99999787833518691654247589,0.0,0.0,0.0,0.0,0.0,0,0,4E-25,0,0,0,0,0,0,0,0E-14,0E-14,0,0,0,0,0,0,0,0,0.0,0,0,0,0,0,0,0,0,0,0,0,0,0,0,0,0,0,0,0,0,0,0,0,False,0,0,0,0,0,0,0,0,0,0,0,0,0,0,0,0,0,0,0E-26,0E-26,0,0,0,0,0,0,False,0,0,0,0,0,0,0,0,0,0,0,0,0,0,0,0,0,0,0,0,0,0,0,0,0,0,0,0,0,0,0,0,0,0,0,0,0,0,0,0,2,0,0,79.99999575667037383308495178,0,0,0,79.99999575667037383308495178,6.65600000000,0.0,0.0,39.99999787833518691654247589,0,0,0,0,0,0,0,0,0,0,0,0,89.99999542620450267723584765,0E-26,0E-26,89.99999542620450267723584765,0,0,0,0,0,0,0.45,0,0,0,0,0,0,0,0,0,0,3120.000008258144587059526924,3120.000008258144587059526926,19.99999911055359241399861815,0.0,0.0,0.0,yield_seeking,0.1578947368421052631578947368,0.1578947368421051861410719494,-0.0004736842105263155584232158482,0,0,0,0,0,0,0,0,0,0,0,0,0,0,0,0,0,0,0,0,0,0,0,0,0,0,0,0,0,0,0,0,0,0,0,0,0,0,0.0,0.0,0.0,0.0,0.0,0.0,0.0,0.0,0.0,0.0,0.0,0.0,0,0,0,0,0,0,0,0,0,0,0,0,0,0,0,0,0,0,0,0,0,0,0,0,0,0,0,0,0,0,0,0,0,0,0,0E-26,0E-26,2,2,0,0,0,0,1,1,0E-26,0E-26,0,0,1,1,0E-26,0E-26,0,0,0,0,0,0,0,0,0,0,0,0,0,0,0,0,0,0,0,0,0,0,2,2,0,0,2,0,0,0,0,0,0,0,0,0,0,50.0,0.0,50.0,50.0,0.0,50.0,0,0,0,0,0,0,0.0,0.0,0.0
164,0.0,20,20,0.20,0.0,historical,19.99999919703700782147762508,0.20,0.4100,normal,0,1,0,0,,False,0,0.00,159.9999925448184051189954525,8.0296299217852237492E-7,159.9999917418554129404730776,179.9999917418554129404730776,179.9999917418554129404730776,1.0,1,79.99999616926143681421517119,0,19.99999919703700782147762508,0,0,0,0,0,0,0,0,0,0,0,0,0,0,0,0,0,0,0,0,179.9999917418554129404730776,0E-26,4E-25,159.9999925448184051189954521,159.9999925448184051189954521,0E-26,0E-27,0.0,20.00,0,0E-26,3160.000007455181594881004547,0,20,20,159.9999917418554129404730776,19.99999919703700782147762508,179.9999917418554129404730776,159.9999925448184051189954525,-19.9999991970370078214776251,3160.000007455181594881004547,0E-26,0,19.99999919703700782147762508,0,20,19.99999919703700782147762508,179.9999917418554129404730776,159.9999917418554129404730776,0,199.9999909388924207619507027,6,True,19.99999919703700782147762508,11.59999951822220469288657505,0,331.5999838048960227523551052,319.9999842866738180594685301,3160.000007455181594881004547,79.99999616926143681421517159,79.99999616926143681421517119,0E-16,79.99999616926143681421517159,0E-26,0,0,0,0,0,159.9999925448184051189954525,179.9999917418554129404730776,179.9999917418554129404730776,179.9999917418554129404730776,0,False,179.9999917418554129404730776,179.9999917418554129404730776,False,179.9999917418554129404730776,0.0,8.0296299217852237492E-7,0,0,99.99999637555696830478028090,79.99999637555696830478028090,47.99999782533418098286816854,31.99999855022278732191211236,47.99999782533418098286816854,31.99999855022278732191211236,79.99999678814803128591050031,0,0,0,79.99999678814803128591050031,1.000000000000000000000000000,0E-37,0.079999999042315313345558036,0.0,0.0,0.0,0.0,0.0,0.0,0.0,0.0,0,0,0,2,6.65600000000,0.0,0.0,39.99999808463071840710758560,0.0,0.0,0.0,0.0,0.0,0,0,4E-25,0,0,0,0,0,0,0,0E-14,0E-14,0,0,0,0,0,0,0,0,0.0,0,0,0,0,0,0,0,0,0,0,0,0,0,0,0,0,0,0,0,0,0,0,0,False,0,0,0,0,0,0,0,0,0,0,0,0,0,0,0,0,0,0,0E-26,0E-26,0,0,0,0,0,0,False,0,0,0,0,0,0,0,0,0,0,0,0,0,0,0,0,0,0,0,0,0,0,0,0,0,0,0,0,0,0,0,0,0,0,0,0,0,0,0,0,2,0,0,79.99999616926143681421517119,0,0,0,79.99999616926143681421517119,6.65600000000,0.0,0.0,39.99999808463071840710758560,0,0,0,0,0,0,0,0,0,0,0,0,89.9999958709277064702365386,0E-26,0E-26,89.9999958709277064702365386,0,0,0,0,0,0,0.45,0,0,0,0,0,0,0,0,0,0,3140.000007455181594881004549,3140.000007455181594881004551,19.99999919703700782147762508,0.0,0.0,0.0,yield_seeking,0.1578947368421052631578947368,0.1578947368421052015444365069,-0.0004736842105263156046333095207,0,0,0,0,0,0,0,0,0,0,0,0,0,0,0,0,0,0,0,0,0,0,0,0,0,0,0,0,0,0,0,0,0,0,0,0,0,0,0.0,0.0,0.0,0.0,0.0,0.0,0.0,0.0,0.0,0.0,0.0,0.0,0,0,0,0,0,0,0,0,0,0,0,0,0,0,0,0,0,0,0,0,0,0,0,0,0,0,0,0,0,0,0,0,0,0,0,0E-26,0E-26,2,2,0,0,0,0,1,1,0E-26,0E-26,0,0,1,1,0E-26,0E-26,0,0,0,0,0,0,0,0,0,0,0,0,0,0,0,0,0,0,0,0,0,0,2,2,0,0,2,0,0,0,0,0,0,0,0,0,0,50.0,0.0,50.0,50.0,0.0,50.0,0,0,0,0,0,0,0.0,0.0,0.0
165,0.0,20,20,0.20,0.0,historical,19.99999927511139366095605618,0.20,0.4125,normal,0,1,0,0,,False,0,0.00,159.9999932697070114580393963,7.2488860633904394382E-7,159.9999925448184051189954525,179.9999925448184051189954525,179.9999925448184051189954525,1.0,1,79.99999654173509194605879256,0,19.99999927511139366095605618,0,0,0,0,0,0,0,0,0,0,0,0,0,0,0,0,0,0,0,0,179.9999925448184051189954525,0E-27,5E-25,159.9999932697070114580393958,159.9999932697070114580393958,0E-26,0E-27,0.0,20.00,0,0E-27,3180.000006730292988541960603,0,20,20,159.9999925448184051189954525,19.99999927511139366095605618,179.9999925448184051189954525,159.9999932697070114580393963,-19.9999992751113936609560562,3180.000006730292988541960603,0E-27,0,19.99999927511139366095605618,0,20,19.99999927511139366095605618,179.9999925448184051189954525,159.9999925448184051189954525,0,199.9999918199297987799515087,6,True,19.99999927511139366095605618,8.399999710044557464382422472,0,328.3999855245699740414172713,319.9999858145254165770348488,3180.000006730292988541960603,79.99999654173509194605879306,79.99999654173509194605879256,0E-16,79.99999654173509194605879306,0E-26,0,0,0,0,0,159.9999932697070114580393963,179.9999925448184051189954525,179.9999925448184051189954525,179.9999925448184051189954525,0,False,179.9999925448184051189954525,179.9999925448184051189954525,False,179.9999925448184051189954525,0.0,7.2488860633904394382E-7,0,0,99.99999672797191951198060330,79.99999672797191951198060330,47.99999803678315170718836198,31.99999869118876780479224132,47.99999803678315170718836198,31.99999869118876780479224132,79.99999710044557464382422472,0,0,0,79.99999710044557464382422472,1.000000000000000000000000000,0E-37,0.079999999135433735612775038,0.0,0.0,0.0,0.0,0.0,0.0,0.0,0.0,0,0,0,2,6.65600000000,0.0,0.0,39.99999827086754597302939628,0.0,0.0,0.0,0.0,0.0,0,0,5E-25,0,0,0,0,0,0,0,0E-14,0E-14,0,0,0,0,0,0,0,0,0.0,0,0,0,0,0,0,0,0,0,0,0,0,0,0,0,0,0,0,0,0,0,0,0,False,0,0,0,0,0,0,0,0,0,0,0,0,0,0,0,0,0,0,0E-26,0E-27,0,0,0,0,0,0,False,0,0,0,0,0,0,0,0,0,0,0,0,0,0,0,0,0,0,0,0,0,0,0,0,0,0,0,0,0,0,0,0,0,0,0,0,0,0,0,0,2,0,0,79.99999654173509194605879256,0,0,0,79.99999654173509194605879256,6.65600000000,0.0,0.0,39.99999827086754597302939628,0,0,0,0,0,0,0,0,0,0,0,0,89.9999962724092025594977260,0E-26,0E-26,89.9999962724092025594977260,0,0,0,0,0,0,0.45,0,0,0,0,0,0,0,0,0,0,3160.000006730292988541960605,3160.000006730292988541960607,19.99999927511139366095605618,0.0,0.0,0.0,yield_seeking,0.1578947368421052631578947368,0.1578947368421052138671281529,-0.0004736842105263156416013844587,0,0,0,0,0,0,0,0,0,0,0,0,0,0,0,0,0,0,0,0,0,0,0,0,0,0,0,0,0,0,0,0,0,0,0,0,0,0,0.0,0.0,0.0,0.0,0.0,0.0,0.0,0.0,0.0,0.0,0.0,0.0,0,0,0,0,0,0,0,0,0,0,0,0,0,0,0,0,0,0,0,0,0,0,0,0,0,0,0,0,0,0,0,0,0,0,0,0E-26,0E-26,2,2,0,0,0,0,1,1,0E-26,0E-26,0,0,1,1,0E-26,0E-26,0,0,0,0,0,0,0,0,0,0,0,0,0,0,0,0,0,0,0,0,0,0,2,2,0,0,2,0,0,0,0,0,0,0,0,0,0,50.0,0.0,50.0,50.0,0.0,50.0,0,0,0,0,0,0,0.0,0.0,0.0
166,0.0,20,20,0.20,0.0,historical,19.99999934559438390239612066,0.20,0.4150,normal,0,1,0,0,,False,0,0.00,159.9999939241126275556432756,6.5440561609760387934E-7,159.9999932697070114580393963,179.9999932697070114580393963,179.9999932697070114580393963,1.0,1,79.99999687799206941146906860,0,19.99999934559438390239612066,0,0,0,0,0,0,0,0,0,0,0,0,0,0,0,0,0,0,0,0,179.9999932697070114580393963,0E-27,4E-25,159.9999939241126275556432752,159.9999939241126275556432752,0E-26,0E-27,0.0,20.00,0,0E-27,3200.000006075887372444356724,0,20,20,159.9999932697070114580393963,19.99999934559438390239612066,179.9999932697070114580393963,159.9999939241126275556432756,-19.9999993455943839023961207,3200.000006075887372444356724,0E-27,0,19.99999934559438390239612066,0,20,19.99999934559438390239612066,179.9999932697070114580393963,159.9999932697070114580393963,0,199.9999926153013953604355170,6,True,19.99999934559438390239612066,8.399999738237753560958448264,0,328.3999869320573925746411202,319.9999871938196390136826719,3200.000006075887372444356724,79.99999687799206941146906900,79.99999687799206941146906860,0E-16,79.99999687799206941146906900,0E-26,0,0,0,0,0,159.9999939241126275556432756,179.9999932697070114580393963,179.9999932697070114580393963,179.9999932697070114580393963,0,False,179.9999932697070114580393963,179.9999932697070114580393963,False,179.9999932697070114580393963,0.0,6.5440561609760387934E-7,0,0,99.99999704612055814417420661,79.99999704612055814417420661,47.99999822767233488650452397,31.99999881844822325766968264,47.99999822767233488650452397,31.99999881844822325766968264,79.99999738237753560958448264,0,0,0,79.99999738237753560958448264,1.000000000000000000000000000,0E-37,0.079999999219497986893698833,0.0,0.0,0.0,0.0,0.0,0.0,0.0,0.0,0,0,0,2,6.65600000000,0.0,0.0,39.99999843899603470573453430,0.0,0.0,0.0,0.0,0.0,0,0,4E-25,0,0,0,0,0,0,0,0E-14,0E-14,0,0,0,0,0,0,0,0,0.0,0,0,0,0,0,0,0,0,0,0,0,0,0,0,0,0,0,0,0,0,0,0,0,False,0,0,0,0,0,0,0,0,0,0,0,0,0,0,0,0,0,0,0E-26,0E-27,0,0,0,0,0,0,False,0,0,0,0,0,0,0,0,0,0,0,0,0,0,0,0,0,0,0,0,0,0,0,0,0,0,0,0,0,0,0,0,0,0,0,0,0,0,0,0,2,0,0,79.99999687799206941146906860,0,0,0,79.99999687799206941146906860,6.65600000000,0.0,0.0,39.99999843899603470573453430,0,0,0,0,0,0,0,0,0,0,0,0,89.99999663485350572901969795,0E-26,0E-26,89.99999663485350572901969795,0,0,0,0,0,0,0.45,0,0,0,0,0,0,0,0,0,0,3180.000006075887372444356725,3180.000006075887372444356728,19.99999934559438390239612066,0.0,0.0,0.0,yield_seeking,0.1578947368421052631578947368,0.1578947368421052237252814697,-0.0004736842105263156711758444091,0,0,0,0,0,0,0,0,0,0,0,0,0,0,0,0,0,0,0,0,0,0,0,0,0,0,0,0,0,0,0,0,0,0,0,0,0,0,0.0,0.0,0.0,0.0,0.0,0.0,0.0,0.0,0.0,0.0,0.0,0.0,0,0,0,0,0,0,0,0,0,0,0,0,0,0,0,0,0,0,0,0,0,0,0,0,0,0,0,0,0,0,0,0,0,0,0,0E-26,0E-26,2,2,0,0,0,0,1,1,0E-26,0E-26,0,0,1,1,0E-26,0E-26,0,0,0,0,0,0,0,0,0,0,0,0,0,0,0,0,0,0,0,0,0,0,2,2,0,0,2,0,0,0,0,0,0,0,0,0,0,50.0,0.0,50.0,50.0,0.0,50.0,0,0,0,0,0,0,0.0,0.0,0.0
167,0.0,20,20,0.20,0.0,historical,19.99999940922411162883484132,0.20,0.4175,normal,0,1,0,0,,False,0,0.00,159.9999945148885159268084343,5.9077588837116515868E-7,159.9999939241126275556432756,179.9999939241126275556432756,179.9999939241126275556432756,1.0,1,79.99999718155382025301718725,0,19.99999940922411162883484132,0,0,0,0,0,0,0,0,0,0,0,0,0,0,0,0,0,0,0,0,179.9999939241126275556432756,0E-26,5E-25,159.9999945148885159268084338,159.9999945148885159268084338,0E-26,0E-27,0.0,20.00,0,0E-26,3220.000005485111484073191566,0,20,20,159.9999939241126275556432756,19.99999940922411162883484132,179.9999939241126275556432756,159.9999945148885159268084343,-19.9999994092241116288348413,3220.000005485111484073191566,0E-26,0,19.99999940922411162883484132,0,20,19.99999940922411162883484132,179.9999939241126275556432756,159.9999939241126275556432756,0,199.9999933333367391844781169,6,True,19.99999940922411162883484132,11.59999964553446697730090479,0,331.5999880845356104597526147,319.9999884390011434824517099,3220.000005485111484073191566,79.99999718155382025301718775,79.99999718155382025301718725,0E-16,79.99999718155382025301718775,0E-26,0,0,0,0,0,159.9999945148885159268084343,179.9999939241126275556432756,179.9999939241126275556432756,179.9999939241126275556432756,0,False,179.9999939241126275556432756,179.9999939241126275556432756,False,179.9999939241126275556432756,0.0,5.9077588837116515868E-7,0,0,99.99999733333469567379124662,79.99999733333469567379124662,47.99999840000081740427474797,31.99999893333387826951649865,47.99999840000081740427474797,31.99999893333387826951649865,79.99999763689644651533936529,0,0,0,79.99999763689644651533936529,1.000000000000000000000000000,0E-37,0.079999999295388430239381959,0.0,0.0,0.0,0.0,0.0,0.0,0.0,0.0,0,0,0,2,6.65600000000,0.0,0.0,39.99999859077691012650859362,0.0,0.0,0.0,0.0,0.0,0,0,5E-25,0,0,0,0,0,0,0,0E-14,0E-14,0,0,0,0,0,0,0,1,0.0,0,0,0,0,0,0,0,0,0,0,0,0,0,0,0,0,0,0,0,0,0,0,0,False,0,0,0,0,0,0,0,0,0,0,0,0,0,0,0,0,0,0,0E-26,0E-26,0,0,0,0,0,0,False,0,0,0,0,0,0,0,0,0,0,0,0,0,0,0,0,0,0,0,0,0,0,0,0,0,0,0,0,0,0,0,0,0,0,0,0,0,0,0,0,2,0,0,79.99999718155382025301718725,0,0,0,79.99999718155382025301718725,6.65600000000,0.0,0.0,39.99999859077691012650859362,0,0,0,0,0,0,0,0,0,0,0,0,89.9999969620563137778216376,0E-26,0E-26,89.9999969620563137778216376,0,0,0,0,0,0,0.45,0,0,0,0,0,0,0,0,0,0,3200.000005485111484073191567,3200.000005485111484073191569,19.99999940922411162883484132,0.0,0.0,0.0,yield_seeking,0.1578947368421052631578947368,0.1578947368421052316118041231,-0.0004736842105263156948354123693,0,0,0,0,0,0,0,0,0,0,0,0,0,0,0,0,0,0,0,0,0,0,0,0,0,0,0,0,0,0,0,0,0,0,0,0,0,0,0.0,0.0,0.0,0.0,0.0,0.0,0.0,0.0,0.0,0.0,0.0,0.0,0,0,0,0,0,0,0,0,0,0,0,0,0,0,0,0,0,0,0,0,0,0,0,0,0,0,0,0,0,0,0,0,0,0,0,0E-26,0E-26,2,2,0,0,0,0,1,1,0E-26,0E-26,0,0,1,1,0E-26,0E-26,0,0,0,0,0,0,0,0,0,0,0,0,0,0,0,0,0,0,0,0,0,0,2,2,0,0,2,0,0,0,0,0,0,0,0,0,0,50.0,0.0,50.0,50.0,0.0,50.0,0,0,0,0,0,0,0.0,0.0,0.0
168,0.0,20,20,0.20,0.0,historical,19.99999946666693913475824932,0.20,0.4200,normal,0,1,0,0,,False,0,0.00,159.9999950482215767920501850,5.3333306086524175068E-7,159.9999945148885159268084343,179.9999945148885159268084343,179.9999945148885159268084343,1.0,1,79.99999745559939476742351126,0,19.99999946666693913475824932,0,0,0,0,0,0,0,0,0,0,0,0,0,0,0,0,0,0,0,0,179.9999945148885159268084343,0E-27,5E-25,159.9999950482215767920501845,159.9999950482215767920501845,0E-26,0E-27,0.0,20.00,0,0E-27,3240.000004951778423207949816,0,20,20,159.9999945148885159268084343,19.99999946666693913475824932,179.9999945148885159268084343,159.9999950482215767920501850,-19.9999994666669391347582493,3240.000004951778423207949816,0E-27,0,19.99999946666693913475824932,0,20,19.99999946666693913475824932,179.9999945148885159268084343,159.9999945148885159268084343,0,199.9999939815554550615666836,6,True,19.99999946666693913475824932,8.399999786666775653903299730,0,328.3999893497768683727619190,319.9999895631100927188586193,3240.000004951778423207949816,79.99999745559939476742351176,79.99999745559939476742351126,0E-16,79.99999745559939476742351176,0E-26,0,0,0,0,0,159.9999950482215767920501850,179.9999945148885159268084343,179.9999945148885159268084343,179.9999945148885159268084343,0,False,179.9999945148885159268084343,179.9999945148885159268084343,False,179.9999945148885159268084343,0.0,5.3333306086524175068E-7,0,0,99.99999759262218202462667328,79.99999759262218202462667328,47.99999855557330921477600397,31.99999903704887280985066931,47.99999855557330921477600397,31.99999903704887280985066931,79.99999786666775653903299730,0,0,0,79.99999786666775653903299730,1.000000000000000000000000000,0E-37,0.079999999363899828460685109,0.0,0.0,0.0,0.0,0.0,0.0,0.0,0.0,0,0,0,2,6.65600000000,0.0,0.0,39.99999872779969738371175563,0.0,0.0,0.0,0.0,0.0,0,0,5E-25,0,0,0,0,0,0,0,0E-15,0E-15,0,0,0,0,0,0,0,0,0.0,0,0,0,0,0,0,0,0,0,0,0,0,0,0,0,0,0,0,0,0,0,0,0,False,0,0,0,0,0,0,0,0,0,0,0,0,0,0,0,0,0,0,0E-26,0E-27,0,0,0,0,0,0,False,0,0,0,0,0,0,0,0,0,0,0,0,0,0,0,0,0,0,0,0,0,0,0,0,0,0,0,0,0,0,0,0,0,0,0,0,0,0,0,0,2,0,0,79.99999745559939476742351126,0,0,0,79.99999745559939476742351126,6.65600000000,0.0,0.0,39.99999872779969738371175563,0,0,0,0,0,0,0,0,0,0,0,0,89.99999725744425796340421695,0E-26,0E-26,89.99999725744425796340421695,0,0,0,0,0,0,0.45,0,0,0,0,0,0,0,0,0,0,3220.000004951778423207949817,3220.000004951778423207949818,19.99999946666693913475824932,0.0,0.0,0.0,yield_seeking,0.1578947368421052631578947368,0.1578947368421052379210222458,-0.0004736842105263157137630667374,0,0,0,0,0,0,0,0,0,0,0,0,0,0,0,0,0,0,0,0,0,0,0,0,0,0,0,0,0,0,0,0,0,0,0,0,0,0,0.0,0.0,0.0,0.0,0.0,0.0,0.0,0.0,0.0,0.0,0.0,0.0,0,0,0,0,0,0,0,0,0,0,0,0,0,0,0,0,0,0,0,0,0,0,0,0,0,0,0,0,0,0,0,0,0,0,0,0E-26,0E-26,2,2,0,0,0,0,1,1,0E-26,0E-26,0,0,1,1,0E-26,0E-26,0,0,0,0,0,0,0,0,0,0,0,0,0,0,0,0,0,0,0,0,0,0,2,2,0,0,2,0,0,0,0,0,0,0,0,0,0,50.0,0.0,50.0,50.0,0.0,50.0,0,0,0,0,0,0,0.0,0.0,0.0
169,0.0,20,20,0.20,0.0,historical,19.99999951852443640492533466,0.20,0.4225,normal,0,1,0,0,,False,0,0.00,159.9999955296971403871248504,4.8147556359507466535E-7,159.9999950482215767920501850,179.9999950482215767920501850,179.9999950482215767920501850,1.0,1,79.99999770299873510833464219,0,19.99999951852443640492533465,0,0,0,0,0,0,0,0,0,0,0,0,0,0,0,0,0,0,0,0,179.9999950482215767920501850,0E-27,5E-25,159.9999955296971403871248499,159.9999955296971403871248499,0E-26,0E-27,0.0,20.00,0,0E-27,3260.000004470302859612875151,0,20,20,159.9999950482215767920501850,19.99999951852443640492533465,179.9999950482215767920501850,159.9999955296971403871248504,-19.9999995185244364049253346,3260.000004470302859612875151,0E-27,0,19.99999951852443640492533465,0,20,19.99999951852443640492533465,179.9999950482215767920501850,159.9999950482215767920501850,0,199.9999945667460131969755196,6,True,19.99999951852443640492533465,8.399999807409774561970133862,0,328.3999903853284917411451693,319.9999905779187171791750354,3260.000004470302859612875151,79.99999770299873510833464269,79.99999770299873510833464219,0E-16,79.99999770299873510833464269,0E-26,0,0,0,0,0,159.9999955296971403871248504,179.9999950482215767920501850,179.9999950482215767920501850,179.9999950482215767920501850,0,False,179.9999950482215767920501850,179.9999950482215767920501850,False,179.9999950482215767920501850,0.0,4.8147556359507466535E-7,0,0,99.99999782669840527879020769,79.99999782669840527879020769,47.99999869601904316727412462,31.99999913067936211151608307,47.99999869601904316727412462,31.99999913067936211151608307,79.99999807409774561970133863,0,0,0,79.99999807409774561970133863,1.000000000000000000000000000,0E-37,0.079999999425749667288911903,0.0,0.0,0.0,0.0,0.0,0.0,0.0,0.0,0,0,0,2,6.65600000000,0.0,0.0,39.99999885149936755416732110,0.0,0.0,0.0,0.0,0.0,0,0,5E-25,0,0,0,0,0,0,0,0E-15,0E-15,0,0,0,0,0,0,0,0,0.0,0,0,0,0,0,0,0,0,0,0,0,0,0,0,0,0,0,0,0,0,0,0,0,False,0,0,0,0,0,0,0,0,0,0,0,0,0,0,0,0,0,0,0E-26,0E-27,0,0,0,0,0,0,False,0,0,0,0,0,0,0,0,0,0,0,0,0,0,0,0,0,0,0,0,0,0,0,0,0,0,0,0,0,0,0,0,0,0,0,0,0,0,0,0,2,0,0,79.99999770299873510833464219,0,0,0,79.99999770299873510833464219,6.65600000000,0.0,0.0,39.99999885149936755416732110,0,0,0,0,0,0,0,0,0,0,0,0,89.99999752411078839602509225,0E-26,0E-26,89.99999752411078839602509225,0,0,0,0,0,0,0.45,0,0,0,0,0,0,0,0,0,0,3240.000004470302859612875152,3240.000004470302859612875153,19.99999951852443640492533465,0.0,0.0,0.0,yield_seeking,0.1578947368421052631578947368,0.1578947368421052429683967440,-0.0004736842105263157289051902320,0,0,0,0,0,0,0,0,0,0,0,0,0,0,0,0,0,0,0,0,0,0,0,0,0,0,0,0,0,0,0,0,0,0,0,0,0,0,0.0,0.0,0.0,0.0,0.0,0.0,0.0,0.0,0.0,0.0,0.0,0.0,0,0,0,0,0,0,0,0,0,0,0,0,0,0,0,0,0,0,0,0,0,0,0,0,0,0,0,0,0,0,0,0,0,0,0,0E-26,0E-26,2,2,0,0,0,0,1,1,0E-26,0E-26,0,0,1,1,0E-26,0E-26,0,0,0,0,0,0,0,0,0,0,0,0,0,0,0,0,0,0,0,0,0,0,2,2,0,0,2,0,0,0,0,0,0,0,0,0,0,50.0,0.0,50.0,50.0,0.0,50.0,0,0,0,0,0,0,0.0,0.0,0.0
